[{"title": [{"neg": 0.159, "neu": 0.841, "pos": 0.0, "compound": -0.6249}, "Why Weak College Guys Have Megyn Worried About the Future of Mankind: \u201cWho are the young, college girls going to sleep with? Because they\u2019ve run out of real men.\u201d"], "description": [{"neg": 0.0, "neu": 0.0, "pos": 0.0, "compound": 0.0}, ""], "comment_sentiment": [{"neg": 0.0, "neu": 1.0, "pos": 0.0, "compound": 0.0}, "life pro tip, never listen to anybody who tries to decide what makes a \"real man\""]}, {"title": [{"neg": 0.159, "neu": 0.841, "pos": 0.0, "compound": -0.6249}, "Why Weak College Guys Have Megyn Worried About the Future of Mankind: \u201cWho are the young, college girls going to sleep with? Because they\u2019ve run out of real men.\u201d"], "description": [{"neg": 0.0, "neu": 0.0, "pos": 0.0, "compound": 0.0}, ""], "comment_sentiment": [{"neg": 0.151, "neu": 0.755, "pos": 0.094, "compound": -0.2263}, "I have degrees and 5 combat tours.  Education and masculinity don't need to be mutually exclusive."]}, {"title": [{"neg": 0.159, "neu": 0.841, "pos": 0.0, "compound": -0.6249}, "Why Weak College Guys Have Megyn Worried About the Future of Mankind: \u201cWho are the young, college girls going to sleep with? Because they\u2019ve run out of real men.\u201d"], "description": [{"neg": 0.0, "neu": 0.0, "pos": 0.0, "compound": 0.0}, ""], "comment_sentiment": [{"neg": 0.0, "neu": 1.0, "pos": 0.0, "compound": 0.0}, "Real men have alao run out of real women."]}, {"title": [{"neg": 0.159, "neu": 0.841, "pos": 0.0, "compound": -0.6249}, "Why Weak College Guys Have Megyn Worried About the Future of Mankind: \u201cWho are the young, college girls going to sleep with? Because they\u2019ve run out of real men.\u201d"], "description": [{"neg": 0.0, "neu": 0.0, "pos": 0.0, "compound": 0.0}, ""], "comment_sentiment": [{"neg": 0.177, "neu": 0.621, "pos": 0.202, "compound": 0.3565}, "Lmao, has she seen college girls these days? No wonder the guys don't want them."]}, {"title": [{"neg": 0.159, "neu": 0.841, "pos": 0.0, "compound": -0.6249}, "Why Weak College Guys Have Megyn Worried About the Future of Mankind: \u201cWho are the young, college girls going to sleep with? Because they\u2019ve run out of real men.\u201d"], "description": [{"neg": 0.0, "neu": 0.0, "pos": 0.0, "compound": 0.0}, ""], "comment_sentiment": [{"neg": 0.128, "neu": 0.8, "pos": 0.072, "compound": -0.34}, "Uh, the new \"Conservative\" fear is that 19 year old girls won't have enough college guys to have casual sex with? Okay..."]}, {"title": [{"neg": 0.351, "neu": 0.649, "pos": 0.0, "compound": -0.4019}, "Antisemitism Goes Hand-in-Hand With Societal Decay"], "description": [{"neg": 0.0, "neu": 0.0, "pos": 0.0, "compound": 0.0}, ""], "comment_sentiment": [{"neg": 0.282, "neu": 0.718, "pos": 0.0, "compound": -0.7076}, "I would say having a completely corrupted government who hates their own citizens does a lot more to decay society.\u00a0"]}, {"title": [{"neg": 0.237, "neu": 0.37, "pos": 0.393, "compound": 0.2732}, "Damage Control: Now Biden Wishes Christians a Happy Easter"], "description": [{"neg": 0.0, "neu": 0.0, "pos": 0.0, "compound": 0.0}, ""], "comment_sentiment": [{"neg": 0.076, "neu": 0.924, "pos": 0.0, "compound": -0.3182}, "I can\u2019t remember if that was last year or two years ago when the Easter bunny had to redirect Biden because he got lost in front of the White House."]}, {"title": [{"neg": 0.237, "neu": 0.37, "pos": 0.393, "compound": 0.2732}, "Damage Control: Now Biden Wishes Christians a Happy Easter"], "description": [{"neg": 0.0, "neu": 0.0, "pos": 0.0, "compound": 0.0}, ""], "comment_sentiment": [{"neg": 0.0, "neu": 0.89, "pos": 0.11, "compound": 0.3818}, "Too late, asshole.  Christians received and understood your message, as intended, loud and clear, and we will be voting accordingly in November."]}, {"title": [{"neg": 0.237, "neu": 0.37, "pos": 0.393, "compound": 0.2732}, "Damage Control: Now Biden Wishes Christians a Happy Easter"], "description": [{"neg": 0.0, "neu": 0.0, "pos": 0.0, "compound": 0.0}, ""], "comment_sentiment": [{"neg": 0.087, "neu": 0.913, "pos": 0.0, "compound": -0.296}, "With a bunny. Meanwhile, the Whitehouse has told the kids making designs for the Easter Egg Roll that no religious symbols or words are allowed."]}, {"title": [{"neg": 0.237, "neu": 0.37, "pos": 0.393, "compound": 0.2732}, "Damage Control: Now Biden Wishes Christians a Happy Easter"], "description": [{"neg": 0.0, "neu": 0.0, "pos": 0.0, "compound": 0.0}, ""], "comment_sentiment": [{"neg": 0.452, "neu": 0.548, "pos": 0.0, "compound": -0.5106}, "The resident is a sick POS"]}, {"title": [{"neg": 0.237, "neu": 0.37, "pos": 0.393, "compound": 0.2732}, "Damage Control: Now Biden Wishes Christians a Happy Easter"], "description": [{"neg": 0.0, "neu": 0.0, "pos": 0.0, "compound": 0.0}, ""], "comment_sentiment": [{"neg": 0.0, "neu": 1.0, "pos": 0.0, "compound": 0.0}, "**Shit stain back pedaling as fast as he can**"]}, {"title": [{"neg": 0.0, "neu": 1.0, "pos": 0.0, "compound": 0.0}, "3 months and 28 days: Leftist events clog calendar as White House faces backlash over Easter announcement"], "description": [{"neg": 0.0, "neu": 0.0, "pos": 0.0, "compound": 0.0}, ""], "comment_sentiment": [{"neg": 0.0, "neu": 1.0, "pos": 0.0, "compound": 0.0}, "He deserves it."]}, {"title": [{"neg": 0.0, "neu": 1.0, "pos": 0.0, "compound": 0.0}, "Who is burning books now, left?"], "description": [{"neg": 0.0, "neu": 0.0, "pos": 0.0, "compound": 0.0}, ""], "comment_sentiment": [{"neg": 0.156, "neu": 0.784, "pos": 0.06, "compound": -0.5661}, "Tired of reporting this thread?  [Debate us on discord instead.](https://discord.com/invite/conservative)\n\n*I am a bot, and this action was performed automatically. Please [contact the moderators of this subreddit](/message/compose/?to=/r/Conservative) if you have any questions or concerns.*"]}, {"title": [{"neg": 0.0, "neu": 1.0, "pos": 0.0, "compound": 0.0}, "Who is burning books now, left?"], "description": [{"neg": 0.0, "neu": 0.0, "pos": 0.0, "compound": 0.0}, ""], "comment_sentiment": [{"neg": 0.081, "neu": 0.866, "pos": 0.053, "compound": -0.3644}, "I am going to council caution on this story.    There is a lot of local scuttlebutt and some circumstantial evidence that a certain local \"firebrand\" pastor may be behind this to generate attention for his own cause.   There have been other vandalism incidents where conveniently that day was the only day none of his security cameras were  working.      \n\n\nWhile there is an obvious attack on Christianity happening these days, I am not convinced this particular one is genuine.   I will wait for more facts.\n\nI recommend the same for you."]}, {"title": [{"neg": 0.0, "neu": 1.0, "pos": 0.0, "compound": 0.0}, "Who is burning books now, left?"], "description": [{"neg": 0.0, "neu": 0.0, "pos": 0.0, "compound": 0.0}, ""], "comment_sentiment": [{"neg": 0.0, "neu": 1.0, "pos": 0.0, "compound": 0.0}, "Why is there a trailer full of bibles?  Truck, van, covered trailer makes more sense."]}, {"title": [{"neg": 0.0, "neu": 1.0, "pos": 0.0, "compound": 0.0}, "Archbishop Carlo Maria Vigan\u00f2 calls for the excommunication of Joe Biden from the Catholic Church after Biden Proclaimed Easter Sunday Transgender Visibility Day."], "description": [{"neg": 0.0, "neu": 0.0, "pos": 0.0, "compound": 0.0}, ""], "comment_sentiment": [{"neg": 0.239, "neu": 0.761, "pos": 0.0, "compound": -0.296}, "Do it; stop talking about it. Ex-communicate him."]}, {"title": [{"neg": 0.247, "neu": 0.619, "pos": 0.134, "compound": -0.2732}, "CNBC: Voters Want Trump to Combat Runaway Inflation"], "description": [{"neg": 0.0, "neu": 0.0, "pos": 0.0, "compound": 0.0}, ""], "comment_sentiment": [{"neg": 0.0, "neu": 1.0, "pos": 0.0, "compound": 0.0}, "I think this is the main issue drawing independents and swing voters to Trump."]}, {"title": [{"neg": 0.247, "neu": 0.619, "pos": 0.134, "compound": -0.2732}, "CNBC: Voters Want Trump to Combat Runaway Inflation"], "description": [{"neg": 0.0, "neu": 0.0, "pos": 0.0, "compound": 0.0}, ""], "comment_sentiment": [{"neg": 0.0, "neu": 1.0, "pos": 0.0, "compound": 0.0}, "Unlike Biden, the Donald understands basic math, economics AND he\u2019s financially literate. Find me one Dem who can say the same on any of those, I\u2019ll wait.\n\n**Bidenomics** lolol"]}, {"title": [{"neg": 0.144, "neu": 0.758, "pos": 0.098, "compound": -0.1531}, "Forget Mike Johnson: Why would ANY Republican want to be House speaker?"], "description": [{"neg": 0.0, "neu": 0.0, "pos": 0.0, "compound": 0.0}, ""], "comment_sentiment": [{"neg": 0.125, "neu": 0.678, "pos": 0.196, "compound": 0.5859}, "I'm just as enthusiastic about swamp-draining as the next conservative....but Rome wasn't built in a day....and the dysfunction on the Republican side of the House is becoming increasingly glaring. A half dozen arch-conservatives with an implacable hostility to virtually *any* legislative agenda save their own narrow vision might just help derail our election prospects in November."]}, {"title": [{"neg": 0.144, "neu": 0.758, "pos": 0.098, "compound": -0.1531}, "Forget Mike Johnson: Why would ANY Republican want to be House speaker?"], "description": [{"neg": 0.0, "neu": 0.0, "pos": 0.0, "compound": 0.0}, ""], "comment_sentiment": [{"neg": 0.0, "neu": 0.933, "pos": 0.067, "compound": 0.0762}, "Can't be that hard if you at least try to not sell out the people who put you there...\u00a0"]}, {"title": [{"neg": 0.144, "neu": 0.758, "pos": 0.098, "compound": -0.1531}, "Forget Mike Johnson: Why would ANY Republican want to be House speaker?"], "description": [{"neg": 0.0, "neu": 0.0, "pos": 0.0, "compound": 0.0}, ""], "comment_sentiment": [{"neg": 0.0, "neu": 1.0, "pos": 0.0, "compound": 0.0}, "So you too can get impeached by mostly democrats voting with a few disgruntled republicans!\n\nOh wait..."]}, {"title": [{"neg": 0.144, "neu": 0.758, "pos": 0.098, "compound": -0.1531}, "Forget Mike Johnson: Why would ANY Republican want to be House speaker?"], "description": [{"neg": 0.0, "neu": 0.0, "pos": 0.0, "compound": 0.0}, ""], "comment_sentiment": [{"neg": 0.079, "neu": 0.736, "pos": 0.185, "compound": 0.6369}, "If they had an ounce of patriotism or service to their country. Anyone in the Freedom Caucus would be proud to serve.\n\nLet the shills cry and give it to us then."]}, {"title": [{"neg": 0.0, "neu": 0.84, "pos": 0.16, "compound": 0.2732}, "\u2018It\u2019s All Propaganda\u2019: GOP Senator Says Trump\u2019s VP Pick Will Be A Surprise"], "description": [{"neg": 0.0, "neu": 1.0, "pos": 0.0, "compound": 0.0}, "[deleted]"], "comment_sentiment": [{"neg": 0.0, "neu": 1.0, "pos": 0.0, "compound": 0.0}, "I\u2019ve said for a long time it\u2019s going to be a dark horse candidate. The majority of people had never even heard of or seen Mike pence before he was selected. That was strategic and we\u2019re going to see it happen again."]}, {"title": [{"neg": 0.0, "neu": 0.84, "pos": 0.16, "compound": 0.2732}, "\u2018It\u2019s All Propaganda\u2019: GOP Senator Says Trump\u2019s VP Pick Will Be A Surprise"], "description": [{"neg": 0.0, "neu": 1.0, "pos": 0.0, "compound": 0.0}, "[deleted]"], "comment_sentiment": [{"neg": 0.0, "neu": 1.0, "pos": 0.0, "compound": 0.0}, "He'll name Eric Trump to be VP."]}, {"title": [{"neg": 0.0, "neu": 0.84, "pos": 0.16, "compound": 0.2732}, "\u2018It\u2019s All Propaganda\u2019: GOP Senator Says Trump\u2019s VP Pick Will Be A Surprise"], "description": [{"neg": 0.0, "neu": 1.0, "pos": 0.0, "compound": 0.0}, "[deleted]"], "comment_sentiment": [{"neg": 0.375, "neu": 0.625, "pos": 0.0, "compound": -0.34}, "Wingnut for VP?  Crazy times\u2026"]}, {"title": [{"neg": 0.0, "neu": 0.851, "pos": 0.149, "compound": 0.2732}, "Trump PAC Creates 'Biden-Mart' Grocery Store, Shows You Mind-Blowing Price Hikes Since 2021"], "description": [{"neg": 0.0, "neu": 0.0, "pos": 0.0, "compound": 0.0}, ""], "comment_sentiment": [{"neg": 0.0, "neu": 1.0, "pos": 0.0, "compound": 0.0}, "But I thought inflation was transitory\u2026."]}, {"title": [{"neg": 0.0, "neu": 0.851, "pos": 0.149, "compound": 0.2732}, "Trump PAC Creates 'Biden-Mart' Grocery Store, Shows You Mind-Blowing Price Hikes Since 2021"], "description": [{"neg": 0.0, "neu": 0.0, "pos": 0.0, "compound": 0.0}, ""], "comment_sentiment": [{"neg": 0.0, "neu": 1.0, "pos": 0.0, "compound": 0.0}, "[removed]"]}, {"title": [{"neg": 0.301, "neu": 0.699, "pos": 0.0, "compound": -0.5106}, "Pro-Palestinian protesters interrupt Easter Vigil service at St. Patrick's Cathedral in NYC"], "description": [{"neg": 0.0, "neu": 0.0, "pos": 0.0, "compound": 0.0}, ""], "comment_sentiment": [{"neg": 0.0, "neu": 1.0, "pos": 0.0, "compound": 0.0}, "\u266b Try that in a small synagogue \u266a\u266b\u266c"]}, {"title": [{"neg": 0.347, "neu": 0.653, "pos": 0.0, "compound": -0.9432}, "The man who caused the 2008 financial collapse that hurt millions of Americans is given a $10 million bond, while the man that had ZERO victims and hurt no one was given a $455 million bind. It makes no sense!"], "description": [{"neg": 0.0, "neu": 0.0, "pos": 0.0, "compound": 0.0}, ""], "comment_sentiment": [{"neg": 0.156, "neu": 0.784, "pos": 0.06, "compound": -0.5661}, "Tired of reporting this thread?  [Debate us on discord instead.](https://discord.com/invite/conservative)\n\n*I am a bot, and this action was performed automatically. Please [contact the moderators of this subreddit](/message/compose/?to=/r/Conservative) if you have any questions or concerns.*"]}, {"title": [{"neg": 0.347, "neu": 0.653, "pos": 0.0, "compound": -0.9432}, "The man who caused the 2008 financial collapse that hurt millions of Americans is given a $10 million bond, while the man that had ZERO victims and hurt no one was given a $455 million bind. It makes no sense!"], "description": [{"neg": 0.0, "neu": 0.0, "pos": 0.0, "compound": 0.0}, ""], "comment_sentiment": [{"neg": 0.159, "neu": 0.841, "pos": 0.0, "compound": -0.5187}, "Madoff didn't cause the financial collapse. He was the biggest fraudster in history, probably, but that scheme didn't move the needle on the worldwide economy."]}, {"title": [{"neg": 0.347, "neu": 0.653, "pos": 0.0, "compound": -0.9432}, "The man who caused the 2008 financial collapse that hurt millions of Americans is given a $10 million bond, while the man that had ZERO victims and hurt no one was given a $455 million bind. It makes no sense!"], "description": [{"neg": 0.0, "neu": 0.0, "pos": 0.0, "compound": 0.0}, ""], "comment_sentiment": [{"neg": 0.407, "neu": 0.593, "pos": 0.0, "compound": -0.6705}, "Bernie Madoff didn\u2019t cause the 08 collapse, greedy banks did."]}, {"title": [{"neg": 0.347, "neu": 0.653, "pos": 0.0, "compound": -0.9432}, "The man who caused the 2008 financial collapse that hurt millions of Americans is given a $10 million bond, while the man that had ZERO victims and hurt no one was given a $455 million bind. It makes no sense!"], "description": [{"neg": 0.0, "neu": 0.0, "pos": 0.0, "compound": 0.0}, ""], "comment_sentiment": [{"neg": 0.344, "neu": 0.43, "pos": 0.226, "compound": -0.2732}, "Well, I think I Madoff was a federal prosecution."]}, {"title": [{"neg": 0.347, "neu": 0.653, "pos": 0.0, "compound": -0.9432}, "The man who caused the 2008 financial collapse that hurt millions of Americans is given a $10 million bond, while the man that had ZERO victims and hurt no one was given a $455 million bind. It makes no sense!"], "description": [{"neg": 0.0, "neu": 0.0, "pos": 0.0, "compound": 0.0}, ""], "comment_sentiment": [{"neg": 0.058, "neu": 0.779, "pos": 0.163, "compound": 0.7003}, "Good lord is this a lot of incorrect information in one post. Do better, OP. \n\nBernie Madoff (who, I always enjoy mentioning, was a prolific democratic donor) had nothing to do with the financial collapse. Also, release bail and an appeal bond against a judgement are not remotely the same thing."]}, {"title": [{"neg": 0.0, "neu": 1.0, "pos": 0.0, "compound": 0.0}, "Who Put Marjorie Taylor Greene In Charge?"], "description": [{"neg": 0.0, "neu": 0.0, "pos": 0.0, "compound": 0.0}, ""], "comment_sentiment": [{"neg": 0.0, "neu": 1.0, "pos": 0.0, "compound": 0.0}, "Leadership is a rare thing among Congress these days"]}, {"title": [{"neg": 0.0, "neu": 1.0, "pos": 0.0, "compound": 0.0}, "Who Put Marjorie Taylor Greene In Charge?"], "description": [{"neg": 0.0, "neu": 0.0, "pos": 0.0, "compound": 0.0}, ""], "comment_sentiment": [{"neg": 0.0, "neu": 1.0, "pos": 0.0, "compound": 0.0}, "Her constituents then House leadership."]}, {"title": [{"neg": 0.0, "neu": 1.0, "pos": 0.0, "compound": 0.0}, "Who Put Marjorie Taylor Greene In Charge?"], "description": [{"neg": 0.0, "neu": 0.0, "pos": 0.0, "compound": 0.0}, ""], "comment_sentiment": [{"neg": 0.24, "neu": 0.691, "pos": 0.069, "compound": -0.6908}, "She is another fan of fake it till you make it, only problem is no one else is stepping up  point out how to do it right."]}, {"title": [{"neg": 0.0, "neu": 1.0, "pos": 0.0, "compound": 0.0}, "Who Put Marjorie Taylor Greene In Charge?"], "description": [{"neg": 0.0, "neu": 0.0, "pos": 0.0, "compound": 0.0}, ""], "comment_sentiment": [{"neg": 0.0, "neu": 1.0, "pos": 0.0, "compound": 0.0}, "Conservatives"]}, {"title": [{"neg": 0.0, "neu": 1.0, "pos": 0.0, "compound": 0.0}, "Who Put Marjorie Taylor Greene In Charge?"], "description": [{"neg": 0.0, "neu": 0.0, "pos": 0.0, "compound": 0.0}, ""], "comment_sentiment": [{"neg": 0.0, "neu": 1.0, "pos": 0.0, "compound": 0.0}, "She is the \"leader\" the maga deserve."]}, {"title": [{"neg": 0.246, "neu": 0.581, "pos": 0.172, "compound": -0.3978}, "\u201cI\u2019m tired of deleting death threats\u201d: Claudia Sahm on the inconvenient truth about America\u2019s economy - Americans have never had it so good, but they refuse to admit it"], "description": [{"neg": 0.0, "neu": 0.0, "pos": 0.0, "compound": 0.0}, ""], "comment_sentiment": [{"neg": 0.0, "neu": 1.0, "pos": 0.0, "compound": 0.0}, "So she is saying we are gaslighting ourselves?"]}, {"title": [{"neg": 0.246, "neu": 0.581, "pos": 0.172, "compound": -0.3978}, "\u201cI\u2019m tired of deleting death threats\u201d: Claudia Sahm on the inconvenient truth about America\u2019s economy - Americans have never had it so good, but they refuse to admit it"], "description": [{"neg": 0.0, "neu": 0.0, "pos": 0.0, "compound": 0.0}, ""], "comment_sentiment": [{"neg": 0.0, "neu": 0.883, "pos": 0.117, "compound": 0.6249}, "Two years ago I paid $5 to $7 for a rib steak. Today a rib steak costs about $12 to $28.\n\nI have to ration gas. \n\nCan't afford to eat out.\n\nI was doing great under Trump."]}, {"title": [{"neg": 0.246, "neu": 0.581, "pos": 0.172, "compound": -0.3978}, "\u201cI\u2019m tired of deleting death threats\u201d: Claudia Sahm on the inconvenient truth about America\u2019s economy - Americans have never had it so good, but they refuse to admit it"], "description": [{"neg": 0.0, "neu": 0.0, "pos": 0.0, "compound": 0.0}, ""], "comment_sentiment": [{"neg": 0.0, "neu": 0.672, "pos": 0.328, "compound": 0.7795}, "I just paid $18 for a hamburger, fries, cup of chili, and a drink. Doesn't feel so good lol."]}, {"title": [{"neg": 0.285, "neu": 0.506, "pos": 0.209, "compound": -0.0516}, "Protesters screaming 'Free Palestine' ambush Easter Vigil at St Patrick's Cathedral"], "description": [{"neg": 0.0, "neu": 0.0, "pos": 0.0, "compound": 0.0}, ""], "comment_sentiment": [{"neg": 0.279, "neu": 0.721, "pos": 0.0, "compound": -0.4767}, "Someone is going to end up with a broken nose."]}, {"title": [{"neg": 0.0, "neu": 1.0, "pos": 0.0, "compound": 0.0}, "I'll keep it."], "description": [{"neg": 0.0, "neu": 0.0, "pos": 0.0, "compound": 0.0}, ""], "comment_sentiment": [{"neg": 0.0, "neu": 0.593, "pos": 0.407, "compound": 0.9371}, "This is great and all but we should focus on keeping this a sub dedicated to discussion about conservative politics and their importance to American Liberty."]}, {"title": [{"neg": 0.0, "neu": 1.0, "pos": 0.0, "compound": 0.0}, "Where is tha MONEY\ud83e\udd23\ud83e\udd23\ud83e\udd23 ???"], "description": [{"neg": 0.0, "neu": 0.0, "pos": 0.0, "compound": 0.0}, ""], "comment_sentiment": [{"neg": 0.0, "neu": 1.0, "pos": 0.0, "compound": 0.0}, "Why is this a gif?"]}, {"title": [{"neg": 0.0, "neu": 1.0, "pos": 0.0, "compound": 0.0}, "Where is tha MONEY\ud83e\udd23\ud83e\udd23\ud83e\udd23 ???"], "description": [{"neg": 0.0, "neu": 0.0, "pos": 0.0, "compound": 0.0}, ""], "comment_sentiment": [{"neg": 0.0, "neu": 1.0, "pos": 0.0, "compound": 0.0}, "Didn't he also give out a stimulus package as President during Covid? Everyone dubbed them Biden Bucks?"]}, {"title": [{"neg": 0.0, "neu": 1.0, "pos": 0.0, "compound": 0.0}, "Where is tha MONEY\ud83e\udd23\ud83e\udd23\ud83e\udd23 ???"], "description": [{"neg": 0.0, "neu": 0.0, "pos": 0.0, "compound": 0.0}, ""], "comment_sentiment": [{"neg": 0.099, "neu": 0.682, "pos": 0.219, "compound": 0.3626}, "Bud, congressional republicans block him giving money to Americans. The only thing our politicians agree on is that we are less important than Ukrainians."]}, {"title": [{"neg": 0.0, "neu": 1.0, "pos": 0.0, "compound": 0.0}, "Statement from President Joe Biden on Easter"], "description": [{"neg": 0.0, "neu": 0.0, "pos": 0.0, "compound": 0.0}, ""], "comment_sentiment": [{"neg": 0.0, "neu": 0.78, "pos": 0.22, "compound": 0.5859}, "Making sure this was overshadowed by the trans visibility statement so we know the order of importance to them."]}, {"title": [{"neg": 0.0, "neu": 1.0, "pos": 0.0, "compound": 0.0}, "Statement from President Joe Biden on Easter"], "description": [{"neg": 0.0, "neu": 0.0, "pos": 0.0, "compound": 0.0}, ""], "comment_sentiment": [{"neg": 0.0, "neu": 0.628, "pos": 0.372, "compound": 0.8074}, "Good for him for saying at least this much.  Hopefully it was sincere and from his heart."]}, {"title": [{"neg": 0.313, "neu": 0.486, "pos": 0.201, "compound": -0.5719}, "Fury as FDNY firefighters are forced to remove Stars and Stripes honoring 9/11 heroes after Democrat lawmaker branded it a 'fascist symbol'"], "description": [{"neg": 0.0, "neu": 0.0, "pos": 0.0, "compound": 0.0}, ""], "comment_sentiment": [{"neg": 0.142, "neu": 0.784, "pos": 0.075, "compound": -0.8979}, "So, per the article, some rando complains to the city council about the flag. A staffer for a city council person then reached out to the fire department and asked if that breaks any rules (which is what they should do). When it turns out that it does break *a fire department* ban on *any* modified American flag, they\u2019re told to take it down. In the end, the ban is lifted and the flag stays. \n\nSeems like everyone did their job right here? Doesn\u2019t matter where you are on the political spectrum, someone is gonna be a pissed about something and this time it actually went through the steps and was resolved. \n\nAlso that headline is pretty disingenuous."]}, {"title": [{"neg": 0.313, "neu": 0.486, "pos": 0.201, "compound": -0.5719}, "Fury as FDNY firefighters are forced to remove Stars and Stripes honoring 9/11 heroes after Democrat lawmaker branded it a 'fascist symbol'"], "description": [{"neg": 0.0, "neu": 0.0, "pos": 0.0, "compound": 0.0}, ""], "comment_sentiment": [{"neg": 0.219, "neu": 0.629, "pos": 0.153, "compound": -0.296}, "It\u2019s interesting that no one seems to even know that desecrating the US flag is illegal and disrespectful. But the Russian bots like to start crap."]}, {"title": [{"neg": 0.248, "neu": 0.571, "pos": 0.181, "compound": -0.1779}, "Kennedy Eyes Libertarian Lifeline in Ballot Battle Bonanza"], "description": [{"neg": 0.096, "neu": 0.774, "pos": 0.131, "compound": 0.6591}, "As someone who considers himself a libertarian conservative, I\u2019m not sure what benefit the libertarian party sees ( other than using RFK as a place holder since it doesn\u2019t have its own candidate this year) in giving it\u2019s election spot to a candidate who has just chosen an extreme Leftist who is opposed to almost everything true libertarians stand for!??\n\nThis makes little sense.\n\nAs a libertarian\u2026I will never support a ticket with a hard core leftist on it!!\n\nThese almost guarantees that RFK pulls a LOT more votes from Biden than Trump."], "comment_sentiment": [{"neg": 0.143, "neu": 0.857, "pos": 0.0, "compound": -0.1695}, "RFK is not right-leaning or libertarian at all\u2026 what on earth?"]}, {"title": [{"neg": 0.248, "neu": 0.571, "pos": 0.181, "compound": -0.1779}, "Kennedy Eyes Libertarian Lifeline in Ballot Battle Bonanza"], "description": [{"neg": 0.096, "neu": 0.774, "pos": 0.131, "compound": 0.6591}, "As someone who considers himself a libertarian conservative, I\u2019m not sure what benefit the libertarian party sees ( other than using RFK as a place holder since it doesn\u2019t have its own candidate this year) in giving it\u2019s election spot to a candidate who has just chosen an extreme Leftist who is opposed to almost everything true libertarians stand for!??\n\nThis makes little sense.\n\nAs a libertarian\u2026I will never support a ticket with a hard core leftist on it!!\n\nThese almost guarantees that RFK pulls a LOT more votes from Biden than Trump."], "comment_sentiment": [{"neg": 0.024, "neu": 0.803, "pos": 0.173, "compound": 0.971}, "His VP pick was the obvious attempt to attract more left wing voters and/or repel more right, while the libertarian party is less of a sure thing and seems more a means of getting more support since he may struggle to end up on enough ballots otherwise.\n\nLibertarians are quite repulsive to pro welfare state economically left, but they have some appeal to socially liberal left and certain single issue voters like the pro gun and/or legal weed crowds.\n\nAt the same time, they appeal to the economically right who aren't socially conservative. But... Trump himself fits that bill to an extent. He is not remotely plausible as a compassionate/Christian social conservative, and his foreign policy leans isolationist as is often preferred by libertarians.\n\nI'm not sure how many of each type there are and to what extent they lean dem/rep this election, but we'd need some sense of that to judge how this influence the votes RFK pulls.\n\nGenerally it seems like third parties tend to favor Republicans by pulling from democrats, but it's harder to say with libertarians specifically."]}, {"title": [{"neg": 0.433, "neu": 0.567, "pos": 0.0, "compound": -0.7269}, "Navy makes shocking aircraft carrier decision while China threat rises"], "description": [{"neg": 0.0, "neu": 0.0, "pos": 0.0, "compound": 0.0}, ""], "comment_sentiment": [{"neg": 0.061, "neu": 0.853, "pos": 0.086, "compound": 0.9077}, "This author leaves out a lot of vital context.  \n\nI am a big proponent of keeping our military fully funded and I think it's a mistake to delay production of the new carriers.  The works is a far more stable and safer place when the United states has a military of overwhelming capabilities.  We want our military to be stronger and more advanced than all of our adversaries combined. \n\nThat said the context that's missing in this article is\n1. these 2 new carriers were slated to replace carriers that are still in service and still far more powerful and advanced than anything China (or anyone else)  has. \n\n2. The carriers China has are not true carriers.  They are what is called jump carriers, sometimes referred to as mini carriers. They are much shorter in design and their flight deck is built with a sloped ramp to get aircraft air borne. Because of these design differences they only hold a small portion of the aircraft.  I believe it is 17 combat fighters. In comparison our old carriers that are slated to be replaced hold 90. The new ford class holds 137. 1 of our old ones equals over 4 of theirs in capability without even considering how much more technologically advanced or farther and fighter craft are. The f22 is virtually invisible on radar with a cross section of less than .0001/square meters.  That's smaller than a bubble bee. They can not be shot down with guided munitions.  Line of sight spray and pray is their only risk.   The fuijan will be China first true carrier and while that is a threat to be taken seriously, they don't have the anything comparably to the f22 to stick on it. It's going to be armed with technologically outdated fighters.  \n\n3. In contrast to China, the United states currently has 11 true fleet carriers. 10 Nimitz class and 1 ford class. And not just the carriers, but entire carrier strike groups comprised of over a dozen war ships and several dozen support ships. In addition to the fleet carter's we have an additional 10+ light carriers. \n\nIn conclusion, while on the surface it is concerning to see China investing to expand their military capabilities while we show down our plans to update our fleet, we don't need to freak out.  The difference between the militaries is like comparing a random high school jv team to the Dallas cowboys of the early 90s, 49ers of the 80s our patriots of the 2000s.  China's new carriers start to close the gap, but the gap is still the size of the grand canyon."]}, {"title": [{"neg": 0.433, "neu": 0.567, "pos": 0.0, "compound": -0.7269}, "Navy makes shocking aircraft carrier decision while China threat rises"], "description": [{"neg": 0.0, "neu": 0.0, "pos": 0.0, "compound": 0.0}, ""], "comment_sentiment": [{"neg": 0.0, "neu": 1.0, "pos": 0.0, "compound": 0.0}, "Woman who spent entire career in military industrial complex wants more $15,000,000,000 ships. News at 11."]}, {"title": [{"neg": 0.0, "neu": 1.0, "pos": 0.0, "compound": 0.0}, "House Republican suggests US should nuke Gaza in resurfaced clip: \u2018Get it over quick\u2019"], "description": [{"neg": 0.0, "neu": 0.0, "pos": 0.0, "compound": 0.0}, ""], "comment_sentiment": [{"neg": 0.108, "neu": 0.852, "pos": 0.039, "compound": -0.6562}, "Make of this what you will: \u201cWe shouldn\u2019t be spending a dime on humanitarian aid. It should be like Nagasaki and Hiroshima. Get it over quick.\u201d\n\nNot the best idea to use two cities we nuked as a metaphor. Even if he didn\u2019t mean using a nuke, the optics of using two cities we *did* nuke in a metaphor is bad."]}, {"title": [{"neg": 0.0, "neu": 1.0, "pos": 0.0, "compound": 0.0}, "House Republican suggests US should nuke Gaza in resurfaced clip: \u2018Get it over quick\u2019"], "description": [{"neg": 0.0, "neu": 0.0, "pos": 0.0, "compound": 0.0}, ""], "comment_sentiment": [{"neg": 0.07, "neu": 0.866, "pos": 0.064, "compound": -0.2617}, "I mean the entire region won\u2019t take in Palestinian refugees for a reason. And they\u2019re all Muslim Arab countries. \n\nHe doesn\u2019t explicitly call for nuking them. In the article he clarifies what he meant was resolving the conflict as expeditiously as possible militarily. A metaphor.\n\nIdk you can either accept he meant what he says he meant or continue to believe what those words mean to you.\n\n*\u201cAs a child who grew up in the Cold War Era, the last thing I\u2019d advocate for would be the use of nuclear weapons. In a shortened clip, I used a metaphor to convey the need for both Israel and Ukraine to win their wars as swiftly as possible, without putting American troops in harm\u2019s way,\u201d the statement read.*\n\n*\u201cMy reasoning was the exact opposite of what is being reported: the quicker these wars end, the fewer innocent lives will be caught in the crossfire. The sooner Hamas and Russia surrender, the easier it will be to move forward. The use of this metaphor, along with the removal of context, distorted my message, but I fully stand by these beliefs and stand by our allies.\u201d*"]}, {"title": [{"neg": 0.0, "neu": 1.0, "pos": 0.0, "compound": 0.0}, "House Republican suggests US should nuke Gaza in resurfaced clip: \u2018Get it over quick\u2019"], "description": [{"neg": 0.0, "neu": 0.0, "pos": 0.0, "compound": 0.0}, ""], "comment_sentiment": [{"neg": 0.259, "neu": 0.741, "pos": 0.0, "compound": -0.4201}, "Russia surrender? You know this dude is fucking clueless."]}, {"title": [{"neg": 0.0, "neu": 1.0, "pos": 0.0, "compound": 0.0}, "House Republican suggests US should nuke Gaza in resurfaced clip: \u2018Get it over quick\u2019"], "description": [{"neg": 0.0, "neu": 0.0, "pos": 0.0, "compound": 0.0}, ""], "comment_sentiment": [{"neg": 0.287, "neu": 0.521, "pos": 0.192, "compound": -0.6399}, "Why is no one talking about detention centers? If the Israelis removed these civilians from the battlefield they could declare free fire zones and stop using the Vietnam handbook. It seems pretty clear to me that Bibi has no intention of winning this war quickly."]}, {"title": [{"neg": 0.214, "neu": 0.786, "pos": 0.0, "compound": -0.4588}, "$2 Million Law Suit for Police Using \u2018Excessive\u2019 Force in Jan. 6 Beating"], "description": [{"neg": 0.0, "neu": 0.0, "pos": 0.0, "compound": 0.0}, ""], "comment_sentiment": [{"neg": 0.155, "neu": 0.704, "pos": 0.141, "compound": -0.0516}, "Unless they get it outside of DC circuit, they have no chance."]}, {"title": [{"neg": 0.231, "neu": 0.769, "pos": 0.0, "compound": -0.5574}, "Biden Says His Next SCOTUS Nominee 'Will Be An Illegal Immigrant, I Mean Undocumented'"], "description": [{"neg": 0.0, "neu": 0.0, "pos": 0.0, "compound": 0.0}, ""], "comment_sentiment": [{"neg": 0.0, "neu": 1.0, "pos": 0.0, "compound": 0.0}, "This is satire\u2026"]}, {"title": [{"neg": 0.231, "neu": 0.769, "pos": 0.0, "compound": -0.5574}, "Biden Says His Next SCOTUS Nominee 'Will Be An Illegal Immigrant, I Mean Undocumented'"], "description": [{"neg": 0.0, "neu": 0.0, "pos": 0.0, "compound": 0.0}, ""], "comment_sentiment": [{"neg": 0.0, "neu": 0.566, "pos": 0.434, "compound": 0.5574}, "Oh thank God, I forgot it\u2019s April Fool\u2019s Day."]}, {"title": [{"neg": 0.231, "neu": 0.769, "pos": 0.0, "compound": -0.5574}, "Biden Says His Next SCOTUS Nominee 'Will Be An Illegal Immigrant, I Mean Undocumented'"], "description": [{"neg": 0.0, "neu": 0.0, "pos": 0.0, "compound": 0.0}, ""], "comment_sentiment": [{"neg": 0.0, "neu": 0.695, "pos": 0.305, "compound": 0.4717}, "Don't post bullshit, not even on April 1st."]}, {"title": [{"neg": 0.273, "neu": 0.727, "pos": 0.0, "compound": -0.4588}, "'SNL' mocks Donald Trump Bibles ahead of Easter Sunday"], "description": [{"neg": 0.0, "neu": 0.0, "pos": 0.0, "compound": 0.0}, ""], "comment_sentiment": [{"neg": 0.0, "neu": 0.763, "pos": 0.237, "compound": 0.7351}, "Everyone in the \"entertainment\"/media industry has to be praying that Trump wins so they can continue to coast using him for content."]}, {"title": [{"neg": 0.273, "neu": 0.727, "pos": 0.0, "compound": -0.4588}, "'SNL' mocks Donald Trump Bibles ahead of Easter Sunday"], "description": [{"neg": 0.0, "neu": 0.0, "pos": 0.0, "compound": 0.0}, ""], "comment_sentiment": [{"neg": 0.192, "neu": 0.688, "pos": 0.12, "compound": -0.25}, "They mock Trump for this, meanwhile ignore all the free material Joe and the hoe have been cranking out all this time."]}, {"title": [{"neg": 0.193, "neu": 0.807, "pos": 0.0, "compound": -0.4767}, "Mass deportation of migrants seen in Russia after concert attack. This is the way"], "description": [{"neg": 0.0, "neu": 0.0, "pos": 0.0, "compound": 0.0}, ""], "comment_sentiment": [{"neg": 0.136, "neu": 0.708, "pos": 0.156, "compound": 0.1764}, "Honestly, it\u2019s not a good time to be in Russia because they like to take their immigrants to arrest them and charge them with being spies and then trade them."]}, {"title": [{"neg": 0.193, "neu": 0.807, "pos": 0.0, "compound": -0.4767}, "Mass deportation of migrants seen in Russia after concert attack. This is the way"], "description": [{"neg": 0.0, "neu": 0.0, "pos": 0.0, "compound": 0.0}, ""], "comment_sentiment": [{"neg": 0.0, "neu": 1.0, "pos": 0.0, "compound": 0.0}, "And they will be headed this way."]}, {"title": [{"neg": 0.193, "neu": 0.807, "pos": 0.0, "compound": -0.4767}, "Mass deportation of migrants seen in Russia after concert attack. This is the way"], "description": [{"neg": 0.0, "neu": 0.0, "pos": 0.0, "compound": 0.0}, ""], "comment_sentiment": [{"neg": 0.074, "neu": 0.758, "pos": 0.168, "compound": 0.7351}, "In an absolute totalitarian state this is the way. Remember totalitarian is what a government wants but what the people must resist. Security is the responsibility of state, sure. The Russian sovereignty, like the American sovereignty, is not acting responsibly to the people. They\u2019re just acting irresponsibly differently."]}, {"title": [{"neg": 0.193, "neu": 0.807, "pos": 0.0, "compound": -0.4767}, "Mass deportation of migrants seen in Russia after concert attack. This is the way"], "description": [{"neg": 0.0, "neu": 0.0, "pos": 0.0, "compound": 0.0}, ""], "comment_sentiment": [{"neg": 0.0, "neu": 1.0, "pos": 0.0, "compound": 0.0}, "Let's not use Russia as an example to look up to."]}, {"title": [{"neg": 0.0, "neu": 1.0, "pos": 0.0, "compound": 0.0}, "Harvard applications plummet in potential harbinger for other schools"], "description": [{"neg": 0.0, "neu": 0.0, "pos": 0.0, "compound": 0.0}, ""], "comment_sentiment": [{"neg": 0.074, "neu": 0.896, "pos": 0.031, "compound": -0.4939}, "&gt;While Harvard had nearly 57,000 applicants for the class of 2027, applications declined more than 5% to about 54,000 for the incoming class of 2028. \n\nStill a bit above the 37,000 applicants Harvard had 5 years ago. If anything I'm guessing applications will decrease around the US as institutions continue to re-instate SAT/ACT requirements.\n\nAlso I'm sure they will cry into their pile of cash ($53 billion endowment) as we argue online"]}, {"title": [{"neg": 0.0, "neu": 1.0, "pos": 0.0, "compound": 0.0}, "Harvard applications plummet in potential harbinger for other schools"], "description": [{"neg": 0.0, "neu": 0.0, "pos": 0.0, "compound": 0.0}, ""], "comment_sentiment": [{"neg": 0.035, "neu": 0.965, "pos": 0.0, "compound": -0.4019}, "The class of 2018 had 34, 295 applicants.\n\nClass of 2019 had 37, 307. \n\nClass of 2020 had 39, 041.\n\n2021 - 39, 506. \n\n2022 - 42, 749. \n\n2023 - 43, 330. \n\nClass of 2024 - 40, 428. \n\n2025 - 57, 786. \n\n2026 - 62, 221. \n\n2027 - 56, 937. \n\n2028 - 54, 008 &lt;--- this is where the article states it \"plummets\". \n\nAdmission is still greatly up from decade ago or even 4 years ago, and hasn't \"plummeted\". This is a misleading nothing burger. \n\n\n[source](https://oira.harvard.edu/factbook/fact-book-admissions/)"]}, {"title": [{"neg": 0.0, "neu": 1.0, "pos": 0.0, "compound": 0.0}, "Harvard applications plummet in potential harbinger for other schools"], "description": [{"neg": 0.0, "neu": 0.0, "pos": 0.0, "compound": 0.0}, ""], "comment_sentiment": [{"neg": 0.0, "neu": 0.734, "pos": 0.266, "compound": 0.4404}, "good.  we dont need more liberal arts degree holders."]}, {"title": [{"neg": 0.0, "neu": 0.291, "pos": 0.709, "compound": 0.807}, "Hope everyone had a great Easter! "], "description": [{"neg": 0.0, "neu": 0.0, "pos": 0.0, "compound": 0.0}, ""], "comment_sentiment": [{"neg": 0.164, "neu": 0.836, "pos": 0.0, "compound": -0.6249}, "Is that the bunny talking \u2026or the old guy?\n\nI admit\u2026.it\u2019s hard to believe that old guy is for real \u2026or just a propped up corpse from Weekend at Bernie\u2019s."]}, {"title": [{"neg": 0.0, "neu": 0.291, "pos": 0.709, "compound": 0.807}, "Hope everyone had a great Easter! "], "description": [{"neg": 0.0, "neu": 0.0, "pos": 0.0, "compound": 0.0}, ""], "comment_sentiment": [{"neg": 0.0, "neu": 1.0, "pos": 0.0, "compound": 0.0}, "Come on man, Joe just needs some directions."]}, {"title": [{"neg": 0.0, "neu": 1.0, "pos": 0.0, "compound": 0.0}, "The children yearn for the Dairy Queen"], "description": [{"neg": 0.0, "neu": 0.0, "pos": 0.0, "compound": 0.0}, ""], "comment_sentiment": [{"neg": 0.056, "neu": 0.741, "pos": 0.204, "compound": 0.6124}, "I live in an area where mom and pop ice cream shops dominate the only ice cream chain we have (Friendly's). It's pretty cool."]}, {"title": [{"neg": 0.0, "neu": 1.0, "pos": 0.0, "compound": 0.0}, "The children yearn for the Dairy Queen"], "description": [{"neg": 0.0, "neu": 0.0, "pos": 0.0, "compound": 0.0}, ""], "comment_sentiment": [{"neg": 0.061, "neu": 0.823, "pos": 0.117, "compound": 0.5574}, "It will be interesting to see what happens in CA with their new fast food minimum wage.  I imagine there will be a lot of closures as customers are unwilling to pay for low-quality food what it costs to support that level of pay."]}, {"title": [{"neg": 0.0, "neu": 1.0, "pos": 0.0, "compound": 0.0}, "The children yearn for the Dairy Queen"], "description": [{"neg": 0.0, "neu": 0.0, "pos": 0.0, "compound": 0.0}, ""], "comment_sentiment": [{"neg": 0.024, "neu": 0.865, "pos": 0.11, "compound": 0.6678}, "Making ice cream cones is an entry level low skill job for teenagers. It\u2019s should be for them to some cash to play with during the summer or to start saving. \n\nIt\u2019s not for grown ass adults trying to raise a family. A manager spot is a maybe but to raise a family, someone should be targeting a skilled profession and a job with benefits"]}, {"title": [{"neg": 0.217, "neu": 0.783, "pos": 0.0, "compound": -0.5574}, "Biden Says His Next SCOTUS Nominee 'Will Be An Illegal Immigrant, I Mean Undocumented' (satire)"], "description": [{"neg": 0.0, "neu": 0.0, "pos": 0.0, "compound": 0.0}, ""], "comment_sentiment": [{"neg": 0.193, "neu": 0.807, "pos": 0.0, "compound": -0.4767}, "Can\u2019t be any worse than the last one that doesn\u2019t know what a woman is"]}, {"title": [{"neg": 0.217, "neu": 0.783, "pos": 0.0, "compound": -0.5574}, "Biden Says His Next SCOTUS Nominee 'Will Be An Illegal Immigrant, I Mean Undocumented' (satire)"], "description": [{"neg": 0.0, "neu": 0.0, "pos": 0.0, "compound": 0.0}, ""], "comment_sentiment": [{"neg": 0.0, "neu": 1.0, "pos": 0.0, "compound": 0.0}, "Dont give the left ideas! they will do it...its not satire if its believable"]}, {"title": [{"neg": 0.217, "neu": 0.783, "pos": 0.0, "compound": -0.5574}, "Biden Says His Next SCOTUS Nominee 'Will Be An Illegal Immigrant, I Mean Undocumented' (satire)"], "description": [{"neg": 0.0, "neu": 0.0, "pos": 0.0, "compound": 0.0}, ""], "comment_sentiment": [{"neg": 0.0, "neu": 1.0, "pos": 0.0, "compound": 0.0}, "I would believe it. The last one doesn't even know what a woman is."]}, {"title": [{"neg": 0.0, "neu": 1.0, "pos": 0.0, "compound": 0.0}, "Google has a picture of Trumps likeness with duct tape over his mouth when you search \u201cgag order\u201d."], "description": [{"neg": 0.218, "neu": 0.782, "pos": 0.0, "compound": -0.8518}, "Seems very unprofessional, the left wing tech empire continues to inject their blatant bias into their program functions. I fear that googles Gemini will do something similar. I\u2019m aware that news just broke about Trumps gag order but I was just simply looking up what a gag order entailed in the first place. "], "comment_sentiment": [{"neg": 0.0, "neu": 1.0, "pos": 0.0, "compound": 0.0}, "And when you look up \"sedition\" it shows pictures of January 6th"]}, {"title": [{"neg": 0.0, "neu": 1.0, "pos": 0.0, "compound": 0.0}, "Google has a picture of Trumps likeness with duct tape over his mouth when you search \u201cgag order\u201d."], "description": [{"neg": 0.218, "neu": 0.782, "pos": 0.0, "compound": -0.8518}, "Seems very unprofessional, the left wing tech empire continues to inject their blatant bias into their program functions. I fear that googles Gemini will do something similar. I\u2019m aware that news just broke about Trumps gag order but I was just simply looking up what a gag order entailed in the first place. "], "comment_sentiment": [{"neg": 0.188, "neu": 0.64, "pos": 0.171, "compound": -0.2479}, "Search gag order on Google images. 95% of the photos are of Trump. Its because the Trump gag order is very popular right now.\n\nLegal analyst\u00a0Glenn Kirschner applauded the gag order saying he hopes it curtails the former president's \"endlessly dangerous, violence-inspiring rhetoric.\" BLOODBATH!!"]}, {"title": [{"neg": 0.0, "neu": 1.0, "pos": 0.0, "compound": 0.0}, "Google has a picture of Trumps likeness with duct tape over his mouth when you search \u201cgag order\u201d."], "description": [{"neg": 0.218, "neu": 0.782, "pos": 0.0, "compound": -0.8518}, "Seems very unprofessional, the left wing tech empire continues to inject their blatant bias into their program functions. I fear that googles Gemini will do something similar. I\u2019m aware that news just broke about Trumps gag order but I was just simply looking up what a gag order entailed in the first place. "], "comment_sentiment": [{"neg": 0.0, "neu": 0.952, "pos": 0.048, "compound": 0.1779}, "The schism between conservatives and liberals is growing wider in the U.S. \u00a0\n\nAnd our politicians and mass media try to heighten that gap as much as possible.\n\nI don\u2019t believe they\u2019ve thought the consequences through however\u2026"]}, {"title": [{"neg": 0.301, "neu": 0.699, "pos": 0.0, "compound": -0.5106}, "Pro-Palestinian protesters interrupt Easter Vigil service at St. Patrick's Cathedral in NYC"], "description": [{"neg": 0.0, "neu": 0.0, "pos": 0.0, "compound": 0.0}, ""], "comment_sentiment": [{"neg": 0.146, "neu": 0.53, "pos": 0.325, "compound": 0.4019}, "Can you imagine if some Christians interrupted a special\u00a0 Muslim worship service?"]}, {"title": [{"neg": 0.301, "neu": 0.699, "pos": 0.0, "compound": -0.5106}, "Pro-Palestinian protesters interrupt Easter Vigil service at St. Patrick's Cathedral in NYC"], "description": [{"neg": 0.0, "neu": 0.0, "pos": 0.0, "compound": 0.0}, ""], "comment_sentiment": [{"neg": 0.0, "neu": 1.0, "pos": 0.0, "compound": 0.0}, "They can call themselves \u201cpro-Palestinian\u201d but they\u2019re really just Hamasnicks"]}, {"title": [{"neg": 0.301, "neu": 0.699, "pos": 0.0, "compound": -0.5106}, "Pro-Palestinian protesters interrupt Easter Vigil service at St. Patrick's Cathedral in NYC"], "description": [{"neg": 0.0, "neu": 0.0, "pos": 0.0, "compound": 0.0}, ""], "comment_sentiment": [{"neg": 0.279, "neu": 0.721, "pos": 0.0, "compound": -0.4767}, "This is an attack on *western civilization*, not *israel*"]}, {"title": [{"neg": 0.301, "neu": 0.699, "pos": 0.0, "compound": -0.5106}, "Pro-Palestinian protesters interrupt Easter Vigil service at St. Patrick's Cathedral in NYC"], "description": [{"neg": 0.0, "neu": 0.0, "pos": 0.0, "compound": 0.0}, ""], "comment_sentiment": [{"neg": 0.0, "neu": 1.0, "pos": 0.0, "compound": 0.0}, "Rent-a-protesters"]}, {"title": [{"neg": 0.098, "neu": 0.902, "pos": 0.0, "compound": -0.3818}, "'Demented' Trump 'incapable of doing job' says psychologist. Says Biden is still sound in his judgement, and though he forgets things, they aren't massive gaffes."], "description": [{"neg": 0.0, "neu": 0.0, "pos": 0.0, "compound": 0.0}, ""], "comment_sentiment": [{"neg": 0.0, "neu": 1.0, "pos": 0.0, "compound": 0.0}, "Doctors who presume to diagnose a patient without meeting the patient are called \"quacks\".\n\nThere should be \"red flag laws\" for quacks; their license to practice medicine should be seized."]}, {"title": [{"neg": 0.098, "neu": 0.902, "pos": 0.0, "compound": -0.3818}, "'Demented' Trump 'incapable of doing job' says psychologist. Says Biden is still sound in his judgement, and though he forgets things, they aren't massive gaffes."], "description": [{"neg": 0.0, "neu": 0.0, "pos": 0.0, "compound": 0.0}, ""], "comment_sentiment": [{"neg": 0.203, "neu": 0.653, "pos": 0.144, "compound": -0.1759}, "Remember boys and girls: Biden is mentally sharp, the economy is the best ever and crime is at an all time low!"]}, {"title": [{"neg": 0.098, "neu": 0.902, "pos": 0.0, "compound": -0.3818}, "'Demented' Trump 'incapable of doing job' says psychologist. Says Biden is still sound in his judgement, and though he forgets things, they aren't massive gaffes."], "description": [{"neg": 0.0, "neu": 0.0, "pos": 0.0, "compound": 0.0}, ""], "comment_sentiment": [{"neg": 0.0, "neu": 0.835, "pos": 0.165, "compound": 0.7579}, "Goldwater Rule doesn't apply to \"psychologist\" when they are \"sAvInG dEmOcRaCy\" by slandering Trump and propping up Biden.\n\nJust like covid rules didn't apply to rioters.\n\nJust like classified documents laws didn't apply to Biden.\n\nJust like so many other things."]}, {"title": [{"neg": 0.0, "neu": 0.837, "pos": 0.163, "compound": 0.5106}, "Border Agents Caught on Camera Telling Migrants They\u2019re \u201cFree to Go, and Free to Travel Wherever They Want.\u201d"], "description": [{"neg": 0.0, "neu": 0.0, "pos": 0.0, "compound": 0.0}, ""], "comment_sentiment": [{"neg": 0.277, "neu": 0.637, "pos": 0.086, "compound": -0.7269}, "Sooo, they're actively participating in the destruction of the American way of life by allowing these criminals into our country?"]}, {"title": [{"neg": 0.0, "neu": 0.837, "pos": 0.163, "compound": 0.5106}, "Border Agents Caught on Camera Telling Migrants They\u2019re \u201cFree to Go, and Free to Travel Wherever They Want.\u201d"], "description": [{"neg": 0.0, "neu": 0.0, "pos": 0.0, "compound": 0.0}, ""], "comment_sentiment": [{"neg": 0.193, "neu": 0.732, "pos": 0.075, "compound": -0.5994}, "I support law enforcement but when you sit by and enable this you\u2019re just as bad as the Big Man himself."]}, {"title": [{"neg": 0.0, "neu": 0.837, "pos": 0.163, "compound": 0.5106}, "Border Agents Caught on Camera Telling Migrants They\u2019re \u201cFree to Go, and Free to Travel Wherever They Want.\u201d"], "description": [{"neg": 0.0, "neu": 0.0, "pos": 0.0, "compound": 0.0}, ""], "comment_sentiment": [{"neg": 0.0, "neu": 0.517, "pos": 0.483, "compound": 0.4215}, "That's nice of them"]}, {"title": [{"neg": 0.0, "neu": 0.837, "pos": 0.163, "compound": 0.5106}, "Border Agents Caught on Camera Telling Migrants They\u2019re \u201cFree to Go, and Free to Travel Wherever They Want.\u201d"], "description": [{"neg": 0.0, "neu": 0.0, "pos": 0.0, "compound": 0.0}, ""], "comment_sentiment": [{"neg": 0.433, "neu": 0.567, "pos": 0.0, "compound": -0.7269}, "Christ, this is an embarrassment and a disgrace to the USA."]}, {"title": [{"neg": 0.259, "neu": 0.741, "pos": 0.0, "compound": -0.5423}, "Gunman kills 1, injures 4 at Nashville coffee shop on Easter Sunday"], "description": [{"neg": 0.0, "neu": 0.0, "pos": 0.0, "compound": 0.0}, ""], "comment_sentiment": [{"neg": 0.0, "neu": 0.833, "pos": 0.167, "compound": 0.6124}, "Yeah, the liberals on r/Nashville are already going after gunowners and totally bypassing the actual shooter. They're making all kinds of excuses. And we know why lol."]}, {"title": [{"neg": 0.259, "neu": 0.741, "pos": 0.0, "compound": -0.5423}, "Gunman kills 1, injures 4 at Nashville coffee shop on Easter Sunday"], "description": [{"neg": 0.0, "neu": 0.0, "pos": 0.0, "compound": 0.0}, ""], "comment_sentiment": [{"neg": 0.0, "neu": 1.0, "pos": 0.0, "compound": 0.0}, "Is that a POC? If so, don't expect too much MSM coverage on this."]}, {"title": [{"neg": 0.259, "neu": 0.741, "pos": 0.0, "compound": -0.5423}, "Gunman kills 1, injures 4 at Nashville coffee shop on Easter Sunday"], "description": [{"neg": 0.0, "neu": 0.0, "pos": 0.0, "compound": 0.0}, ""], "comment_sentiment": [{"neg": 0.0, "neu": 1.0, "pos": 0.0, "compound": 0.0}, "Behind a paywall."]}, {"title": [{"neg": 0.259, "neu": 0.741, "pos": 0.0, "compound": -0.5423}, "Gunman kills 1, injures 4 at Nashville coffee shop on Easter Sunday"], "description": [{"neg": 0.0, "neu": 0.0, "pos": 0.0, "compound": 0.0}, ""], "comment_sentiment": [{"neg": 0.0, "neu": 0.764, "pos": 0.236, "compound": 0.8255}, "Interesting if he was white, this would be blown up all over every news station all day. He\u2019s not white though so liberals don\u2019t care. Remember, it doesn\u2019t fit their narrative."]}, {"title": [{"neg": 0.0, "neu": 1.0, "pos": 0.0, "compound": 0.0}, "Professors get $1 million to apply \u2018critical race studies\u2019 to the classics | The College Fix"], "description": [{"neg": 0.0, "neu": 0.0, "pos": 0.0, "compound": 0.0}, ""], "comment_sentiment": [{"neg": 0.072, "neu": 0.833, "pos": 0.094, "compound": 0.1531}, "The title of this post alone should make it abundantly clear why DEI is the biggest grift in history.\n\nAnd in most cases, _a shakedown_."]}, {"title": [{"neg": 0.0, "neu": 1.0, "pos": 0.0, "compound": 0.0}, "Professors get $1 million to apply \u2018critical race studies\u2019 to the classics | The College Fix"], "description": [{"neg": 0.0, "neu": 0.0, "pos": 0.0, "compound": 0.0}, ""], "comment_sentiment": [{"neg": 0.15, "neu": 0.85, "pos": 0.0, "compound": -0.7819}, "&gt;The new program will be a \u201cmulti-year fellowship program designed to mentor graduate students and early career researchers of the ancient Mediterranean as they *center critical race studies* in their scholarship and teaching,\u201d according to a Princeton announcement.\n\nPlacing critical theory at the center of anything, let alone *scholarship and teaching*, is not healthy for anyone..."]}, {"title": [{"neg": 0.0, "neu": 1.0, "pos": 0.0, "compound": 0.0}, "Professors get $1 million to apply \u2018critical race studies\u2019 to the classics | The College Fix"], "description": [{"neg": 0.0, "neu": 0.0, "pos": 0.0, "compound": 0.0}, ""], "comment_sentiment": [{"neg": 0.07, "neu": 0.805, "pos": 0.125, "compound": 0.5859}, "Since I already have hardcover copies of the classics on my shelves these people won\u2019t be changing or editing a word of what I read. \n\nI suggest everyone find and keep hard copies of all their beloved media and store it in a safe place, the left is coming and will make every attempt to alter and destroy anything from the past they don\u2019t agree with."]}, {"title": [{"neg": 0.205, "neu": 0.795, "pos": 0.0, "compound": -0.5574}, "Texas Judge Releases Illegal Immigrants Who Rioted and Clashed With National Guard at Southern Border"], "description": [{"neg": 0.0, "neu": 0.0, "pos": 0.0, "compound": 0.0}, ""], "comment_sentiment": [{"neg": 0.0, "neu": 1.0, "pos": 0.0, "compound": 0.0}, "[deleted]"]}, {"title": [{"neg": 0.205, "neu": 0.795, "pos": 0.0, "compound": -0.5574}, "Texas Judge Releases Illegal Immigrants Who Rioted and Clashed With National Guard at Southern Border"], "description": [{"neg": 0.0, "neu": 0.0, "pos": 0.0, "compound": 0.0}, ""], "comment_sentiment": [{"neg": 0.202, "neu": 0.699, "pos": 0.098, "compound": -0.6705}, "Hopefully, at the judges own backyard. Why would the people rounding them up have any incentive to arrest these people if the corrupt judges are going to let them loose anyway? It is a risk to their lives having to catch these violent people."]}, {"title": [{"neg": 0.205, "neu": 0.795, "pos": 0.0, "compound": -0.5574}, "Texas Judge Releases Illegal Immigrants Who Rioted and Clashed With National Guard at Southern Border"], "description": [{"neg": 0.0, "neu": 0.0, "pos": 0.0, "compound": 0.0}, ""], "comment_sentiment": [{"neg": 0.123, "neu": 0.877, "pos": 0.0, "compound": -0.5423}, "Every branch of the government has been compromised.  We are living in an authoritarian system.  Our lack of borders has dismantled the sovereignty.  No one in any branch of government is on our side."]}, {"title": [{"neg": 0.205, "neu": 0.795, "pos": 0.0, "compound": -0.5574}, "Texas Judge Releases Illegal Immigrants Who Rioted and Clashed With National Guard at Southern Border"], "description": [{"neg": 0.0, "neu": 0.0, "pos": 0.0, "compound": 0.0}, ""], "comment_sentiment": [{"neg": 0.247, "neu": 0.711, "pos": 0.042, "compound": -0.9282}, "Can you imagine a group of US citizens, illegally crossing in to Mexico and clashing with Mexican troops? You will be imprisoned for YEARS in the worst conditions. Come here? Maybe a few days and released in to the country you violated to get our benefits, etc. What a fucked up world."]}, {"title": [{"neg": 0.0, "neu": 1.0, "pos": 0.0, "compound": 0.0}, "\u2018Vaccine lettuce\u2019 bill, aiming to classify food containing a vaccine as a drug, passes in Tennessee"], "description": [{"neg": 0.0, "neu": 0.0, "pos": 0.0, "compound": 0.0}, ""], "comment_sentiment": [{"neg": 0.0, "neu": 0.951, "pos": 0.049, "compound": 0.1901}, "This is in response to some group getting a grant to study if they could do it. The bill is more of a \"don't even think about it\" signal not to the scientists, but to the FDA."]}, {"title": [{"neg": 0.0, "neu": 1.0, "pos": 0.0, "compound": 0.0}, "\u2018Vaccine lettuce\u2019 bill, aiming to classify food containing a vaccine as a drug, passes in Tennessee"], "description": [{"neg": 0.0, "neu": 0.0, "pos": 0.0, "compound": 0.0}, ""], "comment_sentiment": [{"neg": 0.155, "neu": 0.763, "pos": 0.082, "compound": -0.4019}, "Tennessee must be a utopia where no one is homeless, no one is unemployed, there is an excess of funds available, education is the best in the country and crime is non-existent if this is what they are spending their voter's tax money legislating."]}, {"title": [{"neg": 0.0, "neu": 1.0, "pos": 0.0, "compound": 0.0}, "\u2018Vaccine lettuce\u2019 bill, aiming to classify food containing a vaccine as a drug, passes in Tennessee"], "description": [{"neg": 0.0, "neu": 0.0, "pos": 0.0, "compound": 0.0}, ""], "comment_sentiment": [{"neg": 0.0, "neu": 0.696, "pos": 0.304, "compound": 0.5859}, "What we need are laws ensuring that it's clearly labeled to contain vaccines"]}, {"title": [{"neg": 0.0, "neu": 1.0, "pos": 0.0, "compound": 0.0}, "9 Brits Apprehended Illegally Crossing Canadian Border into Vermont"], "description": [{"neg": 0.0, "neu": 0.0, "pos": 0.0, "compound": 0.0}, ""], "comment_sentiment": [{"neg": 0.261, "neu": 0.556, "pos": 0.183, "compound": -0.1027}, "No doubt lured by the US government's offer of free tea and crumpets."]}, {"title": [{"neg": 0.0, "neu": 1.0, "pos": 0.0, "compound": 0.0}, "9 Brits Apprehended Illegally Crossing Canadian Border into Vermont"], "description": [{"neg": 0.0, "neu": 0.0, "pos": 0.0, "compound": 0.0}, ""], "comment_sentiment": [{"neg": 0.0, "neu": 1.0, "pos": 0.0, "compound": 0.0}, "What are the Brits names?"]}, {"title": [{"neg": 0.0, "neu": 1.0, "pos": 0.0, "compound": 0.0}, "9 Brits Apprehended Illegally Crossing Canadian Border into Vermont"], "description": [{"neg": 0.0, "neu": 0.0, "pos": 0.0, "compound": 0.0}, ""], "comment_sentiment": [{"neg": 0.0, "neu": 1.0, "pos": 0.0, "compound": 0.0}, "My first thought was it was probably British Muslims."]}, {"title": [{"neg": 0.232, "neu": 0.507, "pos": 0.261, "compound": 0.1027}, "Welfare Migrant: \"I'm rich and you're miserable\" (Fox News)"], "description": [{"neg": 0.0, "neu": 0.0, "pos": 0.0, "compound": 0.0}, ""], "comment_sentiment": [{"neg": 0.22, "neu": 0.78, "pos": 0.0, "compound": -0.7841}, "Is it really crazy to advocate for welfare chauvinism here? Even if you disagree with welfare, at the very least it should be restricted to the documented residents who need it."]}, {"title": [{"neg": 0.232, "neu": 0.507, "pos": 0.261, "compound": 0.1027}, "Welfare Migrant: \"I'm rich and you're miserable\" (Fox News)"], "description": [{"neg": 0.0, "neu": 0.0, "pos": 0.0, "compound": 0.0}, ""], "comment_sentiment": [{"neg": 0.0, "neu": 0.586, "pos": 0.414, "compound": 0.7759}, "More diversity should reach diversity loving places like NYC, Chicago, Denver or Martha's Vineyard."]}, {"title": [{"neg": 0.259, "neu": 0.741, "pos": 0.0, "compound": -0.5423}, "'Equity-Based Algebra' Is as Bad as You Imagine It to Be"], "description": [{"neg": 0.0, "neu": 0.0, "pos": 0.0, "compound": 0.0}, ""], "comment_sentiment": [{"neg": 0.0, "neu": 1.0, "pos": 0.0, "compound": 0.0}, "[deleted]"]}, {"title": [{"neg": 0.259, "neu": 0.741, "pos": 0.0, "compound": -0.5423}, "'Equity-Based Algebra' Is as Bad as You Imagine It to Be"], "description": [{"neg": 0.0, "neu": 0.0, "pos": 0.0, "compound": 0.0}, ""], "comment_sentiment": [{"neg": 0.571, "neu": 0.429, "pos": 0.0, "compound": -0.6124}, "A^2 + B^2 = that's racist"]}, {"title": [{"neg": 0.259, "neu": 0.741, "pos": 0.0, "compound": -0.5423}, "'Equity-Based Algebra' Is as Bad as You Imagine It to Be"], "description": [{"neg": 0.0, "neu": 0.0, "pos": 0.0, "compound": 0.0}, ""], "comment_sentiment": [{"neg": 0.206, "neu": 0.794, "pos": 0.0, "compound": -0.9186}, "If everyone equally sucks at maths, there is no inequality anymore. That's the woke logic, I suppose.\u00a0\n\n\nUSA is becoming an undeveloppind country. The whole western world is taking this exact same path. We are fucked. Plain and simple. Too much left-leaning morons on our shores.\u00a0\n\n\nChina won't even have to fight us. They just have to wait a couple decades."]}, {"title": [{"neg": 0.259, "neu": 0.741, "pos": 0.0, "compound": -0.5423}, "'Equity-Based Algebra' Is as Bad as You Imagine It to Be"], "description": [{"neg": 0.0, "neu": 0.0, "pos": 0.0, "compound": 0.0}, ""], "comment_sentiment": [{"neg": 0.0, "neu": 1.0, "pos": 0.0, "compound": 0.0}, "This is another example of why my children go to private school."]}, {"title": [{"neg": 0.392, "neu": 0.608, "pos": 0.0, "compound": -0.7003}, "El Paso judge orders release of migrants accused of 'border riot'"], "description": [{"neg": 0.0, "neu": 0.0, "pos": 0.0, "compound": 0.0}, ""], "comment_sentiment": [{"neg": 0.0, "neu": 1.0, "pos": 0.0, "compound": 0.0}, "J6ers are still behind bars"]}, {"title": [{"neg": 0.223, "neu": 0.609, "pos": 0.168, "compound": -0.0258}, "NY Firefighters Forced to Remove Flag for 9/11 Heroes After Leftwing Questioning, Backlash Saves Day"], "description": [{"neg": 0.0, "neu": 0.0, "pos": 0.0, "compound": 0.0}, ""], "comment_sentiment": [{"neg": 0.122, "neu": 0.878, "pos": 0.0, "compound": -0.3612}, "At this point, we're just two countries occupying the same geography and fighting over which one gets the government."]}, {"title": [{"neg": 0.223, "neu": 0.609, "pos": 0.168, "compound": -0.0258}, "NY Firefighters Forced to Remove Flag for 9/11 Heroes After Leftwing Questioning, Backlash Saves Day"], "description": [{"neg": 0.0, "neu": 0.0, "pos": 0.0, "compound": 0.0}, ""], "comment_sentiment": [{"neg": 0.0, "neu": 1.0, "pos": 0.0, "compound": 0.0}, "[removed]"]}, {"title": [{"neg": 0.286, "neu": 0.714, "pos": 0.0, "compound": -0.5574}, "Boston is planning on putting illegal immigrants in veteran housing."], "description": [{"neg": 0.0, "neu": 0.0, "pos": 0.0, "compound": 0.0}, ""], "comment_sentiment": [{"neg": 0.0, "neu": 0.762, "pos": 0.238, "compound": 0.3612}, "This is like pouring salt into an open wound."]}, {"title": [{"neg": 0.286, "neu": 0.714, "pos": 0.0, "compound": -0.5574}, "Boston is planning on putting illegal immigrants in veteran housing."], "description": [{"neg": 0.0, "neu": 0.0, "pos": 0.0, "compound": 0.0}, ""], "comment_sentiment": [{"neg": 0.0, "neu": 0.887, "pos": 0.113, "compound": 0.4939}, "\u201cWe can\u2019t figure out why they keep coming. I guess we\u2019ll give them food, housing, phones, and medical care until we get to the bottom of this\u201d \ud83e\udd21"]}, {"title": [{"neg": 0.286, "neu": 0.714, "pos": 0.0, "compound": -0.5574}, "Boston is planning on putting illegal immigrants in veteran housing."], "description": [{"neg": 0.0, "neu": 0.0, "pos": 0.0, "compound": 0.0}, ""], "comment_sentiment": [{"neg": 0.307, "neu": 0.426, "pos": 0.267, "compound": -0.3424}, "Its clear the disastrous Biden Administration cares more about ILLEGAL Immigrants than our own Veterans who fought for this amazing country."]}, {"title": [{"neg": 0.286, "neu": 0.714, "pos": 0.0, "compound": -0.5574}, "Boston is planning on putting illegal immigrants in veteran housing."], "description": [{"neg": 0.0, "neu": 0.0, "pos": 0.0, "compound": 0.0}, ""], "comment_sentiment": [{"neg": 0.084, "neu": 0.916, "pos": 0.0, "compound": -0.5423}, "I am from Boston.\n\nThey also put them in a community center in roxbury which is a historically black neighborhood. It is one of the only \u201csafe spaces\u201d that those kids had.\n\nThey don\u2019t give a fuck about American minorities. Just the optics."]}, {"title": [{"neg": 0.0, "neu": 0.909, "pos": 0.091, "compound": 0.4215}, "Donald Trump\u2019s Road to Victory | There are about seven months until Election Day, but right now, Donald Trump\u2019s road to victory in the 2024 presidential race looks surprisingly smooth."], "description": [{"neg": 0.0, "neu": 0.0, "pos": 0.0, "compound": 0.0}, ""], "comment_sentiment": [{"neg": 0.0, "neu": 1.0, "pos": 0.0, "compound": 0.0}, "[deleted]"]}, {"title": [{"neg": 0.0, "neu": 0.909, "pos": 0.091, "compound": 0.4215}, "Donald Trump\u2019s Road to Victory | There are about seven months until Election Day, but right now, Donald Trump\u2019s road to victory in the 2024 presidential race looks surprisingly smooth."], "description": [{"neg": 0.0, "neu": 0.0, "pos": 0.0, "compound": 0.0}, ""], "comment_sentiment": [{"neg": 0.074, "neu": 0.839, "pos": 0.087, "compound": 0.1027}, "Republicans have lost a lot of special elections since 2022.  Don't count your chickens before they hatch.\n\nVote.\n\nFundraise, get out the vote, ballot harvest, vote by mail.\n\nVote."]}, {"title": [{"neg": 0.392, "neu": 0.608, "pos": 0.0, "compound": -0.7003}, "El Paso judge orders release of migrants accused of 'border riot'"], "description": [{"neg": 0.0, "neu": 0.0, "pos": 0.0, "compound": 0.0}, ""], "comment_sentiment": [{"neg": 0.0, "neu": 1.0, "pos": 0.0, "compound": 0.0}, "Release them in the judge's neighborhood."]}, {"title": [{"neg": 0.392, "neu": 0.608, "pos": 0.0, "compound": -0.7003}, "El Paso judge orders release of migrants accused of 'border riot'"], "description": [{"neg": 0.0, "neu": 0.0, "pos": 0.0, "compound": 0.0}, ""], "comment_sentiment": [{"neg": 0.0, "neu": 1.0, "pos": 0.0, "compound": 0.0}, "[deleted]"]}, {"title": [{"neg": 0.075, "neu": 0.812, "pos": 0.113, "compound": 0.1531}, "A top official in Denver was just caught on tape begging illegals to leave the city"], "description": [{"neg": 0.0, "neu": 0.0, "pos": 0.0, "compound": 0.0}, ""], "comment_sentiment": [{"neg": 0.086, "neu": 0.773, "pos": 0.141, "compound": 0.1406}, "Pretty amusing how he\u2019s trying to convince them to go to NY or Chicago. They don\u2019t want them either.\n\nWhat a mess this is. I feel bad for the people involved but they shouldn\u2019t have been allowed over the border in the first place."]}, {"title": [{"neg": 0.075, "neu": 0.812, "pos": 0.113, "compound": 0.1531}, "A top official in Denver was just caught on tape begging illegals to leave the city"], "description": [{"neg": 0.0, "neu": 0.0, "pos": 0.0, "compound": 0.0}, ""], "comment_sentiment": [{"neg": 0.0, "neu": 0.736, "pos": 0.264, "compound": 0.7269}, "Pretty easy to flex on republicans and declare yourself a sanctuary city when you\u2019re hundreds of miles from a border, huh?"]}, {"title": [{"neg": 0.075, "neu": 0.812, "pos": 0.113, "compound": 0.1531}, "A top official in Denver was just caught on tape begging illegals to leave the city"], "description": [{"neg": 0.0, "neu": 0.0, "pos": 0.0, "compound": 0.0}, ""], "comment_sentiment": [{"neg": 0.0, "neu": 0.805, "pos": 0.195, "compound": 0.1779}, "This the Escape from New York origin story."]}, {"title": [{"neg": 0.086, "neu": 0.914, "pos": 0.0, "compound": -0.128}, "Trump reacts to Mexican president's $20 billion demand from Biden admin: 'I wouldn't give him 10 cents'"], "description": [{"neg": 0.0, "neu": 0.0, "pos": 0.0, "compound": 0.0}, ""], "comment_sentiment": [{"neg": 0.0, "neu": 1.0, "pos": 0.0, "compound": 0.0}, "How about when Biden gets out we militarize the border and don't give him two cents"]}, {"title": [{"neg": 0.086, "neu": 0.914, "pos": 0.0, "compound": -0.128}, "Trump reacts to Mexican president's $20 billion demand from Biden admin: 'I wouldn't give him 10 cents'"], "description": [{"neg": 0.0, "neu": 0.0, "pos": 0.0, "compound": 0.0}, ""], "comment_sentiment": [{"neg": 0.0, "neu": 0.893, "pos": 0.107, "compound": 0.34}, "Mexico 's president heard that the US was giving out money to other nations again and thought they would try it."]}, {"title": [{"neg": 0.086, "neu": 0.914, "pos": 0.0, "compound": -0.128}, "Trump reacts to Mexican president's $20 billion demand from Biden admin: 'I wouldn't give him 10 cents'"], "description": [{"neg": 0.0, "neu": 0.0, "pos": 0.0, "compound": 0.0}, ""], "comment_sentiment": [{"neg": 0.352, "neu": 0.648, "pos": 0.0, "compound": -0.4215}, "There\u2019s a serious collision coming between Trump and their President."]}, {"title": [{"neg": 0.219, "neu": 0.781, "pos": 0.0, "compound": -0.7096}, "February Gallup poll revealed that 90% of Republican respondents view \"illegal immigration\" as a \"critical threat\", while only 29% of Democrats feel the same"], "description": [{"neg": 0.0, "neu": 0.0, "pos": 0.0, "compound": 0.0}, ""], "comment_sentiment": [{"neg": 0.093, "neu": 0.781, "pos": 0.126, "compound": 0.2732}, "30% is actually pretty high for something that you think would break along party lines\n\nThe dems internal polling must show that independents are in favor of limiting illegal immigration because they pivoted hard from the whole \u2018you\u2019re xenophobic for being against illegal immigration\u2019 to \u2018actually we care and are trying but it is trumps fault\u2019"]}, {"title": [{"neg": 0.219, "neu": 0.781, "pos": 0.0, "compound": -0.7096}, "February Gallup poll revealed that 90% of Republican respondents view \"illegal immigration\" as a \"critical threat\", while only 29% of Democrats feel the same"], "description": [{"neg": 0.0, "neu": 0.0, "pos": 0.0, "compound": 0.0}, ""], "comment_sentiment": [{"neg": 0.315, "neu": 0.685, "pos": 0.0, "compound": -0.8649}, "Democrats ask why so many Republicans have a problem with illegal immigration when they dont live anywhere near the border. Cant make this stupidity up."]}, {"title": [{"neg": 0.191, "neu": 0.809, "pos": 0.0, "compound": -0.3818}, "Business Owners Fight GOP Efforts to Make Them Police Workers\u2019 Immigration Status"], "description": [{"neg": 0.0, "neu": 0.0, "pos": 0.0, "compound": 0.0}, ""], "comment_sentiment": [{"neg": 0.33, "neu": 0.509, "pos": 0.16, "compound": -0.4596}, "\"Don't make me stop using cheap illegal labor!\""]}, {"title": [{"neg": 0.191, "neu": 0.809, "pos": 0.0, "compound": -0.3818}, "Business Owners Fight GOP Efforts to Make Them Police Workers\u2019 Immigration Status"], "description": [{"neg": 0.0, "neu": 0.0, "pos": 0.0, "compound": 0.0}, ""], "comment_sentiment": [{"neg": 0.0, "neu": 0.886, "pos": 0.114, "compound": 0.2023}, "Fine the living daylights out of \u2018em if they don\u2019t use E-Verify. \n\nPlus jail time."]}, {"title": [{"neg": 0.191, "neu": 0.809, "pos": 0.0, "compound": -0.3818}, "Business Owners Fight GOP Efforts to Make Them Police Workers\u2019 Immigration Status"], "description": [{"neg": 0.0, "neu": 0.0, "pos": 0.0, "compound": 0.0}, ""], "comment_sentiment": [{"neg": 0.151, "neu": 0.621, "pos": 0.228, "compound": 0.3071}, "The business owners love the illegal  aliens. Business owners can easily use free federal service called E-verify. But instead they use the I-9 form which people can defeat easily using forged documents."]}, {"title": [{"neg": 0.191, "neu": 0.809, "pos": 0.0, "compound": -0.3818}, "Business Owners Fight GOP Efforts to Make Them Police Workers\u2019 Immigration Status"], "description": [{"neg": 0.0, "neu": 0.0, "pos": 0.0, "compound": 0.0}, ""], "comment_sentiment": [{"neg": 0.0, "neu": 0.8, "pos": 0.2, "compound": 0.3612}, "Its like groundhog day. E-verify was a hotbutton issue 20 years ago."]}, {"title": [{"neg": 0.043, "neu": 0.893, "pos": 0.064, "compound": 0.1531}, "Hmmm, A top official in Denver was just caught on tape begging illegals to leave the city: \"Any city. We can take you to the Canadian border, wherever.\""], "description": [{"neg": 0.0, "neu": 0.0, "pos": 0.0, "compound": 0.0}, ""], "comment_sentiment": [{"neg": 0.189, "neu": 0.811, "pos": 0.0, "compound": -0.5423}, "Oh and the Gov. of Texas is the bad man for sending them to other states."]}, {"title": [{"neg": 0.043, "neu": 0.893, "pos": 0.064, "compound": 0.1531}, "Hmmm, A top official in Denver was just caught on tape begging illegals to leave the city: \"Any city. We can take you to the Canadian border, wherever.\""], "description": [{"neg": 0.0, "neu": 0.0, "pos": 0.0, "compound": 0.0}, ""], "comment_sentiment": [{"neg": 0.0, "neu": 0.469, "pos": 0.531, "compound": 0.5267}, "Governor Abbott is a visionary."]}, {"title": [{"neg": 0.043, "neu": 0.893, "pos": 0.064, "compound": 0.1531}, "Hmmm, A top official in Denver was just caught on tape begging illegals to leave the city: \"Any city. We can take you to the Canadian border, wherever.\""], "description": [{"neg": 0.0, "neu": 0.0, "pos": 0.0, "compound": 0.0}, ""], "comment_sentiment": [{"neg": 0.106, "neu": 0.776, "pos": 0.118, "compound": 0.1362}, "Denver seems like one of the first big blue cities that is realizing how much of a problem this is, but they're trying to be low key with the realization so they don't lose left wing street cred.\u00a0"]}]