[{"title": [{"neg": 0.0, "neu": 1.0, "pos": 0.0, "compound": 0.0}, "Moving forward on Israel/Palestine posts, and other moderation concerns"], "description": [{"neg": 0.132, "neu": 0.765, "pos": 0.104, "compound": -0.9282}, "Hi all. Posting this on Sunday night EST so this isn't mistaken for an April Fool's Thing (sorry, GMT folks).\n\nTwo things as we enter Q2 of 2024:\n\n1) **Israel/Palestine**.   Big issues with this topic in particular, and it's a sitewide problem and one that no single sub or mod can possibly fix.  What I can do, for here at least, is make this a place that is safe and free to discuss *without hate speech* and *without violating sitewide rules*.  The latter, we have no choice in.  The former, the level of discourse required by the site is lower than the level of discourse we should be able to expect when talking about such a volatile topic.\n\nI see a few paths forward, and would love anyone's thoughts:\n\na) Maintain the moratorium - if it ain't broke, etc.\n\nb) Strict moderation of the topic - basically what we had before, as much as \"I wonder how long before this gets locked\" became a thing.\n\nc) Stricter moderation on the topic - allow the posts, but be very quick to remove anything inflammatory.\n\nd) A \"megathread\" of sorts of Israel/Palestine reads that is heavily moderated or otherwise doesn't have long back-and-forths.\n\nd) Something else I'm not thinking of.\n\nThere are no good answers here, in part because anti-semites don't care as long as they can boost their hate, anti-Arab/Muslim people don't care as long as they can boost their hate, and a lot of people who aren't outright hateful still repeat the boosted stuff believing incorrectly that it *isn't* hateful.  Like I said, bigger problem than here.\n\nThe only option not on the table is to allow the hate speech to linger.  That's not going to happen.  Anything else, though, I'm all ears.\n\n(Do not debate it here in this post.  If you have to ask if it's hate speech, it's probably hate speech.)\n\n2) **Moderation in General**: Traditionally, the rules on the sidebar have been less hard-and-fast and more \"hard suggestions.\"  The predominant approach over the years was a hands-off one.  Is that still working for people?\n\nThanks for making this place one of the more interesting places on the site."], "comment_sentiment": [{"neg": 0.0, "neu": 1.0, "pos": 0.0, "compound": 0.0}, "My vote is to maintain the moratorium on this radioactive topic."]}, {"title": [{"neg": 0.0, "neu": 1.0, "pos": 0.0, "compound": 0.0}, "Moving forward on Israel/Palestine posts, and other moderation concerns"], "description": [{"neg": 0.132, "neu": 0.765, "pos": 0.104, "compound": -0.9282}, "Hi all. Posting this on Sunday night EST so this isn't mistaken for an April Fool's Thing (sorry, GMT folks).\n\nTwo things as we enter Q2 of 2024:\n\n1) **Israel/Palestine**.   Big issues with this topic in particular, and it's a sitewide problem and one that no single sub or mod can possibly fix.  What I can do, for here at least, is make this a place that is safe and free to discuss *without hate speech* and *without violating sitewide rules*.  The latter, we have no choice in.  The former, the level of discourse required by the site is lower than the level of discourse we should be able to expect when talking about such a volatile topic.\n\nI see a few paths forward, and would love anyone's thoughts:\n\na) Maintain the moratorium - if it ain't broke, etc.\n\nb) Strict moderation of the topic - basically what we had before, as much as \"I wonder how long before this gets locked\" became a thing.\n\nc) Stricter moderation on the topic - allow the posts, but be very quick to remove anything inflammatory.\n\nd) A \"megathread\" of sorts of Israel/Palestine reads that is heavily moderated or otherwise doesn't have long back-and-forths.\n\nd) Something else I'm not thinking of.\n\nThere are no good answers here, in part because anti-semites don't care as long as they can boost their hate, anti-Arab/Muslim people don't care as long as they can boost their hate, and a lot of people who aren't outright hateful still repeat the boosted stuff believing incorrectly that it *isn't* hateful.  Like I said, bigger problem than here.\n\nThe only option not on the table is to allow the hate speech to linger.  That's not going to happen.  Anything else, though, I'm all ears.\n\n(Do not debate it here in this post.  If you have to ask if it's hate speech, it's probably hate speech.)\n\n2) **Moderation in General**: Traditionally, the rules on the sidebar have been less hard-and-fast and more \"hard suggestions.\"  The predominant approach over the years was a hands-off one.  Is that still working for people?\n\nThanks for making this place one of the more interesting places on the site."], "comment_sentiment": [{"neg": 0.025, "neu": 0.899, "pos": 0.076, "compound": 0.4588}, "Do you / the mod team have the resources to carefully monitor the Israel / Palestine posts? It really requires intensive moderation (something that is way above what would be reasonable for any other topic), and if you aren't able to provide that extra level of careful, post-by-post / comment-by-comment supervision on it 24/7/365 it is probably better to keep the moratorium in place. It's not exactly as if there's a shortage of places to go over this topic."]}, {"title": [{"neg": 0.0, "neu": 1.0, "pos": 0.0, "compound": 0.0}, "Moving forward on Israel/Palestine posts, and other moderation concerns"], "description": [{"neg": 0.132, "neu": 0.765, "pos": 0.104, "compound": -0.9282}, "Hi all. Posting this on Sunday night EST so this isn't mistaken for an April Fool's Thing (sorry, GMT folks).\n\nTwo things as we enter Q2 of 2024:\n\n1) **Israel/Palestine**.   Big issues with this topic in particular, and it's a sitewide problem and one that no single sub or mod can possibly fix.  What I can do, for here at least, is make this a place that is safe and free to discuss *without hate speech* and *without violating sitewide rules*.  The latter, we have no choice in.  The former, the level of discourse required by the site is lower than the level of discourse we should be able to expect when talking about such a volatile topic.\n\nI see a few paths forward, and would love anyone's thoughts:\n\na) Maintain the moratorium - if it ain't broke, etc.\n\nb) Strict moderation of the topic - basically what we had before, as much as \"I wonder how long before this gets locked\" became a thing.\n\nc) Stricter moderation on the topic - allow the posts, but be very quick to remove anything inflammatory.\n\nd) A \"megathread\" of sorts of Israel/Palestine reads that is heavily moderated or otherwise doesn't have long back-and-forths.\n\nd) Something else I'm not thinking of.\n\nThere are no good answers here, in part because anti-semites don't care as long as they can boost their hate, anti-Arab/Muslim people don't care as long as they can boost their hate, and a lot of people who aren't outright hateful still repeat the boosted stuff believing incorrectly that it *isn't* hateful.  Like I said, bigger problem than here.\n\nThe only option not on the table is to allow the hate speech to linger.  That's not going to happen.  Anything else, though, I'm all ears.\n\n(Do not debate it here in this post.  If you have to ask if it's hate speech, it's probably hate speech.)\n\n2) **Moderation in General**: Traditionally, the rules on the sidebar have been less hard-and-fast and more \"hard suggestions.\"  The predominant approach over the years was a hands-off one.  Is that still working for people?\n\nThanks for making this place one of the more interesting places on the site."], "comment_sentiment": [{"neg": 0.0, "neu": 1.0, "pos": 0.0, "compound": 0.0}, "Maintain the moratorium.\u00a0"]}, {"title": [{"neg": 0.245, "neu": 0.472, "pos": 0.283, "compound": 0.1027}, "Assisted dying advocates are losing their compassion"], "description": [{"neg": 0.0, "neu": 0.0, "pos": 0.0, "compound": 0.0}, ""], "comment_sentiment": [{"neg": 0.076, "neu": 0.84, "pos": 0.084, "compound": -0.2599}, "\nRemember that TrueReddit is a place to engage in **high-quality and civil discussion**. Posts must meet certain content and title requirements. Additionally, **all posts must contain a submission statement.** See the rules [here](https://old.reddit.com/r/truereddit/about/rules/) or in the sidebar for details. \n\nComments or posts that don't follow the rules may be removed without warning. [Reddit's content policy](https://www.redditinc.com/policies/content-policy) will be strictly enforced, especially regarding hate speech and calls for violence, and may result in a restriction in your participation.\n\nIf an article is paywalled, please ***do not*** request or post its contents. Use [archive.ph](https://archive.ph/) or similar and link to that in the comments.\n\n*I am a bot, and this action was performed automatically. Please [contact the moderators of this subreddit](/message/compose/?to=/r/TrueReddit) if you have any questions or concerns.*"]}, {"title": [{"neg": 0.245, "neu": 0.472, "pos": 0.283, "compound": 0.1027}, "Assisted dying advocates are losing their compassion"], "description": [{"neg": 0.0, "neu": 0.0, "pos": 0.0, "compound": 0.0}, ""], "comment_sentiment": [{"neg": 0.0, "neu": 0.944, "pos": 0.056, "compound": 0.1655}, "Anyone have access to the original article, that this was written in response to? From Matthew Parris in the Times. This response piece isn\u2019t gated but that one is."]}, {"title": [{"neg": 0.245, "neu": 0.472, "pos": 0.283, "compound": 0.1027}, "Assisted dying advocates are losing their compassion"], "description": [{"neg": 0.0, "neu": 0.0, "pos": 0.0, "compound": 0.0}, ""], "comment_sentiment": [{"neg": 0.058, "neu": 0.888, "pos": 0.055, "compound": -0.1027}, "Submission statement: Over the last few years many disability advocates and social historians have claimed that there is an ongoing shift in the language used by society to talk about the disabled as assisted dying has grown in legitimacy. It seems, that in the same way that the public of the 1920s were told by the press of the day to embrace euthanasia as a way of dealing with the tens of thousands of people burdened with post-Spanish flu viral sequelae like epilepsy, parkinsons and encephalitis, the public of the 2020s are messaged by the press of today that assisted dying is good, the disabled are faking it and long covid doesn't real.\n\nThis article examines a recent instance of this pro-eugenics astroturfing showing up in the biggest non-tabloid UK newpaper, The Times."]}, {"title": [{"neg": 0.0, "neu": 0.707, "pos": 0.293, "compound": 0.4404}, "The quiet disappearance of the safe deposit box"], "description": [{"neg": 0.0, "neu": 0.0, "pos": 0.0, "compound": 0.0}, ""], "comment_sentiment": [{"neg": 0.076, "neu": 0.84, "pos": 0.084, "compound": -0.2599}, "\nRemember that TrueReddit is a place to engage in **high-quality and civil discussion**. Posts must meet certain content and title requirements. Additionally, **all posts must contain a submission statement.** See the rules [here](https://old.reddit.com/r/truereddit/about/rules/) or in the sidebar for details. \n\nComments or posts that don't follow the rules may be removed without warning. [Reddit's content policy](https://www.redditinc.com/policies/content-policy) will be strictly enforced, especially regarding hate speech and calls for violence, and may result in a restriction in your participation.\n\nIf an article is paywalled, please ***do not*** request or post its contents. Use [archive.ph](https://archive.ph/) or similar and link to that in the comments.\n\n*I am a bot, and this action was performed automatically. Please [contact the moderators of this subreddit](/message/compose/?to=/r/TrueReddit) if you have any questions or concerns.*"]}, {"title": [{"neg": 0.0, "neu": 0.707, "pos": 0.293, "compound": 0.4404}, "The quiet disappearance of the safe deposit box"], "description": [{"neg": 0.0, "neu": 0.0, "pos": 0.0, "compound": 0.0}, ""], "comment_sentiment": [{"neg": 0.07, "neu": 0.864, "pos": 0.066, "compound": -0.0516}, "Submission Statement: While not as topical as many stories posted to the sub, I found this piece drew me in. It started when a friend ranted about not being able to find a safe-deposit box. The reason for my friend's distress seems to be long-term economic trends."]}, {"title": [{"neg": 0.0, "neu": 0.707, "pos": 0.293, "compound": 0.4404}, "The quiet disappearance of the safe deposit box"], "description": [{"neg": 0.0, "neu": 0.0, "pos": 0.0, "compound": 0.0}, ""], "comment_sentiment": [{"neg": 0.0, "neu": 0.876, "pos": 0.124, "compound": 0.7351}, "I have one across the state. I tried last year to get it transferred, but the guy at Chase was like, \"We can close this, but you probably won't find another branch that will have one for you,\" and sure enough, I guess I'll be keeping that one then."]}, {"title": [{"neg": 0.0, "neu": 0.707, "pos": 0.293, "compound": 0.4404}, "The quiet disappearance of the safe deposit box"], "description": [{"neg": 0.0, "neu": 0.0, "pos": 0.0, "compound": 0.0}, ""], "comment_sentiment": [{"neg": 0.183, "neu": 0.793, "pos": 0.024, "compound": -0.7944}, "For those that haven't dealt with boxes from an operations perspective they are horrible. They aren't worth the headache for the $60-$100 a year we charge the customers. Too much room for error and too many regulations. The risk is huge. If we could charge $300 to $500 per year it would totally be worth it but no one wants to pay that much."]}, {"title": [{"neg": 0.191, "neu": 0.656, "pos": 0.153, "compound": -0.1779}, "Amateur diver 'true crime junkies' have found 11 bodies, 350 sunken cars in Florida"], "description": [{"neg": 0.0, "neu": 0.0, "pos": 0.0, "compound": 0.0}, ""], "comment_sentiment": [{"neg": 0.076, "neu": 0.84, "pos": 0.084, "compound": -0.2599}, "\nRemember that TrueReddit is a place to engage in **high-quality and civil discussion**. Posts must meet certain content and title requirements. Additionally, **all posts must contain a submission statement.** See the rules [here](https://old.reddit.com/r/truereddit/about/rules/) or in the sidebar for details. \n\nComments or posts that don't follow the rules may be removed without warning. [Reddit's content policy](https://www.redditinc.com/policies/content-policy) will be strictly enforced, especially regarding hate speech and calls for violence, and may result in a restriction in your participation.\n\nIf an article is paywalled, please ***do not*** request or post its contents. Use [archive.ph](https://archive.ph/) or similar and link to that in the comments.\n\n*I am a bot, and this action was performed automatically. Please [contact the moderators of this subreddit](/message/compose/?to=/r/TrueReddit) if you have any questions or concerns.*"]}, {"title": [{"neg": 0.191, "neu": 0.656, "pos": 0.153, "compound": -0.1779}, "Amateur diver 'true crime junkies' have found 11 bodies, 350 sunken cars in Florida"], "description": [{"neg": 0.0, "neu": 0.0, "pos": 0.0, "compound": 0.0}, ""], "comment_sentiment": [{"neg": 0.0, "neu": 1.0, "pos": 0.0, "compound": 0.0}, "Doing ~~God\u2019s~~ Police work. If two guy can do this why isn\u2019t it a unit of 2 police divers on the payroll to do this yearly?"]}, {"title": [{"neg": 0.191, "neu": 0.656, "pos": 0.153, "compound": -0.1779}, "Amateur diver 'true crime junkies' have found 11 bodies, 350 sunken cars in Florida"], "description": [{"neg": 0.0, "neu": 0.0, "pos": 0.0, "compound": 0.0}, ""], "comment_sentiment": [{"neg": 0.054, "neu": 0.799, "pos": 0.147, "compound": 0.8945}, "In the last two years, the half-brother owners of Sunshine State Sonar have found more than 350 cars in canals, ponds and waterways across Florida. They have discovered remains of 11 missing people inside cars, giving answers to relatives who had spent years agonizing over the mysteries of their loved ones' disappearances.\n\nThese weekend fishermen turned amateur underwater detectives were regular true-crime junkies, but now they  dive into cold cases, searching for the disappeared. They choose the cases themselves, following threads online (INCLUDING REDDIT). Other times, law enforcement asks for their help.\n\nPretty cool story about why and how they do it."]}, {"title": [{"neg": 0.583, "neu": 0.417, "pos": 0.0, "compound": -0.8126}, "A Ghost Ship\u2019s Doomed Journey Through the Gate of Tears"], "description": [{"neg": 0.0, "neu": 0.0, "pos": 0.0, "compound": 0.0}, ""], "comment_sentiment": [{"neg": 0.076, "neu": 0.84, "pos": 0.084, "compound": -0.2599}, "\nRemember that TrueReddit is a place to engage in **high-quality and civil discussion**. Posts must meet certain content and title requirements. Additionally, **all posts must contain a submission statement.** See the rules [here](https://old.reddit.com/r/truereddit/about/rules/) or in the sidebar for details. \n\nComments or posts that don't follow the rules may be removed without warning. [Reddit's content policy](https://www.redditinc.com/policies/content-policy) will be strictly enforced, especially regarding hate speech and calls for violence, and may result in a restriction in your participation.\n\nIf an article is paywalled, please ***do not*** request or post its contents. Use [archive.ph](https://archive.ph/) or similar and link to that in the comments.\n\n*I am a bot, and this action was performed automatically. Please [contact the moderators of this subreddit](/message/compose/?to=/r/TrueReddit) if you have any questions or concerns.*"]}]