[{"title": "CMV: All men are depraved", "description": "[deleted]", "comment": "/u/SakuraYanfuyu (OP) has awarded 2 delta(s) in this post.\n\nAll comments that earned deltas (from OP or other users) are listed [here](/r/DeltaLog/comments/1bssz1h/deltas_awarded_in_cmv_all_men_are_depraved/), in /r/DeltaLog.\n\nPlease note that a change of view doesn't necessarily mean a reversal, or that the conversation has ended.\n\n^[Delta\u00a0System\u00a0Explained](https://www.reddit.com/r/changemyview/wiki/deltasystem) ^| ^[Deltaboards](https://www.reddit.com/r/changemyview/wiki/deltaboards)", "title_sentiment": {"neg": 0.0, "neu": 1.0, "pos": 0.0, "compound": 0.0}, "description_sentiment": {"neg": 0.0, "neu": 1.0, "pos": 0.0, "compound": 0.0}, "comment_sentiment": {"neg": 0.0, "neu": 0.894, "pos": 0.106, "compound": 0.6124}, "title_keywords": {"CMV": 1, "men": 1}, "description_keywords": {"]": 1}, "comment_keywords": {"/u/SakuraYanfuyu": 1, "OP": 2, "delta": 1, "s": 1, "post": 1, "comments": 1, "deltas": 1, "other": 1, "users": 1, "]": 3, "/r/DeltaLog/comments/1bssz1h/deltas_awarded_in_cmv_all_men_are_depraved/": 1, "/r/DeltaLog": 1, "Please": 1, "change": 1, "view": 1, "reversal": 1, "conversation": 1, "^": 2, "[": 2, "Delta": 1, "System": 1, "https": 2, "//www.reddit.com/r/changemyview/wiki/deltasystem": 1, "Deltaboards": 1, "//www.reddit.com/r/changemyview/wiki/deltaboards": 1}}, {"title": "CMV: All men are depraved", "description": "[deleted]", "comment": "Do you believe every single man is depraved?  Do you believe this is biological behavior or learned behavior?  Millions of men live their entire lives without committing the offenses you\u2019re talking about.\n\nDo you believe gay men are depraved in this way?\n\nLook, I really respect why you feel this way because our perspectives come from our own experiences.  With what you\u2019ve seen in your own life, it makes sense why you would feel all men are this way.  All the men in your life are this way.  \n\nThat being said, it\u2019s just not the reality of all men in the world.  Millions of men are not.  The thing is, those men don\u2019t stand out on social media for those qualities, and people don\u2019t post about them because why would they?  Even if they did it doesn\u2019t drive engagement so it won\u2019t show up in your feeds.  \n\nMillions of men go to work, love their families, enjoy their hobbies, and don\u2019t post on social media.  It\u2019s a simple life, and it doesn\u2019t get much attention on social media because why would it?\n\nA majority of people are good, the bad ones are just 10x as loud and visible.", "title_sentiment": {"neg": 0.0, "neu": 1.0, "pos": 0.0, "compound": 0.0}, "description_sentiment": {"neg": 0.0, "neu": 1.0, "pos": 0.0, "compound": 0.0}, "comment_sentiment": {"neg": 0.022, "neu": 0.884, "pos": 0.093, "compound": 0.9436}, "title_keywords": {"CMV": 1, "men": 1}, "description_keywords": {"]": 1}, "comment_keywords": {"single": 1, "man": 1, "biological": 1, "behavior": 1, "Millions": 3, "men": 8, "entire": 1, "lives": 1, "offenses": 1, "way": 4, "Look": 1, "perspectives": 1, "own": 2, "experiences": 1, "ve": 1, "life": 3, "sense": 1, "reality": 1, "world": 1, "thing": 1, "\u2019": 6, "t": 5, "social": 3, "media": 3, "qualities": 1, "people": 2, "post": 2, "engagement": 1, "show": 1, "feeds": 1, "families": 1, "hobbies": 1, "simple": 1, "much": 1, "attention": 1, "majority": 1, "good": 1, "bad": 1, "ones": 1, "loud": 1, "visible": 1}}, {"title": "CMV: All men are depraved", "description": "[deleted]", "comment": "[removed]", "title_sentiment": {"neg": 0.0, "neu": 1.0, "pos": 0.0, "compound": 0.0}, "description_sentiment": {"neg": 0.0, "neu": 1.0, "pos": 0.0, "compound": 0.0}, "comment_sentiment": {"neg": 0.0, "neu": 1.0, "pos": 0.0, "compound": 0.0}, "title_keywords": {"CMV": 1, "men": 1}, "description_keywords": {"]": 1}, "comment_keywords": {"[": 1, "]": 1}}, {"title": "CMV: All men are depraved", "description": "[deleted]", "comment": "[removed]", "title_sentiment": {"neg": 0.0, "neu": 1.0, "pos": 0.0, "compound": 0.0}, "description_sentiment": {"neg": 0.0, "neu": 1.0, "pos": 0.0, "compound": 0.0}, "comment_sentiment": {"neg": 0.0, "neu": 1.0, "pos": 0.0, "compound": 0.0}, "title_keywords": {"CMV": 1, "men": 1}, "description_keywords": {"]": 1}, "comment_keywords": {"[": 1, "]": 1}}, {"title": "CMV: All men are depraved", "description": "[deleted]", "comment": "Statistically speaking, most men are not rapists or even have a history of any kind of violence. I hope you can agree to that. Those men are an awful minority and their behaviour should not and logically cannot be generalized to all men.\n\nWhen it comes to how men often think about and talk about women, you have pointed to a real problem, one that a feminist might call toxic masculinity. While these traits also dont describe every single man, its not entirely unreasonable to lable them as traits men are likely to have. The reason for this isn't fundamental to being a man, but created by their lived experience. Men are socialized to be tough and aloof, to see women and womens purity as goods to be obtained. Its not their fault that they had those influences and they absolutely can change. For many men, learning to see those tendencies and work on them is a big part of maturing into adulthood. \n\nAs for actual advise on how to be less bigoted towards men, people replying to your reddit post just can't do it I'm afraid. I'd be happy to try if you want to engage but what you really need is to befriend some men. Get to know them, see their humanity, and if it turns out that they have some of those aforementioned traits, gently try to push them in the right direction.", "title_sentiment": {"neg": 0.0, "neu": 1.0, "pos": 0.0, "compound": 0.0}, "description_sentiment": {"neg": 0.0, "neu": 1.0, "pos": 0.0, "compound": 0.0}, "comment_sentiment": {"neg": 0.033, "neu": 0.867, "pos": 0.1, "compound": 0.9486}, "title_keywords": {"CMV": 1, "men": 1}, "description_keywords": {"]": 1}, "comment_keywords": {"most": 1, "men": 8, "rapists": 1, "history": 1, "kind": 1, "violence": 1, "awful": 1, "minority": 1, "behaviour": 1, "women": 2, "real": 1, "problem": 1, "feminist": 1, "toxic": 1, "masculinity": 1, "traits": 3, "describe": 1, "single": 1, "man": 2, "unreasonable": 1, "likely": 1, "reason": 1, "fundamental": 1, "lived": 1, "experience": 1, "Men": 1, "tough": 1, "aloof": 1, "purity": 1, "goods": 1, "fault": 1, "influences": 1, "many": 1, "tendencies": 1, "work": 1, "big": 1, "part": 1, "adulthood": 1, "actual": 1, "advise": 1, "bigoted": 1, "towards": 1, "people": 1, "reddit": 1, "post": 1, "afraid": 1, "happy": 1, "humanity": 1, "aforementioned": 1, "right": 1, "direction": 1}}, {"title": "Cmv: Prioritizing Child Well-being: Pre-Parenting Evaluations Needed!", "description": "[removed]", "comment": "Your post has been removed for breaking Rule A:\n\n&gt; **Explain the reasoning behind your view, not just what that view is (500+ characters required).** [[See the wiki page for more information](https://www.reddit.com/r/changemyview/wiki/rules#wiki_rule_a)].\n\nIf you would like to appeal, review our appeals process [here](https://www.reddit.com/r/changemyview/wiki/modstandards#wiki_appeal_process), then [message the moderators by clicking this link](http://www.reddit.com/message/compose?to=%2Fr%2Fchangemyview&amp;subject=Rule%20A%20Appeal&amp;message=Author%20would%20like%20to%20appeal%20the%20removal%20of%20their%20post%20because\\.\\.\\.) within one week of this notice being posted. **Appeals that do not follow this process will not be heard.** \n\nPlease note that multiple violations will lead to a ban, as explained in our [moderation standards](https://www.reddit.com/r/changemyview/wiki/modstandards).", "title_sentiment": {"neg": 0.0, "neu": 1.0, "pos": 0.0, "compound": 0.0}, "description_sentiment": {"neg": 0.0, "neu": 1.0, "pos": 0.0, "compound": 0.0}, "comment_sentiment": {"neg": 0.097, "neu": 0.876, "pos": 0.027, "compound": -0.7552}, "title_keywords": {"Cmv": 1, "Child": 1, "Well-being": 1, "Pre-Parenting": 1, "Evaluations": 1}, "description_keywords": {"[": 1, "]": 1}, "comment_keywords": {"post": 1, "Rule": 1, "A": 1, "gt": 1, "Explain": 1, "view": 2, "characters": 1, "*": 5, "[": 5, "See": 1, "wiki": 1, "page": 1, "more": 1, "information": 1, "]": 5, "https": 3, "//www.reddit.com/r/changemyview/wiki/rules": 1, "wiki_rule_a": 1, "appeals": 1, "process": 2, "//www.reddit.com/r/changemyview/wiki/modstandards": 2, "wiki_appeal_process": 1, "message": 1, "moderators": 1, "link": 1, "http": 1, "%": 14, "amp": 2, "week": 1, "notice": 1, "Appeals": 1, "Please": 1, "note": 1, "multiple": 1, "violations": 1, "ban": 1, "moderation": 1, "standards": 1}}, {"title": "Cmv: Prioritizing Child Well-being: Pre-Parenting Evaluations Needed!", "description": "[removed]", "comment": "&gt; Some may argue that such legislation could lead to eugenic practices or selective breeding. However, the intention behind this proposal is not to promote a superior race but rather to ensure that all children are born into environments conducive to their growth and development.\n\nAs always, the question is: who decides what is an *\"environment conducive to their growth and development\"*?\n\nWhat if the people in charge decided that only Christian households  are conducive to the growth and development? Or only households with a stay-at-home mother?", "title_sentiment": {"neg": 0.0, "neu": 1.0, "pos": 0.0, "compound": 0.0}, "description_sentiment": {"neg": 0.0, "neu": 1.0, "pos": 0.0, "compound": 0.0}, "comment_sentiment": {"neg": 0.054, "neu": 0.801, "pos": 0.145, "compound": 0.8984}, "title_keywords": {"Cmv": 1, "Child": 1, "Well-being": 1, "Pre-Parenting": 1, "Evaluations": 1}, "description_keywords": {"[": 1, "]": 1}, "comment_keywords": {"gt": 1, "such": 1, "legislation": 1, "eugenic": 1, "practices": 1, "selective": 1, "breeding": 1, "intention": 1, "proposal": 1, "superior": 1, "race": 1, "children": 1, "environments": 1, "growth": 3, "development": 3, "question": 1, "*": 2, "environment": 1, "conducive": 2, "people": 1, "charge": 1, "Christian": 1, "households": 2, "stay-at-home": 1, "mother": 1}}, {"title": "Cmv: Prioritizing Child Well-being: Pre-Parenting Evaluations Needed!", "description": "[removed]", "comment": "What happens if someone is pregnant but isn't approved? Could you please explain what would happen after the child is born to both the child and the adult.\n\nHow do you plan to safeguard this so bigotry doesn't impact these decisions?", "title_sentiment": {"neg": 0.0, "neu": 1.0, "pos": 0.0, "compound": 0.0}, "description_sentiment": {"neg": 0.0, "neu": 1.0, "pos": 0.0, "compound": 0.0}, "comment_sentiment": {"neg": 0.063, "neu": 0.797, "pos": 0.141, "compound": 0.5736}, "title_keywords": {"Cmv": 1, "Child": 1, "Well-being": 1, "Pre-Parenting": 1, "Evaluations": 1}, "description_keywords": {"[": 1, "]": 1}, "comment_keywords": {"someone": 1, "pregnant": 1, "Could": 1, "child": 2, "adult": 1, "bigotry": 1, "decisions": 1}}, {"title": "Cmv: Prioritizing Child Well-being: Pre-Parenting Evaluations Needed!", "description": "[removed]", "comment": "This is a view where you take a positive outcome \"providing every child with an equal opportunity for success, regardless of their background or ancestry.\", which basically everyone agrees with, but then you don't specify exactly what the legislation says or how it would actually mechanically bring about the outcome.\n\n\nThere's just not enough specifics to really even talk about this. You want to just legislate that parents be good parents, but this isn't how laws work. If you write a law that says \"Parents must meet X criteria in order to have children\", you have to be prepared to specify what X is in more detail, and you have to argue that X will actually result in meaningful progress towards your goals *and* you probably need to specify some kind of consequence for not meeting X. I don't think \"you're not allowed to get pregnant\" makes any sense. Are we talking mandatory abortions? Taking away children from their parents? There are just so many ways thus can spiral off into a completely ineffective, backfiring, or downright dystopian implementations.\n\n\nAgain, the goal is wonderful sounding. But you have to articulate more clearly how this legislation would actually achieve that goal.", "title_sentiment": {"neg": 0.0, "neu": 1.0, "pos": 0.0, "compound": 0.0}, "description_sentiment": {"neg": 0.0, "neu": 1.0, "pos": 0.0, "compound": 0.0}, "comment_sentiment": {"neg": 0.024, "neu": 0.823, "pos": 0.153, "compound": 0.9772}, "title_keywords": {"Cmv": 1, "Child": 1, "Well-being": 1, "Pre-Parenting": 1, "Evaluations": 1}, "description_keywords": {"[": 1, "]": 1}, "comment_keywords": {"view": 1, "positive": 1, "outcome": 2, "child": 1, "equal": 1, "opportunity": 1, "success": 1, "background": 1, "ancestry": 1, "everyone": 1, "legislation": 2, "enough": 1, "specifics": 1, "parents": 3, "good": 1, "laws": 1, "law": 1, "Parents": 1, "X": 3, "criteria": 1, "order": 1, "children": 2, "more": 2, "detail": 1, "meaningful": 1, "progress": 1, "goals": 1, "kind": 1, "consequence": 1, "X.": 1, "pregnant": 1, "sense": 1, "mandatory": 1, "abortions": 1, "many": 1, "ways": 1, "ineffective": 1, "backfiring": 1, "dystopian": 1, "implementations": 1, "Again": 1, "goal": 2, "wonderful": 1}}, {"title": "Cmv: Prioritizing Child Well-being: Pre-Parenting Evaluations Needed!", "description": "[removed]", "comment": "Possible to go 1 week without a eugenics or eugenics adjacent advocacy post? I think I spend too much time here\n\n&gt; Some may argue that such legislation could lead to eugenic practices or selective breeding. However, the intention behind this proposal is not to promote a superior race but rather to ensure that all children are born into environments conducive to their growth and development.\n\nThis is just eugenics on the euphemism treadmill, you don't have to have a master race belief system to subscribe to eugenics. \"Conducive to growth and development\" is entirely subjective - \"hello I am dr. Eugene Icks, my studies show children born to 2 Protestant parents are the most efficiently grown and developed, therefore breeding will be prioritized to 2 parent Protestant households\"", "title_sentiment": {"neg": 0.0, "neu": 1.0, "pos": 0.0, "compound": 0.0}, "description_sentiment": {"neg": 0.0, "neu": 1.0, "pos": 0.0, "compound": 0.0}, "comment_sentiment": {"neg": 0.04, "neu": 0.852, "pos": 0.108, "compound": 0.8995}, "title_keywords": {"Cmv": 1, "Child": 1, "Well-being": 1, "Pre-Parenting": 1, "Evaluations": 1}, "description_keywords": {"[": 1, "]": 1}, "comment_keywords": {"Possible": 1, "week": 1, "eugenics": 3, "adjacent": 1, "advocacy": 1, "post": 1, "much": 1, "time": 1, "gt": 1, "such": 1, "legislation": 1, "eugenic": 1, "practices": 1, "selective": 1, "breeding": 2, "intention": 1, "proposal": 1, "superior": 1, "race": 2, "children": 2, "environments": 1, "growth": 2, "development": 2, "euphemism": 1, "treadmill": 1, "master": 1, "belief": 1, "system": 1, "Conducive": 1, "subjective": 1, "hello": 1, "dr.": 1, "Eugene": 1, "Icks": 1, "studies": 1, "Protestant": 2, "parents": 1, "parent": 1, "households": 1}}]