[{"title": "Why Weak College Guys Have Megyn Worried About the Future of Mankind: \u201cWho are the young, college girls going to sleep with? Because they\u2019ve run out of real men.\u201d", "description": "", "comment": "life pro tip, never listen to anybody who tries to decide what makes a \"real man\"", "title_sentiment": {"neg": 0.159, "neu": 0.841, "pos": 0.0, "compound": -0.6249}, "description_sentiment": {"neg": 0.0, "neu": 0.0, "pos": 0.0, "compound": 0.0}, "comment_sentiment": {"neg": 0.0, "neu": 1.0, "pos": 0.0, "compound": 0.0}, "title_keywords": {"Weak": 1, "College": 1, "Guys": 1, "Have": 1, "Megyn": 1, "Worried": 1, "Future": 1, "Mankind": 1, "\u201c": 1, "young": 1, "college": 1, "girls": 1, "ve": 1, "real": 1, "men": 1, "\u201d": 1}, "description_keywords": {}, "comment_keywords": {"life": 1, "pro": 1, "tip": 1, "anybody": 1, "real": 1, "man": 1}}, {"title": "Why Weak College Guys Have Megyn Worried About the Future of Mankind: \u201cWho are the young, college girls going to sleep with? Because they\u2019ve run out of real men.\u201d", "description": "", "comment": "I have degrees and 5 combat tours.  Education and masculinity don't need to be mutually exclusive.", "title_sentiment": {"neg": 0.159, "neu": 0.841, "pos": 0.0, "compound": -0.6249}, "description_sentiment": {"neg": 0.0, "neu": 0.0, "pos": 0.0, "compound": 0.0}, "comment_sentiment": {"neg": 0.151, "neu": 0.755, "pos": 0.094, "compound": -0.2263}, "title_keywords": {"Weak": 1, "College": 1, "Guys": 1, "Have": 1, "Megyn": 1, "Worried": 1, "Future": 1, "Mankind": 1, "\u201c": 1, "young": 1, "college": 1, "girls": 1, "ve": 1, "real": 1, "men": 1, "\u201d": 1}, "description_keywords": {}, "comment_keywords": {"degrees": 1, "combat": 1, "tours": 1, "Education": 1, "masculinity": 1, "exclusive": 1}}, {"title": "Why Weak College Guys Have Megyn Worried About the Future of Mankind: \u201cWho are the young, college girls going to sleep with? Because they\u2019ve run out of real men.\u201d", "description": "", "comment": "Real men have alao run out of real women.", "title_sentiment": {"neg": 0.159, "neu": 0.841, "pos": 0.0, "compound": -0.6249}, "description_sentiment": {"neg": 0.0, "neu": 0.0, "pos": 0.0, "compound": 0.0}, "comment_sentiment": {"neg": 0.0, "neu": 1.0, "pos": 0.0, "compound": 0.0}, "title_keywords": {"Weak": 1, "College": 1, "Guys": 1, "Have": 1, "Megyn": 1, "Worried": 1, "Future": 1, "Mankind": 1, "\u201c": 1, "young": 1, "college": 1, "girls": 1, "ve": 1, "real": 1, "men": 1, "\u201d": 1}, "description_keywords": {}, "comment_keywords": {"Real": 1, "men": 1, "real": 1, "women": 1}}, {"title": "Why Weak College Guys Have Megyn Worried About the Future of Mankind: \u201cWho are the young, college girls going to sleep with? Because they\u2019ve run out of real men.\u201d", "description": "", "comment": "Lmao, has she seen college girls these days? No wonder the guys don't want them.", "title_sentiment": {"neg": 0.159, "neu": 0.841, "pos": 0.0, "compound": -0.6249}, "description_sentiment": {"neg": 0.0, "neu": 0.0, "pos": 0.0, "compound": 0.0}, "comment_sentiment": {"neg": 0.177, "neu": 0.621, "pos": 0.202, "compound": 0.3565}, "title_keywords": {"Weak": 1, "College": 1, "Guys": 1, "Have": 1, "Megyn": 1, "Worried": 1, "Future": 1, "Mankind": 1, "\u201c": 1, "young": 1, "college": 1, "girls": 1, "ve": 1, "real": 1, "men": 1, "\u201d": 1}, "description_keywords": {}, "comment_keywords": {"Lmao": 1, "college": 1, "girls": 1, "days": 1, "wonder": 1, "guys": 1}}, {"title": "Why Weak College Guys Have Megyn Worried About the Future of Mankind: \u201cWho are the young, college girls going to sleep with? Because they\u2019ve run out of real men.\u201d", "description": "", "comment": "Uh, the new \"Conservative\" fear is that 19 year old girls won't have enough college guys to have casual sex with? Okay...", "title_sentiment": {"neg": 0.159, "neu": 0.841, "pos": 0.0, "compound": -0.6249}, "description_sentiment": {"neg": 0.0, "neu": 0.0, "pos": 0.0, "compound": 0.0}, "comment_sentiment": {"neg": 0.128, "neu": 0.8, "pos": 0.072, "compound": -0.34}, "title_keywords": {"Weak": 1, "College": 1, "Guys": 1, "Have": 1, "Megyn": 1, "Worried": 1, "Future": 1, "Mankind": 1, "\u201c": 1, "young": 1, "college": 1, "girls": 1, "ve": 1, "real": 1, "men": 1, "\u201d": 1}, "description_keywords": {}, "comment_keywords": {"Uh": 1, "new": 1, "Conservative": 1, "fear": 1, "year": 1, "old": 1, "girls": 1, "enough": 1, "college": 1, "guys": 1, "casual": 1, "sex": 1}}, {"title": "Antisemitism Goes Hand-in-Hand With Societal Decay", "description": "", "comment": "I would say having a completely corrupted government who hates their own citizens does a lot more to decay society.\u00a0", "title_sentiment": {"neg": 0.351, "neu": 0.649, "pos": 0.0, "compound": -0.4019}, "description_sentiment": {"neg": 0.0, "neu": 0.0, "pos": 0.0, "compound": 0.0}, "comment_sentiment": {"neg": 0.282, "neu": 0.718, "pos": 0.0, "compound": -0.7076}, "title_keywords": {"Antisemitism": 1, "Hand-in-Hand": 1, "Societal": 1, "Decay": 1}, "description_keywords": {}, "comment_keywords": {"corrupted": 1, "government": 1, "own": 1, "citizens": 1, "lot": 1, "more": 1, "society": 1}}, {"title": "CNBC: Voters Want Trump to Combat Runaway Inflation", "description": "", "comment": "I think this is the main issue drawing independents and swing voters to Trump.", "title_sentiment": {"neg": 0.247, "neu": 0.619, "pos": 0.134, "compound": -0.2732}, "description_sentiment": {"neg": 0.0, "neu": 0.0, "pos": 0.0, "compound": 0.0}, "comment_sentiment": {"neg": 0.0, "neu": 1.0, "pos": 0.0, "compound": 0.0}, "title_keywords": {"CNBC": 1, "Voters": 1, "Trump": 1, "Combat": 1, "Runaway": 1, "Inflation": 1}, "description_keywords": {}, "comment_keywords": {"main": 1, "issue": 1, "independents": 1, "voters": 1, "Trump": 1}}, {"title": "CNBC: Voters Want Trump to Combat Runaway Inflation", "description": "", "comment": "Unlike Biden, the Donald understands basic math, economics AND he\u2019s financially literate. Find me one Dem who can say the same on any of those, I\u2019ll wait.\n\n**Bidenomics** lolol", "title_sentiment": {"neg": 0.247, "neu": 0.619, "pos": 0.134, "compound": -0.2732}, "description_sentiment": {"neg": 0.0, "neu": 0.0, "pos": 0.0, "compound": 0.0}, "comment_sentiment": {"neg": 0.0, "neu": 1.0, "pos": 0.0, "compound": 0.0}, "title_keywords": {"CNBC": 1, "Voters": 1, "Trump": 1, "Combat": 1, "Runaway": 1, "Inflation": 1}, "description_keywords": {}, "comment_keywords": {"Biden": 1, "Donald": 1, "basic": 1, "math": 1, "economics": 1, "Dem": 1, "same": 1, "ll": 1, "wait": 1, "*": 3, "Bidenomics": 1, "lolol": 1}}, {"title": "Forget Mike Johnson: Why would ANY Republican want to be House speaker?", "description": "", "comment": "I'm just as enthusiastic about swamp-draining as the next conservative....but Rome wasn't built in a day....and the dysfunction on the Republican side of the House is becoming increasingly glaring. A half dozen arch-conservatives with an implacable hostility to virtually *any* legislative agenda save their own narrow vision might just help derail our election prospects in November.", "title_sentiment": {"neg": 0.144, "neu": 0.758, "pos": 0.098, "compound": -0.1531}, "description_sentiment": {"neg": 0.0, "neu": 0.0, "pos": 0.0, "compound": 0.0}, "comment_sentiment": {"neg": 0.125, "neu": 0.678, "pos": 0.196, "compound": 0.5859}, "title_keywords": {"Forget": 1, "Mike": 1, "Johnson": 1, "Republican": 1, "want": 1, "House": 1, "speaker": 1}, "description_keywords": {}, "comment_keywords": {"enthusiastic": 1, "swamp-draining": 1, "next": 1, "conservative": 1, "....": 2, "Rome": 1, "day": 1, "dysfunction": 1, "Republican": 1, "side": 1, "House": 1, "half": 1, "dozen": 1, "arch-conservatives": 1, "implacable": 1, "hostility": 1, "*": 1, "legislative": 1, "agenda": 1, "own": 1, "narrow": 1, "vision": 1, "election": 1, "prospects": 1, "November": 1}}, {"title": "Forget Mike Johnson: Why would ANY Republican want to be House speaker?", "description": "", "comment": "Can't be that hard if you at least try to not sell out the people who put you there...\u00a0", "title_sentiment": {"neg": 0.144, "neu": 0.758, "pos": 0.098, "compound": -0.1531}, "description_sentiment": {"neg": 0.0, "neu": 0.0, "pos": 0.0, "compound": 0.0}, "comment_sentiment": {"neg": 0.0, "neu": 0.933, "pos": 0.067, "compound": 0.0762}, "title_keywords": {"Forget": 1, "Mike": 1, "Johnson": 1, "Republican": 1, "want": 1, "House": 1, "speaker": 1}, "description_keywords": {}, "comment_keywords": {"hard": 1, "least": 1, "people": 1}}, {"title": "Forget Mike Johnson: Why would ANY Republican want to be House speaker?", "description": "", "comment": "So you too can get impeached by mostly democrats voting with a few disgruntled republicans!\n\nOh wait...", "title_sentiment": {"neg": 0.144, "neu": 0.758, "pos": 0.098, "compound": -0.1531}, "description_sentiment": {"neg": 0.0, "neu": 0.0, "pos": 0.0, "compound": 0.0}, "comment_sentiment": {"neg": 0.0, "neu": 1.0, "pos": 0.0, "compound": 0.0}, "title_keywords": {"Forget": 1, "Mike": 1, "Johnson": 1, "Republican": 1, "want": 1, "House": 1, "speaker": 1}, "description_keywords": {}, "comment_keywords": {"democrats": 1, "few": 1, "disgruntled": 1, "republicans": 1, "Oh": 1, "wait": 1}}, {"title": "Forget Mike Johnson: Why would ANY Republican want to be House speaker?", "description": "", "comment": "If they had an ounce of patriotism or service to their country. Anyone in the Freedom Caucus would be proud to serve.\n\nLet the shills cry and give it to us then.", "title_sentiment": {"neg": 0.144, "neu": 0.758, "pos": 0.098, "compound": -0.1531}, "description_sentiment": {"neg": 0.0, "neu": 0.0, "pos": 0.0, "compound": 0.0}, "comment_sentiment": {"neg": 0.079, "neu": 0.736, "pos": 0.185, "compound": 0.6369}, "title_keywords": {"Forget": 1, "Mike": 1, "Johnson": 1, "Republican": 1, "want": 1, "House": 1, "speaker": 1}, "description_keywords": {}, "comment_keywords": {"ounce": 1, "patriotism": 1, "service": 1, "country": 1, "Anyone": 1, "Freedom": 1, "Caucus": 1, "proud": 1, "shills": 1, "cry": 1}}, {"title": "Pro-Palestinian protesters interrupt Easter Vigil service at St. Patrick's Cathedral in NYC", "description": "", "comment": "\u266b Try that in a small synagogue \u266a\u266b\u266c", "title_sentiment": {"neg": 0.301, "neu": 0.699, "pos": 0.0, "compound": -0.5106}, "description_sentiment": {"neg": 0.0, "neu": 0.0, "pos": 0.0, "compound": 0.0}, "comment_sentiment": {"neg": 0.0, "neu": 1.0, "pos": 0.0, "compound": 0.0}, "title_keywords": {"Pro-Palestinian": 1, "protesters": 1, "Easter": 1, "Vigil": 1, "service": 1, "St.": 1, "Patrick": 1, "Cathedral": 1, "NYC": 1}, "description_keywords": {}, "comment_keywords": {"\u266b": 1, "Try": 1, "small": 1, "synagogue": 1, "\u266a\u266b\u266c": 1}}, {"title": "The man who caused the 2008 financial collapse that hurt millions of Americans is given a $10 million bond, while the man that had ZERO victims and hurt no one was given a $455 million bind. It makes no sense!", "description": "", "comment": "Tired of reporting this thread?  [Debate us on discord instead.](https://discord.com/invite/conservative)\n\n*I am a bot, and this action was performed automatically. Please [contact the moderators of this subreddit](/message/compose/?to=/r/Conservative) if you have any questions or concerns.*", "title_sentiment": {"neg": 0.347, "neu": 0.653, "pos": 0.0, "compound": -0.9432}, "description_sentiment": {"neg": 0.0, "neu": 0.0, "pos": 0.0, "compound": 0.0}, "comment_sentiment": {"neg": 0.156, "neu": 0.784, "pos": 0.06, "compound": -0.5661}, "title_keywords": {"man": 2, "financial": 1, "collapse": 1, "millions": 1, "Americans": 1, "bond": 1, "ZERO": 1, "victims": 1, "one": 1, "bind": 1, "sense": 1}, "description_keywords": {}, "comment_keywords": {"Tired": 1, "thread": 1, "[": 2, "Debate": 1, "discord": 1, "]": 2, "https": 1, "//discord.com/invite/conservative": 1, "bot": 1, "action": 1, "Please": 1, "moderators": 1, "subreddit": 1, "/message/compose/": 1, "to=/r/Conservative": 1, "questions": 1, "concerns": 1, "*": 1}}, {"title": "The man who caused the 2008 financial collapse that hurt millions of Americans is given a $10 million bond, while the man that had ZERO victims and hurt no one was given a $455 million bind. It makes no sense!", "description": "", "comment": "Madoff didn't cause the financial collapse. He was the biggest fraudster in history, probably, but that scheme didn't move the needle on the worldwide economy.", "title_sentiment": {"neg": 0.347, "neu": 0.653, "pos": 0.0, "compound": -0.9432}, "description_sentiment": {"neg": 0.0, "neu": 0.0, "pos": 0.0, "compound": 0.0}, "comment_sentiment": {"neg": 0.159, "neu": 0.841, "pos": 0.0, "compound": -0.5187}, "title_keywords": {"man": 2, "financial": 1, "collapse": 1, "millions": 1, "Americans": 1, "bond": 1, "ZERO": 1, "victims": 1, "one": 1, "bind": 1, "sense": 1}, "description_keywords": {}, "comment_keywords": {"Madoff": 1, "financial": 1, "collapse": 1, "biggest": 1, "fraudster": 1, "history": 1, "scheme": 1, "needle": 1, "worldwide": 1, "economy": 1}}, {"title": "The man who caused the 2008 financial collapse that hurt millions of Americans is given a $10 million bond, while the man that had ZERO victims and hurt no one was given a $455 million bind. It makes no sense!", "description": "", "comment": "Bernie Madoff didn\u2019t cause the 08 collapse, greedy banks did.", "title_sentiment": {"neg": 0.347, "neu": 0.653, "pos": 0.0, "compound": -0.9432}, "description_sentiment": {"neg": 0.0, "neu": 0.0, "pos": 0.0, "compound": 0.0}, "comment_sentiment": {"neg": 0.407, "neu": 0.593, "pos": 0.0, "compound": -0.6705}, "title_keywords": {"man": 2, "financial": 1, "collapse": 1, "millions": 1, "Americans": 1, "bond": 1, "ZERO": 1, "victims": 1, "one": 1, "bind": 1, "sense": 1}, "description_keywords": {}, "comment_keywords": {"Bernie": 1, "Madoff": 1, "didn": 1, "\u2019": 1, "t": 1, "cause": 1, "collapse": 1, "greedy": 1, "banks": 1}}, {"title": "The man who caused the 2008 financial collapse that hurt millions of Americans is given a $10 million bond, while the man that had ZERO victims and hurt no one was given a $455 million bind. It makes no sense!", "description": "", "comment": "Well, I think I Madoff was a federal prosecution.", "title_sentiment": {"neg": 0.347, "neu": 0.653, "pos": 0.0, "compound": -0.9432}, "description_sentiment": {"neg": 0.0, "neu": 0.0, "pos": 0.0, "compound": 0.0}, "comment_sentiment": {"neg": 0.344, "neu": 0.43, "pos": 0.226, "compound": -0.2732}, "title_keywords": {"man": 2, "financial": 1, "collapse": 1, "millions": 1, "Americans": 1, "bond": 1, "ZERO": 1, "victims": 1, "one": 1, "bind": 1, "sense": 1}, "description_keywords": {}, "comment_keywords": {"Madoff": 1, "federal": 1, "prosecution": 1}}, {"title": "The man who caused the 2008 financial collapse that hurt millions of Americans is given a $10 million bond, while the man that had ZERO victims and hurt no one was given a $455 million bind. It makes no sense!", "description": "", "comment": "Good lord is this a lot of incorrect information in one post. Do better, OP. \n\nBernie Madoff (who, I always enjoy mentioning, was a prolific democratic donor) had nothing to do with the financial collapse. Also, release bail and an appeal bond against a judgement are not remotely the same thing.", "title_sentiment": {"neg": 0.347, "neu": 0.653, "pos": 0.0, "compound": -0.9432}, "description_sentiment": {"neg": 0.0, "neu": 0.0, "pos": 0.0, "compound": 0.0}, "comment_sentiment": {"neg": 0.058, "neu": 0.779, "pos": 0.163, "compound": 0.7003}, "title_keywords": {"man": 2, "financial": 1, "collapse": 1, "millions": 1, "Americans": 1, "bond": 1, "ZERO": 1, "victims": 1, "one": 1, "bind": 1, "sense": 1}, "description_keywords": {}, "comment_keywords": {"Good": 1, "lord": 1, "lot": 1, "incorrect": 1, "information": 1, "post": 1, "better": 1, "OP": 1, "Bernie": 1, "Madoff": 1, "prolific": 1, "democratic": 1, "donor": 1, "nothing": 1, "financial": 1, "collapse": 1, "release": 1, "bail": 1, "appeal": 1, "bond": 1, "judgement": 1, "same": 1, "thing": 1}}, {"title": "\u201cI\u2019m tired of deleting death threats\u201d: Claudia Sahm on the inconvenient truth about America\u2019s economy - Americans have never had it so good, but they refuse to admit it", "description": "", "comment": "So she is saying we are gaslighting ourselves?", "title_sentiment": {"neg": 0.246, "neu": 0.581, "pos": 0.172, "compound": -0.3978}, "description_sentiment": {"neg": 0.0, "neu": 0.0, "pos": 0.0, "compound": 0.0}, "comment_sentiment": {"neg": 0.0, "neu": 1.0, "pos": 0.0, "compound": 0.0}, "title_keywords": {"\u201c": 1, "death": 1, "threats": 1, "Claudia": 1, "Sahm": 1, "inconvenient": 1, "truth": 1, "America": 1, "\u2019": 1, "economy": 1, "Americans": 1, "good": 1}, "description_keywords": {}, "comment_keywords": {}}, {"title": "\u201cI\u2019m tired of deleting death threats\u201d: Claudia Sahm on the inconvenient truth about America\u2019s economy - Americans have never had it so good, but they refuse to admit it", "description": "", "comment": "Two years ago I paid $5 to $7 for a rib steak. Today a rib steak costs about $12 to $28.\n\nI have to ration gas. \n\nCan't afford to eat out.\n\nI was doing great under Trump.", "title_sentiment": {"neg": 0.246, "neu": 0.581, "pos": 0.172, "compound": -0.3978}, "description_sentiment": {"neg": 0.0, "neu": 0.0, "pos": 0.0, "compound": 0.0}, "comment_sentiment": {"neg": 0.0, "neu": 0.883, "pos": 0.117, "compound": 0.6249}, "title_keywords": {"\u201c": 1, "death": 1, "threats": 1, "Claudia": 1, "Sahm": 1, "inconvenient": 1, "truth": 1, "America": 1, "\u2019": 1, "economy": 1, "Americans": 1, "good": 1}, "description_keywords": {}, "comment_keywords": {"years": 1, "rib": 2, "steak": 2, "gas": 1, "Ca": 1, "great": 1, "Trump": 1}}, {"title": "\u201cI\u2019m tired of deleting death threats\u201d: Claudia Sahm on the inconvenient truth about America\u2019s economy - Americans have never had it so good, but they refuse to admit it", "description": "", "comment": "I just paid $18 for a hamburger, fries, cup of chili, and a drink. Doesn't feel so good lol.", "title_sentiment": {"neg": 0.246, "neu": 0.581, "pos": 0.172, "compound": -0.3978}, "description_sentiment": {"neg": 0.0, "neu": 0.0, "pos": 0.0, "compound": 0.0}, "comment_sentiment": {"neg": 0.0, "neu": 0.672, "pos": 0.328, "compound": 0.7795}, "title_keywords": {"\u201c": 1, "death": 1, "threats": 1, "Claudia": 1, "Sahm": 1, "inconvenient": 1, "truth": 1, "America": 1, "\u2019": 1, "economy": 1, "Americans": 1, "good": 1}, "description_keywords": {}, "comment_keywords": {"hamburger": 1, "fries": 1, "cup": 1, "chili": 1, "drink": 1, "good": 1, "lol": 1}}, {"title": "Protesters screaming 'Free Palestine' ambush Easter Vigil at St Patrick's Cathedral", "description": "", "comment": "Someone is going to end up with a broken nose.", "title_sentiment": {"neg": 0.285, "neu": 0.506, "pos": 0.209, "compound": -0.0516}, "description_sentiment": {"neg": 0.0, "neu": 0.0, "pos": 0.0, "compound": 0.0}, "comment_sentiment": {"neg": 0.279, "neu": 0.721, "pos": 0.0, "compound": -0.4767}, "title_keywords": {"Protesters": 1, "Palestine": 1, "ambush": 1, "Easter": 1, "Vigil": 1, "St": 1, "Patrick": 1, "Cathedral": 1}, "description_keywords": {}, "comment_keywords": {"Someone": 1, "broken": 1, "nose": 1}}, {"title": "Fury as FDNY firefighters are forced to remove Stars and Stripes honoring 9/11 heroes after Democrat lawmaker branded it a 'fascist symbol'", "description": "", "comment": "So, per the article, some rando complains to the city council about the flag. A staffer for a city council person then reached out to the fire department and asked if that breaks any rules (which is what they should do). When it turns out that it does break *a fire department* ban on *any* modified American flag, they\u2019re told to take it down. In the end, the ban is lifted and the flag stays. \n\nSeems like everyone did their job right here? Doesn\u2019t matter where you are on the political spectrum, someone is gonna be a pissed about something and this time it actually went through the steps and was resolved. \n\nAlso that headline is pretty disingenuous.", "title_sentiment": {"neg": 0.313, "neu": 0.486, "pos": 0.201, "compound": -0.5719}, "description_sentiment": {"neg": 0.0, "neu": 0.0, "pos": 0.0, "compound": 0.0}, "comment_sentiment": {"neg": 0.142, "neu": 0.784, "pos": 0.075, "compound": -0.8979}, "title_keywords": {"Fury": 1, "FDNY": 1, "firefighters": 1, "Stars": 1, "Stripes": 1, "heroes": 1, "Democrat": 1, "lawmaker": 1, "'fascist": 1, "symbol": 1}, "description_keywords": {}, "comment_keywords": {"article": 1, "rando": 1, "complains": 1, "city": 2, "council": 2, "flag": 3, "staffer": 1, "person": 1, "fire": 2, "department": 2, "rules": 1, "*": 3, "ban": 2, "American": 1, "re": 1, "end": 1, "Seems": 1, "everyone": 1, "job": 1, "Doesn": 1, "\u2019": 1, "t": 1, "matter": 1, "political": 1, "spectrum": 1, "someone": 1, "something": 1, "time": 1, "steps": 1, "headline": 1, "disingenuous": 1}}, {"title": "Fury as FDNY firefighters are forced to remove Stars and Stripes honoring 9/11 heroes after Democrat lawmaker branded it a 'fascist symbol'", "description": "", "comment": "It\u2019s interesting that no one seems to even know that desecrating the US flag is illegal and disrespectful. But the Russian bots like to start crap.", "title_sentiment": {"neg": 0.313, "neu": 0.486, "pos": 0.201, "compound": -0.5719}, "description_sentiment": {"neg": 0.0, "neu": 0.0, "pos": 0.0, "compound": 0.0}, "comment_sentiment": {"neg": 0.219, "neu": 0.629, "pos": 0.153, "compound": -0.296}, "title_keywords": {"Fury": 1, "FDNY": 1, "firefighters": 1, "Stars": 1, "Stripes": 1, "heroes": 1, "Democrat": 1, "lawmaker": 1, "'fascist": 1, "symbol": 1}, "description_keywords": {}, "comment_keywords": {"s": 1, "one": 1, "US": 1, "flag": 1, "illegal": 1, "disrespectful": 1, "Russian": 1, "bots": 1, "crap": 1}}, {"title": "Navy makes shocking aircraft carrier decision while China threat rises", "description": "", "comment": "This author leaves out a lot of vital context.  \n\nI am a big proponent of keeping our military fully funded and I think it's a mistake to delay production of the new carriers.  The works is a far more stable and safer place when the United states has a military of overwhelming capabilities.  We want our military to be stronger and more advanced than all of our adversaries combined. \n\nThat said the context that's missing in this article is\n1. these 2 new carriers were slated to replace carriers that are still in service and still far more powerful and advanced than anything China (or anyone else)  has. \n\n2. The carriers China has are not true carriers.  They are what is called jump carriers, sometimes referred to as mini carriers. They are much shorter in design and their flight deck is built with a sloped ramp to get aircraft air borne. Because of these design differences they only hold a small portion of the aircraft.  I believe it is 17 combat fighters. In comparison our old carriers that are slated to be replaced hold 90. The new ford class holds 137. 1 of our old ones equals over 4 of theirs in capability without even considering how much more technologically advanced or farther and fighter craft are. The f22 is virtually invisible on radar with a cross section of less than .0001/square meters.  That's smaller than a bubble bee. They can not be shot down with guided munitions.  Line of sight spray and pray is their only risk.   The fuijan will be China first true carrier and while that is a threat to be taken seriously, they don't have the anything comparably to the f22 to stick on it. It's going to be armed with technologically outdated fighters.  \n\n3. In contrast to China, the United states currently has 11 true fleet carriers. 10 Nimitz class and 1 ford class. And not just the carriers, but entire carrier strike groups comprised of over a dozen war ships and several dozen support ships. In addition to the fleet carter's we have an additional 10+ light carriers. \n\nIn conclusion, while on the surface it is concerning to see China investing to expand their military capabilities while we show down our plans to update our fleet, we don't need to freak out.  The difference between the militaries is like comparing a random high school jv team to the Dallas cowboys of the early 90s, 49ers of the 80s our patriots of the 2000s.  China's new carriers start to close the gap, but the gap is still the size of the grand canyon.", "title_sentiment": {"neg": 0.433, "neu": 0.567, "pos": 0.0, "compound": -0.7269}, "description_sentiment": {"neg": 0.0, "neu": 0.0, "pos": 0.0, "compound": 0.0}, "comment_sentiment": {"neg": 0.061, "neu": 0.853, "pos": 0.086, "compound": 0.9077}, "title_keywords": {"Navy": 1, "aircraft": 1, "carrier": 1, "decision": 1, "China": 1, "threat": 1, "rises": 1}, "description_keywords": {}, "comment_keywords": {"author": 1, "lot": 1, "vital": 1, "context": 2, "big": 1, "proponent": 1, "military": 4, "mistake": 1, "production": 1, "new": 4, "carriers": 12, "works": 1, "stable": 1, "safer": 1, "place": 1, "United": 2, "states": 2, "capabilities": 2, "stronger": 1, "advanced": 2, "adversaries": 1, "article": 1, "service": 1, "powerful": 1, "anything": 2, "China": 6, "anyone": 1, "true": 3, "jump": 1, "mini": 1, "much": 1, "shorter": 1, "design": 2, "flight": 1, "deck": 1, "sloped": 1, "ramp": 1, "aircraft": 2, "air": 1, "borne": 1, "differences": 1, "small": 1, "portion": 1, "combat": 1, "fighters": 2, "comparison": 1, "old": 2, "hold": 1, "ford": 2, "class": 3, "ones": 1, "equals": 1, "theirs": 1, "capability": 1, "fighter": 1, "craft": 1, "f22": 2, "invisible": 1, "radar": 1, "cross": 1, "section": 1, "less": 1, ".0001/square": 1, "meters": 1, "smaller": 1, "bubble": 1, "bee": 1, "guided": 1, "munitions": 1, "Line": 1, "sight": 1, "spray": 1, "pray": 1, "only": 1, "risk": 1, "fuijan": 1, "first": 1, "carrier": 2, "threat": 1, "outdated": 1, "contrast": 1, "fleet": 3, "Nimitz": 1, "entire": 1, "strike": 1, "groups": 1, "dozen": 2, "war": 1, "ships": 2, "several": 1, "support": 1, "addition": 1, "carter": 1, "additional": 1, "light": 1, "conclusion": 1, "surface": 1, "plans": 1, "difference": 1, "militaries": 1, "random": 1, "high": 1, "school": 1, "jv": 1, "team": 1, "Dallas": 1, "cowboys": 1, "early": 1, "patriots": 1, "gap": 2, "size": 1, "grand": 1, "canyon": 1}}, {"title": "Navy makes shocking aircraft carrier decision while China threat rises", "description": "", "comment": "Woman who spent entire career in military industrial complex wants more $15,000,000,000 ships. News at 11.", "title_sentiment": {"neg": 0.433, "neu": 0.567, "pos": 0.0, "compound": -0.7269}, "description_sentiment": {"neg": 0.0, "neu": 0.0, "pos": 0.0, "compound": 0.0}, "comment_sentiment": {"neg": 0.0, "neu": 1.0, "pos": 0.0, "compound": 0.0}, "title_keywords": {"Navy": 1, "aircraft": 1, "carrier": 1, "decision": 1, "China": 1, "threat": 1, "rises": 1}, "description_keywords": {}, "comment_keywords": {"Woman": 1, "entire": 1, "career": 1, "military": 1, "industrial": 1, "complex": 1, "more": 1, "ships": 1, "News": 1}}, {"title": "$2 Million Law Suit for Police Using \u2018Excessive\u2019 Force in Jan. 6 Beating", "description": "", "comment": "Unless they get it outside of DC circuit, they have no chance.", "title_sentiment": {"neg": 0.214, "neu": 0.786, "pos": 0.0, "compound": -0.4588}, "description_sentiment": {"neg": 0.0, "neu": 0.0, "pos": 0.0, "compound": 0.0}, "comment_sentiment": {"neg": 0.155, "neu": 0.704, "pos": 0.141, "compound": -0.0516}, "title_keywords": {"Million": 1, "Law": 1, "Suit": 1, "Police": 1, "Using": 1, "\u2018": 1, "Excessive": 1, "\u2019": 1, "Force": 1, "Jan.": 1, "Beating": 1}, "description_keywords": {}, "comment_keywords": {"DC": 1, "circuit": 1, "chance": 1}}, {"title": "Biden Says His Next SCOTUS Nominee 'Will Be An Illegal Immigrant, I Mean Undocumented'", "description": "", "comment": "This is satire\u2026", "title_sentiment": {"neg": 0.231, "neu": 0.769, "pos": 0.0, "compound": -0.5574}, "description_sentiment": {"neg": 0.0, "neu": 0.0, "pos": 0.0, "compound": 0.0}, "comment_sentiment": {"neg": 0.0, "neu": 1.0, "pos": 0.0, "compound": 0.0}, "title_keywords": {"Biden": 1, "Next": 1, "SCOTUS": 1, "Nominee": 1, "Be": 1, "Illegal": 1, "Immigrant": 1}, "description_keywords": {}, "comment_keywords": {"satire\u2026": 1}}, {"title": "Biden Says His Next SCOTUS Nominee 'Will Be An Illegal Immigrant, I Mean Undocumented'", "description": "", "comment": "Oh thank God, I forgot it\u2019s April Fool\u2019s Day.", "title_sentiment": {"neg": 0.231, "neu": 0.769, "pos": 0.0, "compound": -0.5574}, "description_sentiment": {"neg": 0.0, "neu": 0.0, "pos": 0.0, "compound": 0.0}, "comment_sentiment": {"neg": 0.0, "neu": 0.566, "pos": 0.434, "compound": 0.5574}, "title_keywords": {"Biden": 1, "Next": 1, "SCOTUS": 1, "Nominee": 1, "Be": 1, "Illegal": 1, "Immigrant": 1}, "description_keywords": {}, "comment_keywords": {"thank": 1, "God": 1, "\u2019": 2, "April": 1, "Fool": 1, "Day": 1}}, {"title": "Biden Says His Next SCOTUS Nominee 'Will Be An Illegal Immigrant, I Mean Undocumented'", "description": "", "comment": "Don't post bullshit, not even on April 1st.", "title_sentiment": {"neg": 0.231, "neu": 0.769, "pos": 0.0, "compound": -0.5574}, "description_sentiment": {"neg": 0.0, "neu": 0.0, "pos": 0.0, "compound": 0.0}, "comment_sentiment": {"neg": 0.0, "neu": 0.695, "pos": 0.305, "compound": 0.4717}, "title_keywords": {"Biden": 1, "Next": 1, "SCOTUS": 1, "Nominee": 1, "Be": 1, "Illegal": 1, "Immigrant": 1}, "description_keywords": {}, "comment_keywords": {"April": 1}}, {"title": "'SNL' mocks Donald Trump Bibles ahead of Easter Sunday", "description": "", "comment": "Everyone in the \"entertainment\"/media industry has to be praying that Trump wins so they can continue to coast using him for content.", "title_sentiment": {"neg": 0.273, "neu": 0.727, "pos": 0.0, "compound": -0.4588}, "description_sentiment": {"neg": 0.0, "neu": 0.0, "pos": 0.0, "compound": 0.0}, "comment_sentiment": {"neg": 0.0, "neu": 0.763, "pos": 0.237, "compound": 0.7351}, "title_keywords": {"mocks": 1, "Donald": 1, "Trump": 1, "Bibles": 1, "Easter": 1, "Sunday": 1}, "description_keywords": {}, "comment_keywords": {"Everyone": 1, "entertainment": 1, "/media": 1, "industry": 1, "Trump": 1, "wins": 1, "content": 1}}, {"title": "'SNL' mocks Donald Trump Bibles ahead of Easter Sunday", "description": "", "comment": "They mock Trump for this, meanwhile ignore all the free material Joe and the hoe have been cranking out all this time.", "title_sentiment": {"neg": 0.273, "neu": 0.727, "pos": 0.0, "compound": -0.4588}, "description_sentiment": {"neg": 0.0, "neu": 0.0, "pos": 0.0, "compound": 0.0}, "comment_sentiment": {"neg": 0.192, "neu": 0.688, "pos": 0.12, "compound": -0.25}, "title_keywords": {"mocks": 1, "Donald": 1, "Trump": 1, "Bibles": 1, "Easter": 1, "Sunday": 1}, "description_keywords": {}, "comment_keywords": {"Trump": 1, "free": 1, "material": 1, "Joe": 1, "hoe": 1, "time": 1}}, {"title": "Mass deportation of migrants seen in Russia after concert attack. This is the way", "description": "", "comment": "Honestly, it\u2019s not a good time to be in Russia because they like to take their immigrants to arrest them and charge them with being spies and then trade them.", "title_sentiment": {"neg": 0.193, "neu": 0.807, "pos": 0.0, "compound": -0.4767}, "description_sentiment": {"neg": 0.0, "neu": 0.0, "pos": 0.0, "compound": 0.0}, "comment_sentiment": {"neg": 0.136, "neu": 0.708, "pos": 0.156, "compound": 0.1764}, "title_keywords": {"Mass": 1, "deportation": 1, "migrants": 1, "Russia": 1, "concert": 1, "attack": 1, "way": 1}, "description_keywords": {}, "comment_keywords": {"good": 1, "time": 1, "Russia": 1, "immigrants": 1, "spies": 1}}, {"title": "Mass deportation of migrants seen in Russia after concert attack. This is the way", "description": "", "comment": "And they will be headed this way.", "title_sentiment": {"neg": 0.193, "neu": 0.807, "pos": 0.0, "compound": -0.4767}, "description_sentiment": {"neg": 0.0, "neu": 0.0, "pos": 0.0, "compound": 0.0}, "comment_sentiment": {"neg": 0.0, "neu": 1.0, "pos": 0.0, "compound": 0.0}, "title_keywords": {"Mass": 1, "deportation": 1, "migrants": 1, "Russia": 1, "concert": 1, "attack": 1, "way": 1}, "description_keywords": {}, "comment_keywords": {"way": 1}}, {"title": "Mass deportation of migrants seen in Russia after concert attack. This is the way", "description": "", "comment": "In an absolute totalitarian state this is the way. Remember totalitarian is what a government wants but what the people must resist. Security is the responsibility of state, sure. The Russian sovereignty, like the American sovereignty, is not acting responsibly to the people. They\u2019re just acting irresponsibly differently.", "title_sentiment": {"neg": 0.193, "neu": 0.807, "pos": 0.0, "compound": -0.4767}, "description_sentiment": {"neg": 0.0, "neu": 0.0, "pos": 0.0, "compound": 0.0}, "comment_sentiment": {"neg": 0.074, "neu": 0.758, "pos": 0.168, "compound": 0.7351}, "title_keywords": {"Mass": 1, "deportation": 1, "migrants": 1, "Russia": 1, "concert": 1, "attack": 1, "way": 1}, "description_keywords": {}, "comment_keywords": {"absolute": 1, "totalitarian": 2, "state": 2, "way": 1, "Remember": 1, "government": 1, "people": 2, "Security": 1, "responsibility": 1, "sure": 1, "Russian": 1, "sovereignty": 2, "American": 1}}, {"title": "Mass deportation of migrants seen in Russia after concert attack. This is the way", "description": "", "comment": "Let's not use Russia as an example to look up to.", "title_sentiment": {"neg": 0.193, "neu": 0.807, "pos": 0.0, "compound": -0.4767}, "description_sentiment": {"neg": 0.0, "neu": 0.0, "pos": 0.0, "compound": 0.0}, "comment_sentiment": {"neg": 0.0, "neu": 1.0, "pos": 0.0, "compound": 0.0}, "title_keywords": {"Mass": 1, "deportation": 1, "migrants": 1, "Russia": 1, "concert": 1, "attack": 1, "way": 1}, "description_keywords": {}, "comment_keywords": {"Russia": 1, "example": 1}}, {"title": "Biden Says His Next SCOTUS Nominee 'Will Be An Illegal Immigrant, I Mean Undocumented' (satire)", "description": "", "comment": "Can\u2019t be any worse than the last one that doesn\u2019t know what a woman is", "title_sentiment": {"neg": 0.217, "neu": 0.783, "pos": 0.0, "compound": -0.5574}, "description_sentiment": {"neg": 0.0, "neu": 0.0, "pos": 0.0, "compound": 0.0}, "comment_sentiment": {"neg": 0.193, "neu": 0.807, "pos": 0.0, "compound": -0.4767}, "title_keywords": {"Biden": 1, "Next": 1, "SCOTUS": 1, "Nominee": 1, "Be": 1, "Illegal": 1, "Immigrant": 1, "satire": 1}, "description_keywords": {}, "comment_keywords": {"worse": 1, "last": 1, "one": 1, "\u2019": 1, "t": 1, "woman": 1}}, {"title": "Biden Says His Next SCOTUS Nominee 'Will Be An Illegal Immigrant, I Mean Undocumented' (satire)", "description": "", "comment": "Dont give the left ideas! they will do it...its not satire if its believable", "title_sentiment": {"neg": 0.217, "neu": 0.783, "pos": 0.0, "compound": -0.5574}, "description_sentiment": {"neg": 0.0, "neu": 0.0, "pos": 0.0, "compound": 0.0}, "comment_sentiment": {"neg": 0.0, "neu": 1.0, "pos": 0.0, "compound": 0.0}, "title_keywords": {"Biden": 1, "Next": 1, "SCOTUS": 1, "Nominee": 1, "Be": 1, "Illegal": 1, "Immigrant": 1, "satire": 1}, "description_keywords": {}, "comment_keywords": {"Dont": 1, "left": 1, "ideas": 1, "believable": 1}}, {"title": "Biden Says His Next SCOTUS Nominee 'Will Be An Illegal Immigrant, I Mean Undocumented' (satire)", "description": "", "comment": "I would believe it. The last one doesn't even know what a woman is.", "title_sentiment": {"neg": 0.217, "neu": 0.783, "pos": 0.0, "compound": -0.5574}, "description_sentiment": {"neg": 0.0, "neu": 0.0, "pos": 0.0, "compound": 0.0}, "comment_sentiment": {"neg": 0.0, "neu": 1.0, "pos": 0.0, "compound": 0.0}, "title_keywords": {"Biden": 1, "Next": 1, "SCOTUS": 1, "Nominee": 1, "Be": 1, "Illegal": 1, "Immigrant": 1, "satire": 1}, "description_keywords": {}, "comment_keywords": {"last": 1, "one": 1, "woman": 1}}, {"title": "Google has a picture of Trumps likeness with duct tape over his mouth when you search \u201cgag order\u201d.", "description": "Seems very unprofessional, the left wing tech empire continues to inject their blatant bias into their program functions. I fear that googles Gemini will do something similar. I\u2019m aware that news just broke about Trumps gag order but I was just simply looking up what a gag order entailed in the first place. ", "comment": "And when you look up \"sedition\" it shows pictures of January 6th", "title_sentiment": {"neg": 0.0, "neu": 1.0, "pos": 0.0, "compound": 0.0}, "description_sentiment": {"neg": 0.218, "neu": 0.782, "pos": 0.0, "compound": -0.8518}, "comment_sentiment": {"neg": 0.0, "neu": 1.0, "pos": 0.0, "compound": 0.0}, "title_keywords": {"Google": 1, "picture": 1, "Trumps": 1, "likeness": 1, "duct": 1, "tape": 1, "mouth": 1, "\u201c": 1, "gag": 1, "order": 1, "\u201d": 1}, "description_keywords": {"Seems": 1, "unprofessional": 1, "left": 1, "tech": 1, "empire": 1, "blatant": 1, "bias": 1, "program": 1, "functions": 1, "googles": 1, "Gemini": 1, "something": 1, "similar": 1, "m": 1, "aware": 1, "news": 1, "Trumps": 1, "gag": 2, "order": 2, "first": 1, "place": 1}, "comment_keywords": {"sedition": 1, "pictures": 1, "January": 1}}, {"title": "Google has a picture of Trumps likeness with duct tape over his mouth when you search \u201cgag order\u201d.", "description": "Seems very unprofessional, the left wing tech empire continues to inject their blatant bias into their program functions. I fear that googles Gemini will do something similar. I\u2019m aware that news just broke about Trumps gag order but I was just simply looking up what a gag order entailed in the first place. ", "comment": "Search gag order on Google images. 95% of the photos are of Trump. Its because the Trump gag order is very popular right now.\n\nLegal analyst\u00a0Glenn Kirschner applauded the gag order saying he hopes it curtails the former president's \"endlessly dangerous, violence-inspiring rhetoric.\" BLOODBATH!!", "title_sentiment": {"neg": 0.0, "neu": 1.0, "pos": 0.0, "compound": 0.0}, "description_sentiment": {"neg": 0.218, "neu": 0.782, "pos": 0.0, "compound": -0.8518}, "comment_sentiment": {"neg": 0.188, "neu": 0.64, "pos": 0.171, "compound": -0.2479}, "title_keywords": {"Google": 1, "picture": 1, "Trumps": 1, "likeness": 1, "duct": 1, "tape": 1, "mouth": 1, "\u201c": 1, "gag": 1, "order": 1, "\u201d": 1}, "description_keywords": {"Seems": 1, "unprofessional": 1, "left": 1, "tech": 1, "empire": 1, "blatant": 1, "bias": 1, "program": 1, "functions": 1, "googles": 1, "Gemini": 1, "something": 1, "similar": 1, "m": 1, "aware": 1, "news": 1, "Trumps": 1, "gag": 2, "order": 2, "first": 1, "place": 1}, "comment_keywords": {"Search": 1, "gag": 3, "order": 3, "Google": 1, "images": 1, "%": 1, "photos": 1, "Trump": 2, "popular": 1, "right": 1, "Legal": 1, "analyst": 1, "Glenn": 1, "Kirschner": 1, "former": 1, "president": 1, "dangerous": 1, "violence-inspiring": 1, "rhetoric": 1, "BLOODBATH": 1}}, {"title": "Google has a picture of Trumps likeness with duct tape over his mouth when you search \u201cgag order\u201d.", "description": "Seems very unprofessional, the left wing tech empire continues to inject their blatant bias into their program functions. I fear that googles Gemini will do something similar. I\u2019m aware that news just broke about Trumps gag order but I was just simply looking up what a gag order entailed in the first place. ", "comment": "The schism between conservatives and liberals is growing wider in the U.S. \u00a0\n\nAnd our politicians and mass media try to heighten that gap as much as possible.\n\nI don\u2019t believe they\u2019ve thought the consequences through however\u2026", "title_sentiment": {"neg": 0.0, "neu": 1.0, "pos": 0.0, "compound": 0.0}, "description_sentiment": {"neg": 0.218, "neu": 0.782, "pos": 0.0, "compound": -0.8518}, "comment_sentiment": {"neg": 0.0, "neu": 0.952, "pos": 0.048, "compound": 0.1779}, "title_keywords": {"Google": 1, "picture": 1, "Trumps": 1, "likeness": 1, "duct": 1, "tape": 1, "mouth": 1, "\u201c": 1, "gag": 1, "order": 1, "\u201d": 1}, "description_keywords": {"Seems": 1, "unprofessional": 1, "left": 1, "tech": 1, "empire": 1, "blatant": 1, "bias": 1, "program": 1, "functions": 1, "googles": 1, "Gemini": 1, "something": 1, "similar": 1, "m": 1, "aware": 1, "news": 1, "Trumps": 1, "gag": 2, "order": 2, "first": 1, "place": 1}, "comment_keywords": {"schism": 1, "conservatives": 1, "liberals": 1, "U.S.": 1, "politicians": 1, "mass": 1, "media": 1, "gap": 1, "possible": 1, "\u2019": 1, "t": 1, "ve": 1, "consequences": 1, "however\u2026": 1}}, {"title": "Pro-Palestinian protesters interrupt Easter Vigil service at St. Patrick's Cathedral in NYC", "description": "", "comment": "Can you imagine if some Christians interrupted a special\u00a0 Muslim worship service?", "title_sentiment": {"neg": 0.301, "neu": 0.699, "pos": 0.0, "compound": -0.5106}, "description_sentiment": {"neg": 0.0, "neu": 0.0, "pos": 0.0, "compound": 0.0}, "comment_sentiment": {"neg": 0.146, "neu": 0.53, "pos": 0.325, "compound": 0.4019}, "title_keywords": {"Pro-Palestinian": 1, "protesters": 1, "Easter": 1, "Vigil": 1, "service": 1, "St.": 1, "Patrick": 1, "Cathedral": 1, "NYC": 1}, "description_keywords": {}, "comment_keywords": {"Christians": 1, "special": 1, "Muslim": 1, "worship": 1, "service": 1}}, {"title": "Pro-Palestinian protesters interrupt Easter Vigil service at St. Patrick's Cathedral in NYC", "description": "", "comment": "They can call themselves \u201cpro-Palestinian\u201d but they\u2019re really just Hamasnicks", "title_sentiment": {"neg": 0.301, "neu": 0.699, "pos": 0.0, "compound": -0.5106}, "description_sentiment": {"neg": 0.0, "neu": 0.0, "pos": 0.0, "compound": 0.0}, "comment_sentiment": {"neg": 0.0, "neu": 1.0, "pos": 0.0, "compound": 0.0}, "title_keywords": {"Pro-Palestinian": 1, "protesters": 1, "Easter": 1, "Vigil": 1, "service": 1, "St.": 1, "Patrick": 1, "Cathedral": 1, "NYC": 1}, "description_keywords": {}, "comment_keywords": {"\u201c": 1, "pro-Palestinian": 1, "\u201d": 1, "re": 1, "Hamasnicks": 1}}, {"title": "Pro-Palestinian protesters interrupt Easter Vigil service at St. Patrick's Cathedral in NYC", "description": "", "comment": "This is an attack on *western civilization*, not *israel*", "title_sentiment": {"neg": 0.301, "neu": 0.699, "pos": 0.0, "compound": -0.5106}, "description_sentiment": {"neg": 0.0, "neu": 0.0, "pos": 0.0, "compound": 0.0}, "comment_sentiment": {"neg": 0.279, "neu": 0.721, "pos": 0.0, "compound": -0.4767}, "title_keywords": {"Pro-Palestinian": 1, "protesters": 1, "Easter": 1, "Vigil": 1, "service": 1, "St.": 1, "Patrick": 1, "Cathedral": 1, "NYC": 1}, "description_keywords": {}, "comment_keywords": {"attack": 1, "*": 4, "western": 1, "civilization": 1, "israel": 1}}, {"title": "Pro-Palestinian protesters interrupt Easter Vigil service at St. Patrick's Cathedral in NYC", "description": "", "comment": "Rent-a-protesters", "title_sentiment": {"neg": 0.301, "neu": 0.699, "pos": 0.0, "compound": -0.5106}, "description_sentiment": {"neg": 0.0, "neu": 0.0, "pos": 0.0, "compound": 0.0}, "comment_sentiment": {"neg": 0.0, "neu": 1.0, "pos": 0.0, "compound": 0.0}, "title_keywords": {"Pro-Palestinian": 1, "protesters": 1, "Easter": 1, "Vigil": 1, "service": 1, "St.": 1, "Patrick": 1, "Cathedral": 1, "NYC": 1}, "description_keywords": {}, "comment_keywords": {"Rent-a-protesters": 1}}, {"title": "'Demented' Trump 'incapable of doing job' says psychologist. Says Biden is still sound in his judgement, and though he forgets things, they aren't massive gaffes.", "description": "", "comment": "Doctors who presume to diagnose a patient without meeting the patient are called \"quacks\".\n\nThere should be \"red flag laws\" for quacks; their license to practice medicine should be seized.", "title_sentiment": {"neg": 0.098, "neu": 0.902, "pos": 0.0, "compound": -0.3818}, "description_sentiment": {"neg": 0.0, "neu": 0.0, "pos": 0.0, "compound": 0.0}, "comment_sentiment": {"neg": 0.0, "neu": 1.0, "pos": 0.0, "compound": 0.0}, "title_keywords": {"Trump": 1, "job": 1, "psychologist": 1, "Says": 1, "Biden": 1, "judgement": 1, "things": 1, "massive": 1, "gaffes": 1}, "description_keywords": {}, "comment_keywords": {"Doctors": 1, "patient": 2, "quacks": 2, "red": 1, "flag": 1, "laws": 1, "license": 1, "practice": 1, "medicine": 1}}, {"title": "'Demented' Trump 'incapable of doing job' says psychologist. Says Biden is still sound in his judgement, and though he forgets things, they aren't massive gaffes.", "description": "", "comment": "Remember boys and girls: Biden is mentally sharp, the economy is the best ever and crime is at an all time low!", "title_sentiment": {"neg": 0.098, "neu": 0.902, "pos": 0.0, "compound": -0.3818}, "description_sentiment": {"neg": 0.0, "neu": 0.0, "pos": 0.0, "compound": 0.0}, "comment_sentiment": {"neg": 0.203, "neu": 0.653, "pos": 0.144, "compound": -0.1759}, "title_keywords": {"Trump": 1, "job": 1, "psychologist": 1, "Says": 1, "Biden": 1, "judgement": 1, "things": 1, "massive": 1, "gaffes": 1}, "description_keywords": {}, "comment_keywords": {"Remember": 1, "boys": 1, "girls": 1, "Biden": 1, "sharp": 1, "economy": 1, "best": 1, "crime": 1, "time": 1, "low": 1}}, {"title": "'Demented' Trump 'incapable of doing job' says psychologist. Says Biden is still sound in his judgement, and though he forgets things, they aren't massive gaffes.", "description": "", "comment": "Goldwater Rule doesn't apply to \"psychologist\" when they are \"sAvInG dEmOcRaCy\" by slandering Trump and propping up Biden.\n\nJust like covid rules didn't apply to rioters.\n\nJust like classified documents laws didn't apply to Biden.\n\nJust like so many other things.", "title_sentiment": {"neg": 0.098, "neu": 0.902, "pos": 0.0, "compound": -0.3818}, "description_sentiment": {"neg": 0.0, "neu": 0.0, "pos": 0.0, "compound": 0.0}, "comment_sentiment": {"neg": 0.0, "neu": 0.835, "pos": 0.165, "compound": 0.7579}, "title_keywords": {"Trump": 1, "job": 1, "psychologist": 1, "Says": 1, "Biden": 1, "judgement": 1, "things": 1, "massive": 1, "gaffes": 1}, "description_keywords": {}, "comment_keywords": {"Goldwater": 1, "Rule": 1, "sAvInG": 1, "dEmOcRaCy": 1, "Trump": 1, "Biden": 2, "Just": 3, "covid": 1, "rules": 1, "rioters": 1, "classified": 1, "documents": 1, "laws": 1, "many": 1, "other": 1, "things": 1}}, {"title": "Gunman kills 1, injures 4 at Nashville coffee shop on Easter Sunday", "description": "", "comment": "Yeah, the liberals on r/Nashville are already going after gunowners and totally bypassing the actual shooter. They're making all kinds of excuses. And we know why lol.", "title_sentiment": {"neg": 0.259, "neu": 0.741, "pos": 0.0, "compound": -0.5423}, "description_sentiment": {"neg": 0.0, "neu": 0.0, "pos": 0.0, "compound": 0.0}, "comment_sentiment": {"neg": 0.0, "neu": 0.833, "pos": 0.167, "compound": 0.6124}, "title_keywords": {"Gunman": 1, "Nashville": 1, "coffee": 1, "shop": 1, "Easter": 1, "Sunday": 1}, "description_keywords": {}, "comment_keywords": {"liberals": 1, "r/Nashville": 1, "gunowners": 1, "actual": 1, "shooter": 1, "kinds": 1, "excuses": 1, "lol": 1}}, {"title": "Gunman kills 1, injures 4 at Nashville coffee shop on Easter Sunday", "description": "", "comment": "Is that a POC? If so, don't expect too much MSM coverage on this.", "title_sentiment": {"neg": 0.259, "neu": 0.741, "pos": 0.0, "compound": -0.5423}, "description_sentiment": {"neg": 0.0, "neu": 0.0, "pos": 0.0, "compound": 0.0}, "comment_sentiment": {"neg": 0.0, "neu": 1.0, "pos": 0.0, "compound": 0.0}, "title_keywords": {"Gunman": 1, "Nashville": 1, "coffee": 1, "shop": 1, "Easter": 1, "Sunday": 1}, "description_keywords": {}, "comment_keywords": {"POC": 1, "much": 1, "MSM": 1, "coverage": 1}}, {"title": "Gunman kills 1, injures 4 at Nashville coffee shop on Easter Sunday", "description": "", "comment": "Behind a paywall.", "title_sentiment": {"neg": 0.259, "neu": 0.741, "pos": 0.0, "compound": -0.5423}, "description_sentiment": {"neg": 0.0, "neu": 0.0, "pos": 0.0, "compound": 0.0}, "comment_sentiment": {"neg": 0.0, "neu": 1.0, "pos": 0.0, "compound": 0.0}, "title_keywords": {"Gunman": 1, "Nashville": 1, "coffee": 1, "shop": 1, "Easter": 1, "Sunday": 1}, "description_keywords": {}, "comment_keywords": {"paywall": 1}}, {"title": "Gunman kills 1, injures 4 at Nashville coffee shop on Easter Sunday", "description": "", "comment": "Interesting if he was white, this would be blown up all over every news station all day. He\u2019s not white though so liberals don\u2019t care. Remember, it doesn\u2019t fit their narrative.", "title_sentiment": {"neg": 0.259, "neu": 0.741, "pos": 0.0, "compound": -0.5423}, "description_sentiment": {"neg": 0.0, "neu": 0.0, "pos": 0.0, "compound": 0.0}, "comment_sentiment": {"neg": 0.0, "neu": 0.764, "pos": 0.236, "compound": 0.8255}, "title_keywords": {"Gunman": 1, "Nashville": 1, "coffee": 1, "shop": 1, "Easter": 1, "Sunday": 1}, "description_keywords": {}, "comment_keywords": {"white": 2, "news": 1, "station": 1, "day": 1, "liberals": 1, "don": 1, "\u2019": 2, "t": 2, "care": 1, "Remember": 1, "narrative": 1}}, {"title": "Texas Judge Releases Illegal Immigrants Who Rioted and Clashed With National Guard at Southern Border", "description": "", "comment": "[deleted]", "title_sentiment": {"neg": 0.205, "neu": 0.795, "pos": 0.0, "compound": -0.5574}, "description_sentiment": {"neg": 0.0, "neu": 0.0, "pos": 0.0, "compound": 0.0}, "comment_sentiment": {"neg": 0.0, "neu": 1.0, "pos": 0.0, "compound": 0.0}, "title_keywords": {"Texas": 1, "Judge": 1, "Releases": 1, "Illegal": 1, "Immigrants": 1, "Who": 1, "Clashed": 1, "National": 1, "Guard": 1, "Southern": 1, "Border": 1}, "description_keywords": {}, "comment_keywords": {"]": 1}}, {"title": "Texas Judge Releases Illegal Immigrants Who Rioted and Clashed With National Guard at Southern Border", "description": "", "comment": "Hopefully, at the judges own backyard. Why would the people rounding them up have any incentive to arrest these people if the corrupt judges are going to let them loose anyway? It is a risk to their lives having to catch these violent people.", "title_sentiment": {"neg": 0.205, "neu": 0.795, "pos": 0.0, "compound": -0.5574}, "description_sentiment": {"neg": 0.0, "neu": 0.0, "pos": 0.0, "compound": 0.0}, "comment_sentiment": {"neg": 0.202, "neu": 0.699, "pos": 0.098, "compound": -0.6705}, "title_keywords": {"Texas": 1, "Judge": 1, "Releases": 1, "Illegal": 1, "Immigrants": 1, "Who": 1, "Clashed": 1, "National": 1, "Guard": 1, "Southern": 1, "Border": 1}, "description_keywords": {}, "comment_keywords": {"judges": 2, "backyard": 1, "people": 3, "incentive": 1, "corrupt": 1, "risk": 1, "lives": 1, "violent": 1}}, {"title": "Texas Judge Releases Illegal Immigrants Who Rioted and Clashed With National Guard at Southern Border", "description": "", "comment": "Every branch of the government has been compromised.  We are living in an authoritarian system.  Our lack of borders has dismantled the sovereignty.  No one in any branch of government is on our side.", "title_sentiment": {"neg": 0.205, "neu": 0.795, "pos": 0.0, "compound": -0.5574}, "description_sentiment": {"neg": 0.0, "neu": 0.0, "pos": 0.0, "compound": 0.0}, "comment_sentiment": {"neg": 0.123, "neu": 0.877, "pos": 0.0, "compound": -0.5423}, "title_keywords": {"Texas": 1, "Judge": 1, "Releases": 1, "Illegal": 1, "Immigrants": 1, "Who": 1, "Clashed": 1, "National": 1, "Guard": 1, "Southern": 1, "Border": 1}, "description_keywords": {}, "comment_keywords": {"branch": 2, "government": 2, "authoritarian": 1, "system": 1, "lack": 1, "borders": 1, "sovereignty": 1, "one": 1, "side": 1}}, {"title": "Texas Judge Releases Illegal Immigrants Who Rioted and Clashed With National Guard at Southern Border", "description": "", "comment": "Can you imagine a group of US citizens, illegally crossing in to Mexico and clashing with Mexican troops? You will be imprisoned for YEARS in the worst conditions. Come here? Maybe a few days and released in to the country you violated to get our benefits, etc. What a fucked up world.", "title_sentiment": {"neg": 0.205, "neu": 0.795, "pos": 0.0, "compound": -0.5574}, "description_sentiment": {"neg": 0.0, "neu": 0.0, "pos": 0.0, "compound": 0.0}, "comment_sentiment": {"neg": 0.247, "neu": 0.711, "pos": 0.042, "compound": -0.9282}, "title_keywords": {"Texas": 1, "Judge": 1, "Releases": 1, "Illegal": 1, "Immigrants": 1, "Who": 1, "Clashed": 1, "National": 1, "Guard": 1, "Southern": 1, "Border": 1}, "description_keywords": {}, "comment_keywords": {"group": 1, "US": 1, "citizens": 1, "Mexico": 1, "Mexican": 1, "troops": 1, "YEARS": 1, "worst": 1, "conditions": 1, "Come": 1, "few": 1, "days": 1, "country": 1, "benefits": 1, "world": 1}}, {"title": "'Equity-Based Algebra' Is as Bad as You Imagine It to Be", "description": "", "comment": "[deleted]", "title_sentiment": {"neg": 0.259, "neu": 0.741, "pos": 0.0, "compound": -0.5423}, "description_sentiment": {"neg": 0.0, "neu": 0.0, "pos": 0.0, "compound": 0.0}, "comment_sentiment": {"neg": 0.0, "neu": 1.0, "pos": 0.0, "compound": 0.0}, "title_keywords": {"'Equity-Based": 1, "Algebra": 1, "Bad": 1}, "description_keywords": {}, "comment_keywords": {"]": 1}}, {"title": "'Equity-Based Algebra' Is as Bad as You Imagine It to Be", "description": "", "comment": "A^2 + B^2 = that's racist", "title_sentiment": {"neg": 0.259, "neu": 0.741, "pos": 0.0, "compound": -0.5423}, "description_sentiment": {"neg": 0.0, "neu": 0.0, "pos": 0.0, "compound": 0.0}, "comment_sentiment": {"neg": 0.571, "neu": 0.429, "pos": 0.0, "compound": -0.6124}, "title_keywords": {"'Equity-Based": 1, "Algebra": 1, "Bad": 1}, "description_keywords": {}, "comment_keywords": {"A^2": 1, "+": 1, "B^2": 1, "=": 1, "racist": 1}}, {"title": "'Equity-Based Algebra' Is as Bad as You Imagine It to Be", "description": "", "comment": "If everyone equally sucks at maths, there is no inequality anymore. That's the woke logic, I suppose.\u00a0\n\n\nUSA is becoming an undeveloppind country. The whole western world is taking this exact same path. We are fucked. Plain and simple. Too much left-leaning morons on our shores.\u00a0\n\n\nChina won't even have to fight us. They just have to wait a couple decades.", "title_sentiment": {"neg": 0.259, "neu": 0.741, "pos": 0.0, "compound": -0.5423}, "description_sentiment": {"neg": 0.0, "neu": 0.0, "pos": 0.0, "compound": 0.0}, "comment_sentiment": {"neg": 0.206, "neu": 0.794, "pos": 0.0, "compound": -0.9186}, "title_keywords": {"'Equity-Based": 1, "Algebra": 1, "Bad": 1}, "description_keywords": {}, "comment_keywords": {"everyone": 1, "maths": 1, "inequality": 1, "woke": 1, "logic": 1, "USA": 1, "undeveloppind": 1, "country": 1, "whole": 1, "western": 1, "world": 1, "exact": 1, "same": 1, "path": 1, "Plain": 1, "simple": 1, "much": 1, "left-leaning": 1, "morons": 1, "shores": 1, "China": 1, "couple": 1, "decades": 1}}, {"title": "'Equity-Based Algebra' Is as Bad as You Imagine It to Be", "description": "", "comment": "This is another example of why my children go to private school.", "title_sentiment": {"neg": 0.259, "neu": 0.741, "pos": 0.0, "compound": -0.5423}, "description_sentiment": {"neg": 0.0, "neu": 0.0, "pos": 0.0, "compound": 0.0}, "comment_sentiment": {"neg": 0.0, "neu": 1.0, "pos": 0.0, "compound": 0.0}, "title_keywords": {"'Equity-Based": 1, "Algebra": 1, "Bad": 1}, "description_keywords": {}, "comment_keywords": {"example": 1, "children": 1, "private": 1, "school": 1}}, {"title": "El Paso judge orders release of migrants accused of 'border riot'", "description": "", "comment": "J6ers are still behind bars", "title_sentiment": {"neg": 0.392, "neu": 0.608, "pos": 0.0, "compound": -0.7003}, "description_sentiment": {"neg": 0.0, "neu": 0.0, "pos": 0.0, "compound": 0.0}, "comment_sentiment": {"neg": 0.0, "neu": 1.0, "pos": 0.0, "compound": 0.0}, "title_keywords": {"El": 1, "Paso": 1, "judge": 1, "orders": 1, "release": 1, "migrants": 1, "'border": 1, "riot": 1}, "description_keywords": {}, "comment_keywords": {"J6ers": 1, "bars": 1}}, {"title": "NY Firefighters Forced to Remove Flag for 9/11 Heroes After Leftwing Questioning, Backlash Saves Day", "description": "", "comment": "At this point, we're just two countries occupying the same geography and fighting over which one gets the government.", "title_sentiment": {"neg": 0.223, "neu": 0.609, "pos": 0.168, "compound": -0.0258}, "description_sentiment": {"neg": 0.0, "neu": 0.0, "pos": 0.0, "compound": 0.0}, "comment_sentiment": {"neg": 0.122, "neu": 0.878, "pos": 0.0, "compound": -0.3612}, "title_keywords": {"NY": 1, "Firefighters": 1, "Forced": 1, "Flag": 1, "Heroes": 1, "Questioning": 1, "Backlash": 1, "Saves": 1, "Day": 1}, "description_keywords": {}, "comment_keywords": {"point": 1, "countries": 1, "same": 1, "geography": 1, "fighting": 1, "government": 1}}, {"title": "NY Firefighters Forced to Remove Flag for 9/11 Heroes After Leftwing Questioning, Backlash Saves Day", "description": "", "comment": "[removed]", "title_sentiment": {"neg": 0.223, "neu": 0.609, "pos": 0.168, "compound": -0.0258}, "description_sentiment": {"neg": 0.0, "neu": 0.0, "pos": 0.0, "compound": 0.0}, "comment_sentiment": {"neg": 0.0, "neu": 1.0, "pos": 0.0, "compound": 0.0}, "title_keywords": {"NY": 1, "Firefighters": 1, "Forced": 1, "Flag": 1, "Heroes": 1, "Questioning": 1, "Backlash": 1, "Saves": 1, "Day": 1}, "description_keywords": {}, "comment_keywords": {"[": 1, "]": 1}}, {"title": "Boston is planning on putting illegal immigrants in veteran housing.", "description": "", "comment": "This is like pouring salt into an open wound.", "title_sentiment": {"neg": 0.286, "neu": 0.714, "pos": 0.0, "compound": -0.5574}, "description_sentiment": {"neg": 0.0, "neu": 0.0, "pos": 0.0, "compound": 0.0}, "comment_sentiment": {"neg": 0.0, "neu": 0.762, "pos": 0.238, "compound": 0.3612}, "title_keywords": {"Boston": 1, "illegal": 1, "immigrants": 1, "veteran": 1, "housing": 1}, "description_keywords": {}, "comment_keywords": {"salt": 1, "open": 1, "wound": 1}}, {"title": "Boston is planning on putting illegal immigrants in veteran housing.", "description": "", "comment": "\u201cWe can\u2019t figure out why they keep coming. I guess we\u2019ll give them food, housing, phones, and medical care until we get to the bottom of this\u201d \ud83e\udd21", "title_sentiment": {"neg": 0.286, "neu": 0.714, "pos": 0.0, "compound": -0.5574}, "description_sentiment": {"neg": 0.0, "neu": 0.0, "pos": 0.0, "compound": 0.0}, "comment_sentiment": {"neg": 0.0, "neu": 0.887, "pos": 0.113, "compound": 0.4939}, "title_keywords": {"Boston": 1, "illegal": 1, "immigrants": 1, "veteran": 1, "housing": 1}, "description_keywords": {}, "comment_keywords": {"t": 1, "figure": 1, "ll": 1, "food": 1, "housing": 1, "phones": 1, "medical": 1, "care": 1, "bottom": 1, "\u201d": 1, "\ud83e\udd21": 1}}, {"title": "Boston is planning on putting illegal immigrants in veteran housing.", "description": "", "comment": "Its clear the disastrous Biden Administration cares more about ILLEGAL Immigrants than our own Veterans who fought for this amazing country.", "title_sentiment": {"neg": 0.286, "neu": 0.714, "pos": 0.0, "compound": -0.5574}, "description_sentiment": {"neg": 0.0, "neu": 0.0, "pos": 0.0, "compound": 0.0}, "comment_sentiment": {"neg": 0.307, "neu": 0.426, "pos": 0.267, "compound": -0.3424}, "title_keywords": {"Boston": 1, "illegal": 1, "immigrants": 1, "veteran": 1, "housing": 1}, "description_keywords": {}, "comment_keywords": {"clear": 1, "disastrous": 1, "Biden": 1, "Administration": 1, "more": 1, "ILLEGAL": 1, "Immigrants": 1, "own": 1, "Veterans": 1, "amazing": 1, "country": 1}}, {"title": "Boston is planning on putting illegal immigrants in veteran housing.", "description": "", "comment": "I am from Boston.\n\nThey also put them in a community center in roxbury which is a historically black neighborhood. It is one of the only \u201csafe spaces\u201d that those kids had.\n\nThey don\u2019t give a fuck about American minorities. Just the optics.", "title_sentiment": {"neg": 0.286, "neu": 0.714, "pos": 0.0, "compound": -0.5574}, "description_sentiment": {"neg": 0.0, "neu": 0.0, "pos": 0.0, "compound": 0.0}, "comment_sentiment": {"neg": 0.084, "neu": 0.916, "pos": 0.0, "compound": -0.5423}, "title_keywords": {"Boston": 1, "illegal": 1, "immigrants": 1, "veteran": 1, "housing": 1}, "description_keywords": {}, "comment_keywords": {"Boston": 1, "community": 1, "center": 1, "roxbury": 1, "black": 1, "neighborhood": 1, "only": 1, "\u201c": 1, "safe": 1, "spaces": 1, "kids": 1, "\u2019": 1, "t": 1, "fuck": 1, "American": 1, "minorities": 1, "optics": 1}}, {"title": "El Paso judge orders release of migrants accused of 'border riot'", "description": "", "comment": "Release them in the judge's neighborhood.", "title_sentiment": {"neg": 0.392, "neu": 0.608, "pos": 0.0, "compound": -0.7003}, "description_sentiment": {"neg": 0.0, "neu": 0.0, "pos": 0.0, "compound": 0.0}, "comment_sentiment": {"neg": 0.0, "neu": 1.0, "pos": 0.0, "compound": 0.0}, "title_keywords": {"El": 1, "Paso": 1, "judge": 1, "orders": 1, "release": 1, "migrants": 1, "'border": 1, "riot": 1}, "description_keywords": {}, "comment_keywords": {"judge": 1, "neighborhood": 1}}, {"title": "El Paso judge orders release of migrants accused of 'border riot'", "description": "", "comment": "[deleted]", "title_sentiment": {"neg": 0.392, "neu": 0.608, "pos": 0.0, "compound": -0.7003}, "description_sentiment": {"neg": 0.0, "neu": 0.0, "pos": 0.0, "compound": 0.0}, "comment_sentiment": {"neg": 0.0, "neu": 1.0, "pos": 0.0, "compound": 0.0}, "title_keywords": {"El": 1, "Paso": 1, "judge": 1, "orders": 1, "release": 1, "migrants": 1, "'border": 1, "riot": 1}, "description_keywords": {}, "comment_keywords": {"]": 1}}, {"title": "Trump reacts to Mexican president's $20 billion demand from Biden admin: 'I wouldn't give him 10 cents'", "description": "", "comment": "How about when Biden gets out we militarize the border and don't give him two cents", "title_sentiment": {"neg": 0.086, "neu": 0.914, "pos": 0.0, "compound": -0.128}, "description_sentiment": {"neg": 0.0, "neu": 0.0, "pos": 0.0, "compound": 0.0}, "comment_sentiment": {"neg": 0.0, "neu": 1.0, "pos": 0.0, "compound": 0.0}, "title_keywords": {"Trump": 1, "Mexican": 1, "president": 1, "demand": 1, "Biden": 1, "admin": 1, "cents": 1}, "description_keywords": {}, "comment_keywords": {"Biden": 1, "border": 1, "cents": 1}}, {"title": "Trump reacts to Mexican president's $20 billion demand from Biden admin: 'I wouldn't give him 10 cents'", "description": "", "comment": "Mexico 's president heard that the US was giving out money to other nations again and thought they would try it.", "title_sentiment": {"neg": 0.086, "neu": 0.914, "pos": 0.0, "compound": -0.128}, "description_sentiment": {"neg": 0.0, "neu": 0.0, "pos": 0.0, "compound": 0.0}, "comment_sentiment": {"neg": 0.0, "neu": 0.893, "pos": 0.107, "compound": 0.34}, "title_keywords": {"Trump": 1, "Mexican": 1, "president": 1, "demand": 1, "Biden": 1, "admin": 1, "cents": 1}, "description_keywords": {}, "comment_keywords": {"Mexico": 1, "president": 1, "US": 1, "money": 1, "other": 1, "nations": 1}}, {"title": "Trump reacts to Mexican president's $20 billion demand from Biden admin: 'I wouldn't give him 10 cents'", "description": "", "comment": "There\u2019s a serious collision coming between Trump and their President.", "title_sentiment": {"neg": 0.086, "neu": 0.914, "pos": 0.0, "compound": -0.128}, "description_sentiment": {"neg": 0.0, "neu": 0.0, "pos": 0.0, "compound": 0.0}, "comment_sentiment": {"neg": 0.352, "neu": 0.648, "pos": 0.0, "compound": -0.4215}, "title_keywords": {"Trump": 1, "Mexican": 1, "president": 1, "demand": 1, "Biden": 1, "admin": 1, "cents": 1}, "description_keywords": {}, "comment_keywords": {"s": 1, "serious": 1, "collision": 1, "Trump": 1, "President": 1}}, {"title": "February Gallup poll revealed that 90% of Republican respondents view \"illegal immigration\" as a \"critical threat\", while only 29% of Democrats feel the same", "description": "", "comment": "30% is actually pretty high for something that you think would break along party lines\n\nThe dems internal polling must show that independents are in favor of limiting illegal immigration because they pivoted hard from the whole \u2018you\u2019re xenophobic for being against illegal immigration\u2019 to \u2018actually we care and are trying but it is trumps fault\u2019", "title_sentiment": {"neg": 0.219, "neu": 0.781, "pos": 0.0, "compound": -0.7096}, "description_sentiment": {"neg": 0.0, "neu": 0.0, "pos": 0.0, "compound": 0.0}, "comment_sentiment": {"neg": 0.093, "neu": 0.781, "pos": 0.126, "compound": 0.2732}, "title_keywords": {"February": 1, "Gallup": 1, "poll": 1, "%": 2, "Republican": 1, "respondents": 1, "illegal": 1, "immigration": 1, "critical": 1, "threat": 1, "Democrats": 1, "same": 1}, "description_keywords": {}, "comment_keywords": {"%": 1, "high": 1, "something": 1, "party": 1, "lines": 1, "dems": 1, "internal": 1, "polling": 1, "independents": 1, "favor": 1, "illegal": 2, "immigration": 2, "whole": 1, "\u2018": 1, "re": 1, "xenophobic": 1, "\u2019": 2, "trumps": 1, "fault": 1}}, {"title": "February Gallup poll revealed that 90% of Republican respondents view \"illegal immigration\" as a \"critical threat\", while only 29% of Democrats feel the same", "description": "", "comment": "Democrats ask why so many Republicans have a problem with illegal immigration when they dont live anywhere near the border. Cant make this stupidity up.", "title_sentiment": {"neg": 0.219, "neu": 0.781, "pos": 0.0, "compound": -0.7096}, "description_sentiment": {"neg": 0.0, "neu": 0.0, "pos": 0.0, "compound": 0.0}, "comment_sentiment": {"neg": 0.315, "neu": 0.685, "pos": 0.0, "compound": -0.8649}, "title_keywords": {"February": 1, "Gallup": 1, "poll": 1, "%": 2, "Republican": 1, "respondents": 1, "illegal": 1, "immigration": 1, "critical": 1, "threat": 1, "Democrats": 1, "same": 1}, "description_keywords": {}, "comment_keywords": {"Democrats": 1, "many": 1, "Republicans": 1, "problem": 1, "illegal": 1, "immigration": 1, "border": 1, "Cant": 1, "make": 1, "stupidity": 1}}, {"title": "Business Owners Fight GOP Efforts to Make Them Police Workers\u2019 Immigration Status", "description": "", "comment": "\"Don't make me stop using cheap illegal labor!\"", "title_sentiment": {"neg": 0.191, "neu": 0.809, "pos": 0.0, "compound": -0.3818}, "description_sentiment": {"neg": 0.0, "neu": 0.0, "pos": 0.0, "compound": 0.0}, "comment_sentiment": {"neg": 0.33, "neu": 0.509, "pos": 0.16, "compound": -0.4596}, "title_keywords": {"Business": 1, "Owners": 1, "Fight": 1, "GOP": 1, "Efforts": 1, "Them": 1, "Police": 1, "Workers": 1, "\u2019": 1, "Immigration": 1, "Status": 1}, "description_keywords": {}, "comment_keywords": {"cheap": 1, "illegal": 1, "labor": 1}}, {"title": "Business Owners Fight GOP Efforts to Make Them Police Workers\u2019 Immigration Status", "description": "", "comment": "Fine the living daylights out of \u2018em if they don\u2019t use E-Verify. \n\nPlus jail time.", "title_sentiment": {"neg": 0.191, "neu": 0.809, "pos": 0.0, "compound": -0.3818}, "description_sentiment": {"neg": 0.0, "neu": 0.0, "pos": 0.0, "compound": 0.0}, "comment_sentiment": {"neg": 0.0, "neu": 0.886, "pos": 0.114, "compound": 0.2023}, "title_keywords": {"Business": 1, "Owners": 1, "Fight": 1, "GOP": 1, "Efforts": 1, "Them": 1, "Police": 1, "Workers": 1, "\u2019": 1, "Immigration": 1, "Status": 1}, "description_keywords": {}, "comment_keywords": {"Fine": 1, "living": 1, "daylights": 1, "\u2018": 1, "\u2019": 1, "t": 1, "use": 1, "E-Verify": 1, "jail": 1, "time": 1}}, {"title": "Business Owners Fight GOP Efforts to Make Them Police Workers\u2019 Immigration Status", "description": "", "comment": "The business owners love the illegal  aliens. Business owners can easily use free federal service called E-verify. But instead they use the I-9 form which people can defeat easily using forged documents.", "title_sentiment": {"neg": 0.191, "neu": 0.809, "pos": 0.0, "compound": -0.3818}, "description_sentiment": {"neg": 0.0, "neu": 0.0, "pos": 0.0, "compound": 0.0}, "comment_sentiment": {"neg": 0.151, "neu": 0.621, "pos": 0.228, "compound": 0.3071}, "title_keywords": {"Business": 1, "Owners": 1, "Fight": 1, "GOP": 1, "Efforts": 1, "Them": 1, "Police": 1, "Workers": 1, "\u2019": 1, "Immigration": 1, "Status": 1}, "description_keywords": {}, "comment_keywords": {"business": 1, "owners": 2, "illegal": 1, "aliens": 1, "Business": 1, "free": 1, "federal": 1, "service": 1, "E-verify": 1, "I-9": 1, "form": 1, "people": 1, "documents": 1}}, {"title": "Business Owners Fight GOP Efforts to Make Them Police Workers\u2019 Immigration Status", "description": "", "comment": "Its like groundhog day. E-verify was a hotbutton issue 20 years ago.", "title_sentiment": {"neg": 0.191, "neu": 0.809, "pos": 0.0, "compound": -0.3818}, "description_sentiment": {"neg": 0.0, "neu": 0.0, "pos": 0.0, "compound": 0.0}, "comment_sentiment": {"neg": 0.0, "neu": 0.8, "pos": 0.2, "compound": 0.3612}, "title_keywords": {"Business": 1, "Owners": 1, "Fight": 1, "GOP": 1, "Efforts": 1, "Them": 1, "Police": 1, "Workers": 1, "\u2019": 1, "Immigration": 1, "Status": 1}, "description_keywords": {}, "comment_keywords": {"like": 1, "groundhog": 1, "day": 1, "E-verify": 1, "hotbutton": 1, "issue": 1, "years": 1}}]