[{"title": "3 months and 28 days: Leftist events clog calendar as White House faces backlash over Easter announcement", "description": "", "comment": "He deserves it.", "title_sentiment": {"neg": 0.0, "neu": 1.0, "pos": 0.0, "compound": 0.0}, "description_sentiment": {"neg": 0.0, "neu": 0.0, "pos": 0.0, "compound": 0.0}, "comment_sentiment": {"neg": 0.0, "neu": 1.0, "pos": 0.0, "compound": 0.0}, "title_keywords": {"months": 1, "days": 1, "Leftist": 1, "events": 1, "clog": 1, "calendar": 1, "White": 1, "House": 1, "backlash": 1, "Easter": 1, "announcement": 1}, "description_keywords": {}, "comment_keywords": {}}, {"title": "Who is burning books now, left?", "description": "", "comment": "Tired of reporting this thread?  [Debate us on discord instead.](https://discord.com/invite/conservative)\n\n*I am a bot, and this action was performed automatically. Please [contact the moderators of this subreddit](/message/compose/?to=/r/Conservative) if you have any questions or concerns.*", "title_sentiment": {"neg": 0.0, "neu": 1.0, "pos": 0.0, "compound": 0.0}, "description_sentiment": {"neg": 0.0, "neu": 0.0, "pos": 0.0, "compound": 0.0}, "comment_sentiment": {"neg": 0.156, "neu": 0.784, "pos": 0.06, "compound": -0.5661}, "title_keywords": {"books": 1}, "description_keywords": {}, "comment_keywords": {"Tired": 1, "thread": 1, "[": 2, "Debate": 1, "discord": 1, "]": 2, "https": 1, "//discord.com/invite/conservative": 1, "bot": 1, "action": 1, "Please": 1, "moderators": 1, "subreddit": 1, "/message/compose/": 1, "to=/r/Conservative": 1, "questions": 1, "concerns": 1, "*": 1}}, {"title": "Who is burning books now, left?", "description": "", "comment": "I am going to council caution on this story.    There is a lot of local scuttlebutt and some circumstantial evidence that a certain local \"firebrand\" pastor may be behind this to generate attention for his own cause.   There have been other vandalism incidents where conveniently that day was the only day none of his security cameras were  working.      \n\n\nWhile there is an obvious attack on Christianity happening these days, I am not convinced this particular one is genuine.   I will wait for more facts.\n\nI recommend the same for you.", "title_sentiment": {"neg": 0.0, "neu": 1.0, "pos": 0.0, "compound": 0.0}, "description_sentiment": {"neg": 0.0, "neu": 0.0, "pos": 0.0, "compound": 0.0}, "comment_sentiment": {"neg": 0.081, "neu": 0.866, "pos": 0.053, "compound": -0.3644}, "title_keywords": {"books": 1}, "description_keywords": {}, "comment_keywords": {"caution": 1, "story": 1, "lot": 1, "local": 2, "scuttlebutt": 1, "circumstantial": 1, "evidence": 1, "certain": 1, "firebrand": 1, "pastor": 1, "attention": 1, "own": 1, "cause": 1, "other": 1, "vandalism": 1, "incidents": 1, "day": 2, "only": 1, "none": 1, "security": 1, "cameras": 1, "obvious": 1, "attack": 1, "Christianity": 1, "days": 1, "particular": 1, "genuine": 1, "more": 1, "facts": 1, "same": 1}}, {"title": "Who is burning books now, left?", "description": "", "comment": "Why is there a trailer full of bibles?  Truck, van, covered trailer makes more sense.", "title_sentiment": {"neg": 0.0, "neu": 1.0, "pos": 0.0, "compound": 0.0}, "description_sentiment": {"neg": 0.0, "neu": 0.0, "pos": 0.0, "compound": 0.0}, "comment_sentiment": {"neg": 0.0, "neu": 1.0, "pos": 0.0, "compound": 0.0}, "title_keywords": {"books": 1}, "description_keywords": {}, "comment_keywords": {"trailer": 2, "full": 1, "bibles": 1, "Truck": 1, "van": 1, "more": 1, "sense": 1}}, {"title": "Archbishop Carlo Maria Vigan\u00f2 calls for the excommunication of Joe Biden from the Catholic Church after Biden Proclaimed Easter Sunday Transgender Visibility Day.", "description": "", "comment": "Do it; stop talking about it. Ex-communicate him.", "title_sentiment": {"neg": 0.0, "neu": 1.0, "pos": 0.0, "compound": 0.0}, "description_sentiment": {"neg": 0.0, "neu": 0.0, "pos": 0.0, "compound": 0.0}, "comment_sentiment": {"neg": 0.239, "neu": 0.761, "pos": 0.0, "compound": -0.296}, "title_keywords": {"Archbishop": 1, "Carlo": 1, "Maria": 1, "Vigan\u00f2": 1, "excommunication": 1, "Joe": 1, "Biden": 2, "Catholic": 1, "Church": 1, "Proclaimed": 1, "Easter": 1, "Sunday": 1, "Transgender": 1, "Visibility": 1, "Day": 1}, "description_keywords": {}, "comment_keywords": {"Ex-communicate": 1}}, {"title": "Who Put Marjorie Taylor Greene In Charge?", "description": "", "comment": "Leadership is a rare thing among Congress these days", "title_sentiment": {"neg": 0.0, "neu": 1.0, "pos": 0.0, "compound": 0.0}, "description_sentiment": {"neg": 0.0, "neu": 0.0, "pos": 0.0, "compound": 0.0}, "comment_sentiment": {"neg": 0.0, "neu": 1.0, "pos": 0.0, "compound": 0.0}, "title_keywords": {"Marjorie": 1, "Taylor": 1, "Greene": 1, "Charge": 1}, "description_keywords": {}, "comment_keywords": {"Leadership": 1, "rare": 1, "thing": 1, "Congress": 1, "days": 1}}, {"title": "Who Put Marjorie Taylor Greene In Charge?", "description": "", "comment": "Her constituents then House leadership.", "title_sentiment": {"neg": 0.0, "neu": 1.0, "pos": 0.0, "compound": 0.0}, "description_sentiment": {"neg": 0.0, "neu": 0.0, "pos": 0.0, "compound": 0.0}, "comment_sentiment": {"neg": 0.0, "neu": 1.0, "pos": 0.0, "compound": 0.0}, "title_keywords": {"Marjorie": 1, "Taylor": 1, "Greene": 1, "Charge": 1}, "description_keywords": {}, "comment_keywords": {"constituents": 1, "House": 1, "leadership": 1}}, {"title": "Who Put Marjorie Taylor Greene In Charge?", "description": "", "comment": "She is another fan of fake it till you make it, only problem is no one else is stepping up  point out how to do it right.", "title_sentiment": {"neg": 0.0, "neu": 1.0, "pos": 0.0, "compound": 0.0}, "description_sentiment": {"neg": 0.0, "neu": 0.0, "pos": 0.0, "compound": 0.0}, "comment_sentiment": {"neg": 0.24, "neu": 0.691, "pos": 0.069, "compound": -0.6908}, "title_keywords": {"Marjorie": 1, "Taylor": 1, "Greene": 1, "Charge": 1}, "description_keywords": {}, "comment_keywords": {"fan": 1, "fake": 1, "problem": 1, "one": 1, "point": 1}}, {"title": "Who Put Marjorie Taylor Greene In Charge?", "description": "", "comment": "Conservatives", "title_sentiment": {"neg": 0.0, "neu": 1.0, "pos": 0.0, "compound": 0.0}, "description_sentiment": {"neg": 0.0, "neu": 0.0, "pos": 0.0, "compound": 0.0}, "comment_sentiment": {"neg": 0.0, "neu": 1.0, "pos": 0.0, "compound": 0.0}, "title_keywords": {"Marjorie": 1, "Taylor": 1, "Greene": 1, "Charge": 1}, "description_keywords": {}, "comment_keywords": {"Conservatives": 1}}, {"title": "Who Put Marjorie Taylor Greene In Charge?", "description": "", "comment": "She is the \"leader\" the maga deserve.", "title_sentiment": {"neg": 0.0, "neu": 1.0, "pos": 0.0, "compound": 0.0}, "description_sentiment": {"neg": 0.0, "neu": 0.0, "pos": 0.0, "compound": 0.0}, "comment_sentiment": {"neg": 0.0, "neu": 1.0, "pos": 0.0, "compound": 0.0}, "title_keywords": {"Marjorie": 1, "Taylor": 1, "Greene": 1, "Charge": 1}, "description_keywords": {}, "comment_keywords": {"leader": 1, "maga": 1, "deserve": 1}}, {"title": "I'll keep it.", "description": "", "comment": "This is great and all but we should focus on keeping this a sub dedicated to discussion about conservative politics and their importance to American Liberty.", "title_sentiment": {"neg": 0.0, "neu": 1.0, "pos": 0.0, "compound": 0.0}, "description_sentiment": {"neg": 0.0, "neu": 0.0, "pos": 0.0, "compound": 0.0}, "comment_sentiment": {"neg": 0.0, "neu": 0.593, "pos": 0.407, "compound": 0.9371}, "title_keywords": {}, "description_keywords": {}, "comment_keywords": {"great": 1, "sub": 1, "conservative": 1, "politics": 1, "importance": 1, "American": 1, "Liberty": 1}}, {"title": "Where is tha MONEY\ud83e\udd23\ud83e\udd23\ud83e\udd23 ???", "description": "", "comment": "Why is this a gif?", "title_sentiment": {"neg": 0.0, "neu": 1.0, "pos": 0.0, "compound": 0.0}, "description_sentiment": {"neg": 0.0, "neu": 0.0, "pos": 0.0, "compound": 0.0}, "comment_sentiment": {"neg": 0.0, "neu": 1.0, "pos": 0.0, "compound": 0.0}, "title_keywords": {"tha": 1, "MONEY\ud83e\udd23\ud83e\udd23\ud83e\udd23": 1}, "description_keywords": {}, "comment_keywords": {"gif": 1}}, {"title": "Where is tha MONEY\ud83e\udd23\ud83e\udd23\ud83e\udd23 ???", "description": "", "comment": "Didn't he also give out a stimulus package as President during Covid? Everyone dubbed them Biden Bucks?", "title_sentiment": {"neg": 0.0, "neu": 1.0, "pos": 0.0, "compound": 0.0}, "description_sentiment": {"neg": 0.0, "neu": 0.0, "pos": 0.0, "compound": 0.0}, "comment_sentiment": {"neg": 0.0, "neu": 1.0, "pos": 0.0, "compound": 0.0}, "title_keywords": {"tha": 1, "MONEY\ud83e\udd23\ud83e\udd23\ud83e\udd23": 1}, "description_keywords": {}, "comment_keywords": {"Did": 1, "stimulus": 1, "package": 1, "President": 1, "Covid": 1, "Everyone": 1, "Biden": 1, "Bucks": 1}}, {"title": "Where is tha MONEY\ud83e\udd23\ud83e\udd23\ud83e\udd23 ???", "description": "", "comment": "Bud, congressional republicans block him giving money to Americans. The only thing our politicians agree on is that we are less important than Ukrainians.", "title_sentiment": {"neg": 0.0, "neu": 1.0, "pos": 0.0, "compound": 0.0}, "description_sentiment": {"neg": 0.0, "neu": 0.0, "pos": 0.0, "compound": 0.0}, "comment_sentiment": {"neg": 0.099, "neu": 0.682, "pos": 0.219, "compound": 0.3626}, "title_keywords": {"tha": 1, "MONEY\ud83e\udd23\ud83e\udd23\ud83e\udd23": 1}, "description_keywords": {}, "comment_keywords": {"Bud": 1, "congressional": 1, "republicans": 1, "money": 1, "Americans": 1, "only": 1, "thing": 1, "politicians": 1, "important": 1, "Ukrainians": 1}}, {"title": "Statement from President Joe Biden on Easter", "description": "", "comment": "Making sure this was overshadowed by the trans visibility statement so we know the order of importance to them.", "title_sentiment": {"neg": 0.0, "neu": 1.0, "pos": 0.0, "compound": 0.0}, "description_sentiment": {"neg": 0.0, "neu": 0.0, "pos": 0.0, "compound": 0.0}, "comment_sentiment": {"neg": 0.0, "neu": 0.78, "pos": 0.22, "compound": 0.5859}, "title_keywords": {"Statement": 1, "President": 1, "Joe": 1, "Biden": 1, "Easter": 1}, "description_keywords": {}, "comment_keywords": {"sure": 1, "trans": 1, "visibility": 1, "statement": 1, "order": 1, "importance": 1}}, {"title": "Statement from President Joe Biden on Easter", "description": "", "comment": "Good for him for saying at least this much.  Hopefully it was sincere and from his heart.", "title_sentiment": {"neg": 0.0, "neu": 1.0, "pos": 0.0, "compound": 0.0}, "description_sentiment": {"neg": 0.0, "neu": 0.0, "pos": 0.0, "compound": 0.0}, "comment_sentiment": {"neg": 0.0, "neu": 0.628, "pos": 0.372, "compound": 0.8074}, "title_keywords": {"Statement": 1, "President": 1, "Joe": 1, "Biden": 1, "Easter": 1}, "description_keywords": {}, "comment_keywords": {"Good": 1, "least": 1, "Hopefully": 1, "heart": 1}}, {"title": "House Republican suggests US should nuke Gaza in resurfaced clip: \u2018Get it over quick\u2019", "description": "", "comment": "Make of this what you will: \u201cWe shouldn\u2019t be spending a dime on humanitarian aid. It should be like Nagasaki and Hiroshima. Get it over quick.\u201d\n\nNot the best idea to use two cities we nuked as a metaphor. Even if he didn\u2019t mean using a nuke, the optics of using two cities we *did* nuke in a metaphor is bad.", "title_sentiment": {"neg": 0.0, "neu": 1.0, "pos": 0.0, "compound": 0.0}, "description_sentiment": {"neg": 0.0, "neu": 0.0, "pos": 0.0, "compound": 0.0}, "comment_sentiment": {"neg": 0.108, "neu": 0.852, "pos": 0.039, "compound": -0.6562}, "title_keywords": {"House": 1, "Republican": 1, "US": 1, "Gaza": 1, "resurfaced": 1, "clip": 1, "\u2018": 1, "quick": 1, "\u2019": 1}, "description_keywords": {}, "comment_keywords": {"Make": 1, "\u2019": 2, "t": 2, "dime": 1, "humanitarian": 1, "aid": 1, "Nagasaki": 1, "Hiroshima": 1, "quick.": 1, "\u201d": 1, "best": 1, "idea": 1, "cities": 2, "metaphor": 2, "mean": 1, "nuke": 2, "optics": 1, "*": 1, "bad": 1}}, {"title": "House Republican suggests US should nuke Gaza in resurfaced clip: \u2018Get it over quick\u2019", "description": "", "comment": "I mean the entire region won\u2019t take in Palestinian refugees for a reason. And they\u2019re all Muslim Arab countries. \n\nHe doesn\u2019t explicitly call for nuking them. In the article he clarifies what he meant was resolving the conflict as expeditiously as possible militarily. A metaphor.\n\nIdk you can either accept he meant what he says he meant or continue to believe what those words mean to you.\n\n*\u201cAs a child who grew up in the Cold War Era, the last thing I\u2019d advocate for would be the use of nuclear weapons. In a shortened clip, I used a metaphor to convey the need for both Israel and Ukraine to win their wars as swiftly as possible, without putting American troops in harm\u2019s way,\u201d the statement read.*\n\n*\u201cMy reasoning was the exact opposite of what is being reported: the quicker these wars end, the fewer innocent lives will be caught in the crossfire. The sooner Hamas and Russia surrender, the easier it will be to move forward. The use of this metaphor, along with the removal of context, distorted my message, but I fully stand by these beliefs and stand by our allies.\u201d*", "title_sentiment": {"neg": 0.0, "neu": 1.0, "pos": 0.0, "compound": 0.0}, "description_sentiment": {"neg": 0.0, "neu": 0.0, "pos": 0.0, "compound": 0.0}, "comment_sentiment": {"neg": 0.07, "neu": 0.866, "pos": 0.064, "compound": -0.2617}, "title_keywords": {"House": 1, "Republican": 1, "US": 1, "Gaza": 1, "resurfaced": 1, "clip": 1, "\u2018": 1, "quick": 1, "\u2019": 1}, "description_keywords": {}, "comment_keywords": {"entire": 1, "region": 1, "\u2019": 3, "t": 2, "Palestinian": 1, "refugees": 1, "reason": 1, "Muslim": 1, "Arab": 1, "countries": 1, "article": 1, "conflict": 1, "possible": 2, "metaphor": 3, "Idk": 1, "words": 1, "\u201c": 2, "child": 1, "Cold": 1, "War": 1, "Era": 1, "last": 1, "thing": 1, "d": 1, "advocate": 1, "use": 2, "nuclear": 1, "weapons": 1, "shortened": 1, "clip": 1, "need": 1, "Israel": 1, "Ukraine": 1, "wars": 2, "American": 1, "troops": 1, "harm": 1, "s": 1, "way": 1, "statement": 1, "read": 1, "*": 3, "My": 1, "reasoning": 1, "exact": 1, "opposite": 1, "quicker": 1, "fewer": 1, "innocent": 1, "lives": 1, "crossfire": 1, "sooner": 1, "Hamas": 1, "Russia": 1, "surrender": 1, "easier": 1, "removal": 1, "context": 1, "message": 1, "beliefs": 1, "stand": 1, "allies.": 1, "\u201d": 1}}, {"title": "House Republican suggests US should nuke Gaza in resurfaced clip: \u2018Get it over quick\u2019", "description": "", "comment": "Russia surrender? You know this dude is fucking clueless.", "title_sentiment": {"neg": 0.0, "neu": 1.0, "pos": 0.0, "compound": 0.0}, "description_sentiment": {"neg": 0.0, "neu": 0.0, "pos": 0.0, "compound": 0.0}, "comment_sentiment": {"neg": 0.259, "neu": 0.741, "pos": 0.0, "compound": -0.4201}, "title_keywords": {"House": 1, "Republican": 1, "US": 1, "Gaza": 1, "resurfaced": 1, "clip": 1, "\u2018": 1, "quick": 1, "\u2019": 1}, "description_keywords": {}, "comment_keywords": {"Russia": 1, "surrender": 1, "dude": 1, "clueless": 1}}, {"title": "House Republican suggests US should nuke Gaza in resurfaced clip: \u2018Get it over quick\u2019", "description": "", "comment": "Why is no one talking about detention centers? If the Israelis removed these civilians from the battlefield they could declare free fire zones and stop using the Vietnam handbook. It seems pretty clear to me that Bibi has no intention of winning this war quickly.", "title_sentiment": {"neg": 0.0, "neu": 1.0, "pos": 0.0, "compound": 0.0}, "description_sentiment": {"neg": 0.0, "neu": 0.0, "pos": 0.0, "compound": 0.0}, "comment_sentiment": {"neg": 0.287, "neu": 0.521, "pos": 0.192, "compound": -0.6399}, "title_keywords": {"House": 1, "Republican": 1, "US": 1, "Gaza": 1, "resurfaced": 1, "clip": 1, "\u2018": 1, "quick": 1, "\u2019": 1}, "description_keywords": {}, "comment_keywords": {"one": 1, "detention": 1, "centers": 1, "Israelis": 1, "civilians": 1, "battlefield": 1, "free": 1, "fire": 1, "zones": 1, "Vietnam": 1, "handbook": 1, "pretty": 1, "clear": 1, "Bibi": 1, "intention": 1, "war": 1}}, {"title": "Harvard applications plummet in potential harbinger for other schools", "description": "", "comment": "&gt;While Harvard had nearly 57,000 applicants for the class of 2027, applications declined more than 5% to about 54,000 for the incoming class of 2028. \n\nStill a bit above the 37,000 applicants Harvard had 5 years ago. If anything I'm guessing applications will decrease around the US as institutions continue to re-instate SAT/ACT requirements.\n\nAlso I'm sure they will cry into their pile of cash ($53 billion endowment) as we argue online", "title_sentiment": {"neg": 0.0, "neu": 1.0, "pos": 0.0, "compound": 0.0}, "description_sentiment": {"neg": 0.0, "neu": 0.0, "pos": 0.0, "compound": 0.0}, "comment_sentiment": {"neg": 0.074, "neu": 0.896, "pos": 0.031, "compound": -0.4939}, "title_keywords": {"Harvard": 1, "applications": 1, "potential": 1, "harbinger": 1, "other": 1, "schools": 1}, "description_keywords": {}, "comment_keywords": {"gt": 1, "Harvard": 2, "applicants": 2, "class": 2, "applications": 2, "more": 1, "%": 1, "incoming": 1, "bit": 1, "years": 1, "anything": 1, "US": 1, "institutions": 1, "SAT/ACT": 1, "requirements": 1, "sure": 1, "pile": 1, "cash": 1, "endowment": 1, "online": 1}}, {"title": "Harvard applications plummet in potential harbinger for other schools", "description": "", "comment": "The class of 2018 had 34, 295 applicants.\n\nClass of 2019 had 37, 307. \n\nClass of 2020 had 39, 041.\n\n2021 - 39, 506. \n\n2022 - 42, 749. \n\n2023 - 43, 330. \n\nClass of 2024 - 40, 428. \n\n2025 - 57, 786. \n\n2026 - 62, 221. \n\n2027 - 56, 937. \n\n2028 - 54, 008 &lt;--- this is where the article states it \"plummets\". \n\nAdmission is still greatly up from decade ago or even 4 years ago, and hasn't \"plummeted\". This is a misleading nothing burger. \n\n\n[source](https://oira.harvard.edu/factbook/fact-book-admissions/)", "title_sentiment": {"neg": 0.0, "neu": 1.0, "pos": 0.0, "compound": 0.0}, "description_sentiment": {"neg": 0.0, "neu": 0.0, "pos": 0.0, "compound": 0.0}, "comment_sentiment": {"neg": 0.035, "neu": 0.965, "pos": 0.0, "compound": -0.4019}, "title_keywords": {"Harvard": 1, "applications": 1, "potential": 1, "harbinger": 1, "other": 1, "schools": 1}, "description_keywords": {}, "comment_keywords": {"class": 1, "applicants": 1, "Class": 3, "lt": 1, "article": 1, "plummets": 1, "Admission": 1, "decade": 1, "years": 1, "plummeted": 1, "misleading": 1, "nothing": 1, "burger": 1, "source": 1, "]": 1, "https": 1, "//oira.harvard.edu/factbook/fact-book-admissions/": 1}}, {"title": "Harvard applications plummet in potential harbinger for other schools", "description": "", "comment": "good.  we dont need more liberal arts degree holders.", "title_sentiment": {"neg": 0.0, "neu": 1.0, "pos": 0.0, "compound": 0.0}, "description_sentiment": {"neg": 0.0, "neu": 0.0, "pos": 0.0, "compound": 0.0}, "comment_sentiment": {"neg": 0.0, "neu": 0.734, "pos": 0.266, "compound": 0.4404}, "title_keywords": {"Harvard": 1, "applications": 1, "potential": 1, "harbinger": 1, "other": 1, "schools": 1}, "description_keywords": {}, "comment_keywords": {"good": 1, "liberal": 1, "arts": 1, "holders": 1}}, {"title": "The children yearn for the Dairy Queen", "description": "", "comment": "I live in an area where mom and pop ice cream shops dominate the only ice cream chain we have (Friendly's). It's pretty cool.", "title_sentiment": {"neg": 0.0, "neu": 1.0, "pos": 0.0, "compound": 0.0}, "description_sentiment": {"neg": 0.0, "neu": 0.0, "pos": 0.0, "compound": 0.0}, "comment_sentiment": {"neg": 0.056, "neu": 0.741, "pos": 0.204, "compound": 0.6124}, "title_keywords": {"children": 1, "Dairy": 1, "Queen": 1}, "description_keywords": {}, "comment_keywords": {"area": 1, "mom": 1, "pop": 1, "ice": 2, "cream": 2, "shops": 1, "only": 1, "chain": 1, "Friendly": 1, "pretty": 1, "cool": 1}}, {"title": "The children yearn for the Dairy Queen", "description": "", "comment": "It will be interesting to see what happens in CA with their new fast food minimum wage.  I imagine there will be a lot of closures as customers are unwilling to pay for low-quality food what it costs to support that level of pay.", "title_sentiment": {"neg": 0.0, "neu": 1.0, "pos": 0.0, "compound": 0.0}, "description_sentiment": {"neg": 0.0, "neu": 0.0, "pos": 0.0, "compound": 0.0}, "comment_sentiment": {"neg": 0.061, "neu": 0.823, "pos": 0.117, "compound": 0.5574}, "title_keywords": {"children": 1, "Dairy": 1, "Queen": 1}, "description_keywords": {}, "comment_keywords": {"interesting": 1, "CA": 1, "new": 1, "food": 2, "minimum": 1, "wage": 1, "lot": 1, "closures": 1, "customers": 1, "unwilling": 1, "low-quality": 1, "level": 1, "pay": 1}}, {"title": "The children yearn for the Dairy Queen", "description": "", "comment": "Making ice cream cones is an entry level low skill job for teenagers. It\u2019s should be for them to some cash to play with during the summer or to start saving. \n\nIt\u2019s not for grown ass adults trying to raise a family. A manager spot is a maybe but to raise a family, someone should be targeting a skilled profession and a job with benefits", "title_sentiment": {"neg": 0.0, "neu": 1.0, "pos": 0.0, "compound": 0.0}, "description_sentiment": {"neg": 0.0, "neu": 0.0, "pos": 0.0, "compound": 0.0}, "comment_sentiment": {"neg": 0.024, "neu": 0.865, "pos": 0.11, "compound": 0.6678}, "title_keywords": {"children": 1, "Dairy": 1, "Queen": 1}, "description_keywords": {}, "comment_keywords": {"ice": 1, "cream": 1, "cones": 1, "entry": 1, "level": 1, "low": 1, "skill": 1, "job": 2, "teenagers": 1, "s": 1, "cash": 1, "summer": 1, "grown": 1, "ass": 1, "adults": 1, "family": 2, "A": 1, "manager": 1, "spot": 1, "someone": 1, "skilled": 1, "profession": 1, "benefits": 1}}, {"title": "Professors get $1 million to apply \u2018critical race studies\u2019 to the classics | The College Fix", "description": "", "comment": "The title of this post alone should make it abundantly clear why DEI is the biggest grift in history.\n\nAnd in most cases, _a shakedown_.", "title_sentiment": {"neg": 0.0, "neu": 1.0, "pos": 0.0, "compound": 0.0}, "description_sentiment": {"neg": 0.0, "neu": 0.0, "pos": 0.0, "compound": 0.0}, "comment_sentiment": {"neg": 0.072, "neu": 0.833, "pos": 0.094, "compound": 0.1531}, "title_keywords": {"Professors": 1, "\u2018": 1, "critical": 1, "race": 1, "studies": 1, "classics": 1, "College": 1, "Fix": 1}, "description_keywords": {}, "comment_keywords": {"title": 1, "post": 1, "clear": 1, "DEI": 1, "biggest": 1, "grift": 1, "history": 1, "most": 1, "cases": 1, "_a": 1, "shakedown_": 1}}, {"title": "Professors get $1 million to apply \u2018critical race studies\u2019 to the classics | The College Fix", "description": "", "comment": "&gt;The new program will be a \u201cmulti-year fellowship program designed to mentor graduate students and early career researchers of the ancient Mediterranean as they *center critical race studies* in their scholarship and teaching,\u201d according to a Princeton announcement.\n\nPlacing critical theory at the center of anything, let alone *scholarship and teaching*, is not healthy for anyone...", "title_sentiment": {"neg": 0.0, "neu": 1.0, "pos": 0.0, "compound": 0.0}, "description_sentiment": {"neg": 0.0, "neu": 0.0, "pos": 0.0, "compound": 0.0}, "comment_sentiment": {"neg": 0.15, "neu": 0.85, "pos": 0.0, "compound": -0.7819}, "title_keywords": {"Professors": 1, "\u2018": 1, "critical": 1, "race": 1, "studies": 1, "classics": 1, "College": 1, "Fix": 1}, "description_keywords": {}, "comment_keywords": {"gt": 1, "new": 1, "program": 2, "\u201c": 1, "multi-year": 1, "fellowship": 1, "graduate": 1, "students": 1, "early": 1, "career": 1, "researchers": 1, "ancient": 1, "Mediterranean": 1, "center": 2, "critical": 2, "race": 1, "studies": 1, "scholarship": 2, "teaching": 1, "Princeton": 1, "announcement": 1, "theory": 1, "anything": 1, "*": 2, "healthy": 1, "anyone": 1}}, {"title": "Professors get $1 million to apply \u2018critical race studies\u2019 to the classics | The College Fix", "description": "", "comment": "Since I already have hardcover copies of the classics on my shelves these people won\u2019t be changing or editing a word of what I read. \n\nI suggest everyone find and keep hard copies of all their beloved media and store it in a safe place, the left is coming and will make every attempt to alter and destroy anything from the past they don\u2019t agree with.", "title_sentiment": {"neg": 0.0, "neu": 1.0, "pos": 0.0, "compound": 0.0}, "description_sentiment": {"neg": 0.0, "neu": 0.0, "pos": 0.0, "compound": 0.0}, "comment_sentiment": {"neg": 0.07, "neu": 0.805, "pos": 0.125, "compound": 0.5859}, "title_keywords": {"Professors": 1, "\u2018": 1, "critical": 1, "race": 1, "studies": 1, "classics": 1, "College": 1, "Fix": 1}, "description_keywords": {}, "comment_keywords": {"copies": 2, "classics": 1, "shelves": 1, "people": 1, "\u2019": 2, "t": 2, "word": 1, "everyone": 1, "find": 1, "hard": 1, "media": 1, "store": 1, "safe": 1, "place": 1, "left": 1, "attempt": 1, "alter": 1, "destroy": 1, "anything": 1, "past": 1}}, {"title": "\u2018Vaccine lettuce\u2019 bill, aiming to classify food containing a vaccine as a drug, passes in Tennessee", "description": "", "comment": "This is in response to some group getting a grant to study if they could do it. The bill is more of a \"don't even think about it\" signal not to the scientists, but to the FDA.", "title_sentiment": {"neg": 0.0, "neu": 1.0, "pos": 0.0, "compound": 0.0}, "description_sentiment": {"neg": 0.0, "neu": 0.0, "pos": 0.0, "compound": 0.0}, "comment_sentiment": {"neg": 0.0, "neu": 0.951, "pos": 0.049, "compound": 0.1901}, "title_keywords": {"\u2018": 1, "Vaccine": 1, "lettuce": 1, "\u2019": 1, "bill": 1, "food": 1, "vaccine": 1, "drug": 1, "Tennessee": 1}, "description_keywords": {}, "comment_keywords": {"response": 1, "group": 1, "grant": 1, "bill": 1, "more": 1, "scientists": 1, "FDA": 1}}, {"title": "\u2018Vaccine lettuce\u2019 bill, aiming to classify food containing a vaccine as a drug, passes in Tennessee", "description": "", "comment": "Tennessee must be a utopia where no one is homeless, no one is unemployed, there is an excess of funds available, education is the best in the country and crime is non-existent if this is what they are spending their voter's tax money legislating.", "title_sentiment": {"neg": 0.0, "neu": 1.0, "pos": 0.0, "compound": 0.0}, "description_sentiment": {"neg": 0.0, "neu": 0.0, "pos": 0.0, "compound": 0.0}, "comment_sentiment": {"neg": 0.155, "neu": 0.763, "pos": 0.082, "compound": -0.4019}, "title_keywords": {"\u2018": 1, "Vaccine": 1, "lettuce": 1, "\u2019": 1, "bill": 1, "food": 1, "vaccine": 1, "drug": 1, "Tennessee": 1}, "description_keywords": {}, "comment_keywords": {"Tennessee": 1, "utopia": 1, "one": 2, "homeless": 1, "unemployed": 1, "excess": 1, "funds": 1, "available": 1, "education": 1, "best": 1, "country": 1, "crime": 1, "non-existent": 1, "voter": 1, "tax": 1, "money": 1, "legislating": 1}}, {"title": "\u2018Vaccine lettuce\u2019 bill, aiming to classify food containing a vaccine as a drug, passes in Tennessee", "description": "", "comment": "What we need are laws ensuring that it's clearly labeled to contain vaccines", "title_sentiment": {"neg": 0.0, "neu": 1.0, "pos": 0.0, "compound": 0.0}, "description_sentiment": {"neg": 0.0, "neu": 0.0, "pos": 0.0, "compound": 0.0}, "comment_sentiment": {"neg": 0.0, "neu": 0.696, "pos": 0.304, "compound": 0.5859}, "title_keywords": {"\u2018": 1, "Vaccine": 1, "lettuce": 1, "\u2019": 1, "bill": 1, "food": 1, "vaccine": 1, "drug": 1, "Tennessee": 1}, "description_keywords": {}, "comment_keywords": {"laws": 1, "vaccines": 1}}, {"title": "9 Brits Apprehended Illegally Crossing Canadian Border into Vermont", "description": "", "comment": "No doubt lured by the US government's offer of free tea and crumpets.", "title_sentiment": {"neg": 0.0, "neu": 1.0, "pos": 0.0, "compound": 0.0}, "description_sentiment": {"neg": 0.0, "neu": 0.0, "pos": 0.0, "compound": 0.0}, "comment_sentiment": {"neg": 0.261, "neu": 0.556, "pos": 0.183, "compound": -0.1027}, "title_keywords": {"Brits": 1, "Apprehended": 1, "Illegally": 1, "Crossing": 1, "Canadian": 1, "Border": 1, "Vermont": 1}, "description_keywords": {}, "comment_keywords": {"doubt": 1, "US": 1, "government": 1, "offer": 1, "free": 1, "tea": 1, "crumpets": 1}}, {"title": "9 Brits Apprehended Illegally Crossing Canadian Border into Vermont", "description": "", "comment": "What are the Brits names?", "title_sentiment": {"neg": 0.0, "neu": 1.0, "pos": 0.0, "compound": 0.0}, "description_sentiment": {"neg": 0.0, "neu": 0.0, "pos": 0.0, "compound": 0.0}, "comment_sentiment": {"neg": 0.0, "neu": 1.0, "pos": 0.0, "compound": 0.0}, "title_keywords": {"Brits": 1, "Apprehended": 1, "Illegally": 1, "Crossing": 1, "Canadian": 1, "Border": 1, "Vermont": 1}, "description_keywords": {}, "comment_keywords": {"Brits": 1, "names": 1}}, {"title": "9 Brits Apprehended Illegally Crossing Canadian Border into Vermont", "description": "", "comment": "My first thought was it was probably British Muslims.", "title_sentiment": {"neg": 0.0, "neu": 1.0, "pos": 0.0, "compound": 0.0}, "description_sentiment": {"neg": 0.0, "neu": 0.0, "pos": 0.0, "compound": 0.0}, "comment_sentiment": {"neg": 0.0, "neu": 1.0, "pos": 0.0, "compound": 0.0}, "title_keywords": {"Brits": 1, "Apprehended": 1, "Illegally": 1, "Crossing": 1, "Canadian": 1, "Border": 1, "Vermont": 1}, "description_keywords": {}, "comment_keywords": {"first": 1, "thought": 1, "British": 1, "Muslims": 1}}]