[{"title": "My brother was in GATE and refuses to talk about it.", "description": "[deleted]", "comment": "###[Meta] Sticky Comment\n\n[Rule 2](https://www.reddit.com/r/conspiracy/wiki/faq#wiki_2_-_address_the_argument.3B_not_the_user.2C_the_mods.2C_or_the_sub.) ***does not apply*** when replying to this stickied comment.  \n\n[Rule 2](https://www.reddit.com/r/conspiracy/wiki/faq#wiki_2_-_address_the_argument.3B_not_the_user.2C_the_mods.2C_or_the_sub.) ***does apply*** throughout the rest of this thread.\n\n*What this means*: Please keep any \"meta\" discussion directed at specific users, mods, or /r/conspiracy in general in this comment chain ***only.***\n\n*I am a bot, and this action was performed automatically. Please [contact the moderators of this subreddit](/message/compose/?to=/r/conspiracy) if you have any questions or concerns.*", "title_sentiment": {"neg": 0.0, "neu": 1.0, "pos": 0.0, "compound": 0.0}, "description_sentiment": {"neg": 0.0, "neu": 1.0, "pos": 0.0, "compound": 0.0}, "comment_sentiment": {"neg": 0.0, "neu": 0.936, "pos": 0.064, "compound": 0.5574}, "title_keywords": {"brother": 1, "GATE": 1}, "description_keywords": {"]": 1}, "comment_keywords": {"[": 4, "Meta": 1, "]": 4, "Sticky": 1, "Comment": 1, "Rule": 2, "https": 2, "//www.reddit.com/r/conspiracy/wiki/faq": 2, "wiki_2_-_address_the_argument.3B_not_the_user.2C_the_mods.2C_or_the_sub": 2, "*": 17, "stickied": 1, "comment": 2, "rest": 1, "thread": 1, "meta": 1, "discussion": 1, "specific": 1, "users": 1, "mods": 1, "/r/conspiracy": 1, "general": 1, "chain": 1, "bot": 1, "action": 1, "Please": 1, "moderators": 1, "subreddit": 1, "/message/compose/": 1, "to=/r/conspiracy": 1, "questions": 1, "concerns": 1}}, {"title": "My brother was in GATE and refuses to talk about it.", "description": "[deleted]", "comment": "I was in GATE. I remember it just fine. Nothing interesting and crazy about it other than they removed the program about 3 years after I went through it, due to it not being \"inclusive\"", "title_sentiment": {"neg": 0.0, "neu": 1.0, "pos": 0.0, "compound": 0.0}, "description_sentiment": {"neg": 0.0, "neu": 1.0, "pos": 0.0, "compound": 0.0}, "comment_sentiment": {"neg": 0.066, "neu": 0.821, "pos": 0.113, "compound": 0.1476}, "title_keywords": {"brother": 1, "GATE": 1}, "description_keywords": {"]": 1}, "comment_keywords": {"GATE": 1, "fine": 1, "Nothing": 1, "interesting": 1, "crazy": 1, "other": 1, "program": 1, "years": 1, "due": 1, "inclusive": 1}}, {"title": "My brother was in GATE and refuses to talk about it.", "description": "[deleted]", "comment": "I was in my countries version of GATE. I do remember boring tests and wearing headphones. I check off about 80 percent of the things on that list. I'm a first born daughter so kinda 50 percent on that one.", "title_sentiment": {"neg": 0.0, "neu": 1.0, "pos": 0.0, "compound": 0.0}, "description_sentiment": {"neg": 0.0, "neu": 1.0, "pos": 0.0, "compound": 0.0}, "comment_sentiment": {"neg": 0.062, "neu": 0.938, "pos": 0.0, "compound": -0.3182}, "title_keywords": {"brother": 1, "GATE": 1}, "description_keywords": {"]": 1}, "comment_keywords": {"countries": 1, "version": 1, "GATE": 1, "boring": 1, "tests": 1, "headphones": 1, "percent": 2, "things": 1, "list": 1, "first": 1, "born": 1, "daughter": 1, "kinda": 1}}, {"title": "My brother was in GATE and refuses to talk about it.", "description": "[deleted]", "comment": "I was in the Canadian equivalent. First I'll share some oddities I experienced while in the program, and then I will share a checklist of the criteria that matches myself (from the second screenshot from OP).\n\nI was first placed in the program in grade 4. It was a separate small classroom. There were no windows at all, but it also wasn't near the exterior walls of the school so it makes sense. We basically did more advanced projects, and a variety of tests that I don't remember anymore. That continued until high school, when i was sent to a dedicated school for kids in this program. Directly next to our school, was a government building that we never saw people enter or leave. The gov building had barbed wire fencing all around. The water at this school tasted very weird, but I've heard similar about our schools so idk.\n\nNow the checklist:\n1. yes. 2. yes. 3. yes. 4. yes. 5. YES (my memories from that time are so vague). 6. technically no, but only because there were no windows. 7. yes, only started noticing in the past few years (my gf and neighbour noticed many times too so it's not in my head). 8. YES (and I have a funny story that I cannot write here because it was very illegal). 9. I've never measured my IQ so I won't comment. 10. Yes. 11. Yes and ongoing. 12. Yes from when I was 5, still very pronounced. 13. No - my father did though, and I do have a mild stutter so. 14. Don't have children yet. 15. YES. 16. Yes, but Turkish not Israeli. 17. yes. 18. Yes. 19. I think so.\n\nAnother interesting and similar topic is the RH- conspiracy theories. Very connected to this topic...", "title_sentiment": {"neg": 0.0, "neu": 1.0, "pos": 0.0, "compound": 0.0}, "description_sentiment": {"neg": 0.0, "neu": 1.0, "pos": 0.0, "compound": 0.0}, "comment_sentiment": {"neg": 0.111, "neu": 0.733, "pos": 0.155, "compound": 0.9647}, "title_keywords": {"brother": 1, "GATE": 1}, "description_keywords": {"]": 1}, "comment_keywords": {"Canadian": 1, "equivalent": 1, "First": 1, "share": 2, "oddities": 1, "program": 3, "checklist": 2, "criteria": 1, "second": 1, "screenshot": 1, "OP": 1, "grade": 1, "separate": 1, "small": 1, "classroom": 1, "windows": 2, "exterior": 1, "walls": 1, "school": 5, "sense": 1, "advanced": 1, "projects": 1, "variety": 1, "tests": 1, "high": 1, "i": 1, "dedicated": 1, "kids": 1, "Directly": 1, "next": 1, "government": 1, "building": 2, "people": 1, "gov": 1, "wire": 1, "water": 1, "weird": 1, "similar": 2, "schools": 1, "idk": 1, "yes": 1, "YES": 2, "memories": 1, "time": 1, "vague": 1, "past": 1, "few": 1, "years": 1, "gf": 1, "neighbour": 1, "many": 1, "times": 1, "head": 1, "funny": 1, "story": 1, "illegal": 1, "IQ": 1, "Yes": 1, "pronounced": 1, "father": 1, "mild": 1, "stutter": 1, "children": 1, "Turkish": 1, "Israeli": 1, "interesting": 1, "topic": 2, "RH-": 1, "conspiracy": 1, "theories": 1, "connected": 1}}, {"title": "My brother was in GATE and refuses to talk about it.", "description": "[deleted]", "comment": "Reminds me of that one game. I think it was called: \"Beyond Two Souls.\" \n\nIt was about this girl who had a spirit attached to her called Aiden or something. Apparently she could somewhat \"use\" or see through him. The cards looked exactly like that from what I remember and maybe she wore the headphones too.", "title_sentiment": {"neg": 0.0, "neu": 1.0, "pos": 0.0, "compound": 0.0}, "description_sentiment": {"neg": 0.0, "neu": 1.0, "pos": 0.0, "compound": 0.0}, "comment_sentiment": {"neg": 0.0, "neu": 0.924, "pos": 0.076, "compound": 0.4939}, "title_keywords": {"brother": 1, "GATE": 1}, "description_keywords": {"]": 1}, "comment_keywords": {"Reminds": 1, "game": 1, "Souls": 1, "girl": 1, "spirit": 1, "Aiden": 1, "something": 1, "use": 1, "cards": 1, "headphones": 1}}, {"title": "We are here.", "description": "[deleted]", "comment": "###[Meta] Sticky Comment\n\n[Rule 2](https://www.reddit.com/r/conspiracy/wiki/faq#wiki_2_-_address_the_argument.3B_not_the_user.2C_the_mods.2C_or_the_sub.) ***does not apply*** when replying to this stickied comment.  \n\n[Rule 2](https://www.reddit.com/r/conspiracy/wiki/faq#wiki_2_-_address_the_argument.3B_not_the_user.2C_the_mods.2C_or_the_sub.) ***does apply*** throughout the rest of this thread.\n\n*What this means*: Please keep any \"meta\" discussion directed at specific users, mods, or /r/conspiracy in general in this comment chain ***only.***\n\n*I am a bot, and this action was performed automatically. Please [contact the moderators of this subreddit](/message/compose/?to=/r/conspiracy) if you have any questions or concerns.*", "title_sentiment": {"neg": 0.0, "neu": 1.0, "pos": 0.0, "compound": 0.0}, "description_sentiment": {"neg": 0.0, "neu": 1.0, "pos": 0.0, "compound": 0.0}, "comment_sentiment": {"neg": 0.0, "neu": 0.936, "pos": 0.064, "compound": 0.5574}, "title_keywords": {}, "description_keywords": {"]": 1}, "comment_keywords": {"[": 4, "Meta": 1, "]": 4, "Sticky": 1, "Comment": 1, "Rule": 2, "https": 2, "//www.reddit.com/r/conspiracy/wiki/faq": 2, "wiki_2_-_address_the_argument.3B_not_the_user.2C_the_mods.2C_or_the_sub": 2, "*": 17, "stickied": 1, "comment": 2, "rest": 1, "thread": 1, "meta": 1, "discussion": 1, "specific": 1, "users": 1, "mods": 1, "/r/conspiracy": 1, "general": 1, "chain": 1, "bot": 1, "action": 1, "Please": 1, "moderators": 1, "subreddit": 1, "/message/compose/": 1, "to=/r/conspiracy": 1, "questions": 1, "concerns": 1}}, {"title": "We are here.", "description": "[deleted]", "comment": "Why are there so many doubters about the eclipse being meaningful? The entire super bowl was an ice/fire, eclipse ritual even down to the themes in ads (as well as the half time show).\n\nNo one knows if something will happen on that day. I tend to doubt anything will happen publicly, but it's a meaningful event and signals a new chapter of sorts in this transition we are in the middle of.", "title_sentiment": {"neg": 0.0, "neu": 1.0, "pos": 0.0, "compound": 0.0}, "description_sentiment": {"neg": 0.0, "neu": 1.0, "pos": 0.0, "compound": 0.0}, "comment_sentiment": {"neg": 0.067, "neu": 0.821, "pos": 0.112, "compound": 0.5363}, "title_keywords": {}, "description_keywords": {"]": 1}, "comment_keywords": {"many": 1, "doubters": 1, "eclipse": 1, "meaningful": 2, "entire": 1, "super": 1, "bowl": 1, "ice/fire": 1, "ritual": 1, "themes": 1, "ads": 1, "half": 1, "time": 1, "show": 1, "one": 1, "something": 1, "day": 1, "anything": 1, "event": 1, "signals": 1, "new": 1, "chapter": 1, "sorts": 1, "transition": 1, "middle": 1}}, {"title": "We are here.", "description": "[deleted]", "comment": "And then, nothing is going to happen, and you'll move on to \u201cthe next event\u201d rinse and repeat.", "title_sentiment": {"neg": 0.0, "neu": 1.0, "pos": 0.0, "compound": 0.0}, "description_sentiment": {"neg": 0.0, "neu": 1.0, "pos": 0.0, "compound": 0.0}, "comment_sentiment": {"neg": 0.0, "neu": 1.0, "pos": 0.0, "compound": 0.0}, "title_keywords": {}, "description_keywords": {"]": 1}, "comment_keywords": {"nothing": 1, "next": 1, "event": 1, "\u201d": 1, "rinse": 1, "repeat": 1}}, {"title": "CERN was originally supposed to have been built in Texas.   https://www.texasmonthly.com/articles/how-texas-lost-the-worlds-largest-super-collider/", "description": "Construction of the collider was halted mid construction and moved to Europe, but the tunnel network still remains ", "comment": "###[Meta] Sticky Comment\n\n[Rule 2](https://www.reddit.com/r/conspiracy/wiki/faq#wiki_2_-_address_the_argument.3B_not_the_user.2C_the_mods.2C_or_the_sub.) ***does not apply*** when replying to this stickied comment.  \n\n[Rule 2](https://www.reddit.com/r/conspiracy/wiki/faq#wiki_2_-_address_the_argument.3B_not_the_user.2C_the_mods.2C_or_the_sub.) ***does apply*** throughout the rest of this thread.\n\n*What this means*: Please keep any \"meta\" discussion directed at specific users, mods, or /r/conspiracy in general in this comment chain ***only.***\n\n*I am a bot, and this action was performed automatically. Please [contact the moderators of this subreddit](/message/compose/?to=/r/conspiracy) if you have any questions or concerns.*", "title_sentiment": {"neg": 0.0, "neu": 1.0, "pos": 0.0, "compound": 0.0}, "description_sentiment": {"neg": 0.0, "neu": 1.0, "pos": 0.0, "compound": 0.0}, "comment_sentiment": {"neg": 0.0, "neu": 0.936, "pos": 0.064, "compound": 0.5574}, "title_keywords": {"CERN": 1, "Texas": 1, "https": 1, "//www.texasmonthly.com/articles/how-texas-lost-the-worlds-largest-super-collider/": 1}, "description_keywords": {"Construction": 1, "collider": 1, "mid": 1, "construction": 1, "Europe": 1, "tunnel": 1, "network": 1}, "comment_keywords": {"[": 4, "Meta": 1, "]": 4, "Sticky": 1, "Comment": 1, "Rule": 2, "https": 2, "//www.reddit.com/r/conspiracy/wiki/faq": 2, "wiki_2_-_address_the_argument.3B_not_the_user.2C_the_mods.2C_or_the_sub": 2, "*": 17, "stickied": 1, "comment": 2, "rest": 1, "thread": 1, "meta": 1, "discussion": 1, "specific": 1, "users": 1, "mods": 1, "/r/conspiracy": 1, "general": 1, "chain": 1, "bot": 1, "action": 1, "Please": 1, "moderators": 1, "subreddit": 1, "/message/compose/": 1, "to=/r/conspiracy": 1, "questions": 1, "concerns": 1}}, {"title": "CERN was originally supposed to have been built in Texas.   https://www.texasmonthly.com/articles/how-texas-lost-the-worlds-largest-super-collider/", "description": "Construction of the collider was halted mid construction and moved to Europe, but the tunnel network still remains ", "comment": "I live near the remnants.\n\nIt's Long, but this [Documentary ](https://youtu.be/3xSUwgg1L4g?si=ajaZcNXqK_WrNPGd) is fantastic.", "title_sentiment": {"neg": 0.0, "neu": 1.0, "pos": 0.0, "compound": 0.0}, "description_sentiment": {"neg": 0.0, "neu": 1.0, "pos": 0.0, "compound": 0.0}, "comment_sentiment": {"neg": 0.0, "neu": 0.692, "pos": 0.308, "compound": 0.7096}, "title_keywords": {"CERN": 1, "Texas": 1, "https": 1, "//www.texasmonthly.com/articles/how-texas-lost-the-worlds-largest-super-collider/": 1}, "description_keywords": {"Construction": 1, "collider": 1, "mid": 1, "construction": 1, "Europe": 1, "tunnel": 1, "network": 1}, "comment_keywords": {"remnants": 1, "Long": 1, "[": 1, "Documentary": 1, "]": 1, "https": 1, "//youtu.be/3xSUwgg1L4g": 1, "si=ajaZcNXqK_WrNPGd": 1, "fantastic": 1}}, {"title": "CERN was originally supposed to have been built in Texas.   https://www.texasmonthly.com/articles/how-texas-lost-the-worlds-largest-super-collider/", "description": "Construction of the collider was halted mid construction and moved to Europe, but the tunnel network still remains ", "comment": "Many people don't realize that these particle colliders are all over the world.\u00a0\n\n\nhttps://en.m.wikipedia.org/wiki/List_of_accelerators_in_particle_physics\n\n\nPeople tend to believe that 'it's just going on over there...', but all of these countries are in on it.\u00a0\n\n\nWe are not the apex of humanity in 2024. We are possibly the lowest form of humanity. If the power went out tomorrow, we would all realize how enslaved we all are to our 'benefactors'.\u00a0\n\n\nToo many people are waking up to the reality of the system for the world to stay the same. While it is already too late to stop them, many are waking up in time to save their families and their souls.\u00a0", "title_sentiment": {"neg": 0.0, "neu": 1.0, "pos": 0.0, "compound": 0.0}, "description_sentiment": {"neg": 0.0, "neu": 1.0, "pos": 0.0, "compound": 0.0}, "comment_sentiment": {"neg": 0.081, "neu": 0.883, "pos": 0.036, "compound": -0.6652}, "title_keywords": {"CERN": 1, "Texas": 1, "https": 1, "//www.texasmonthly.com/articles/how-texas-lost-the-worlds-largest-super-collider/": 1}, "description_keywords": {"Construction": 1, "collider": 1, "mid": 1, "construction": 1, "Europe": 1, "tunnel": 1, "network": 1}, "comment_keywords": {"Many": 1, "people": 2, "particle": 1, "colliders": 1, "world": 2, "https": 1, "//en.m.wikipedia.org/wiki/List_of_accelerators_in_particle_physics": 1, "People": 1, "'it": 1, "countries": 1, "apex": 1, "humanity": 2, "lowest": 1, "form": 1, "power": 1, "tomorrow": 1, "enslaved": 1, "'benefactors": 1, "Too": 1, "many": 2, "reality": 1, "system": 1, "same": 1, "late": 1, "time": 1, "families": 1, "souls": 1}}, {"title": "CERN was originally supposed to have been built in Texas.   https://www.texasmonthly.com/articles/how-texas-lost-the-worlds-largest-super-collider/", "description": "Construction of the collider was halted mid construction and moved to Europe, but the tunnel network still remains ", "comment": "https://www.texasmonthly.com/articles/how-texas-lost-the-worlds-largest-super-collider/      Link fail in title lol", "title_sentiment": {"neg": 0.0, "neu": 1.0, "pos": 0.0, "compound": 0.0}, "description_sentiment": {"neg": 0.0, "neu": 1.0, "pos": 0.0, "compound": 0.0}, "comment_sentiment": {"neg": 0.34, "neu": 0.388, "pos": 0.272, "compound": -0.1779}, "title_keywords": {"CERN": 1, "Texas": 1, "https": 1, "//www.texasmonthly.com/articles/how-texas-lost-the-worlds-largest-super-collider/": 1}, "description_keywords": {"Construction": 1, "collider": 1, "mid": 1, "construction": 1, "Europe": 1, "tunnel": 1, "network": 1}, "comment_keywords": {"https": 1, "//www.texasmonthly.com/articles/how-texas-lost-the-worlds-largest-super-collider/": 1, "Link": 1, "fail": 1, "title": 1, "lol": 1}}, {"title": "It is not Satan that the Elite will use against us.. its Christ", "description": "[deleted]", "comment": "###[Meta] Sticky Comment\n\n[Rule 2](https://www.reddit.com/r/conspiracy/wiki/faq#wiki_2_-_address_the_argument.3B_not_the_user.2C_the_mods.2C_or_the_sub.) ***does not apply*** when replying to this stickied comment.  \n\n[Rule 2](https://www.reddit.com/r/conspiracy/wiki/faq#wiki_2_-_address_the_argument.3B_not_the_user.2C_the_mods.2C_or_the_sub.) ***does apply*** throughout the rest of this thread.\n\n*What this means*: Please keep any \"meta\" discussion directed at specific users, mods, or /r/conspiracy in general in this comment chain ***only.***\n\n*I am a bot, and this action was performed automatically. Please [contact the moderators of this subreddit](/message/compose/?to=/r/conspiracy) if you have any questions or concerns.*", "title_sentiment": {"neg": 0.0, "neu": 1.0, "pos": 0.0, "compound": 0.0}, "description_sentiment": {"neg": 0.0, "neu": 1.0, "pos": 0.0, "compound": 0.0}, "comment_sentiment": {"neg": 0.0, "neu": 0.936, "pos": 0.064, "compound": 0.5574}, "title_keywords": {"Satan": 1, "Elite": 1, "Christ": 1}, "description_keywords": {"]": 1}, "comment_keywords": {"[": 4, "Meta": 1, "]": 4, "Sticky": 1, "Comment": 1, "Rule": 2, "https": 2, "//www.reddit.com/r/conspiracy/wiki/faq": 2, "wiki_2_-_address_the_argument.3B_not_the_user.2C_the_mods.2C_or_the_sub": 2, "*": 17, "stickied": 1, "comment": 2, "rest": 1, "thread": 1, "meta": 1, "discussion": 1, "specific": 1, "users": 1, "mods": 1, "/r/conspiracy": 1, "general": 1, "chain": 1, "bot": 1, "action": 1, "Please": 1, "moderators": 1, "subreddit": 1, "/message/compose/": 1, "to=/r/conspiracy": 1, "questions": 1, "concerns": 1}}, {"title": "It is not Satan that the Elite will use against us.. its Christ", "description": "[deleted]", "comment": "It seems to me that a group of people that were in control did their best to convince the world that they were Gods chosen people, So the rest of us would fall in line or else we will face the wrath of God. \u00a0\u00a0\n\n\u00a0As a child I was brought up Catholic. The more I learned the more questions I had. If you pay close attention you will quickly realize the Bible was one of the first forms of fear mongering to help control the population and establish the dominance of the Jewish elites.\u00a0", "title_sentiment": {"neg": 0.0, "neu": 1.0, "pos": 0.0, "compound": 0.0}, "description_sentiment": {"neg": 0.0, "neu": 1.0, "pos": 0.0, "compound": 0.0}, "comment_sentiment": {"neg": 0.064, "neu": 0.808, "pos": 0.128, "compound": 0.7506}, "title_keywords": {"Satan": 1, "Elite": 1, "Christ": 1}, "description_keywords": {"]": 1}, "comment_keywords": {"group": 1, "people": 2, "control": 1, "best": 1, "world": 1, "Gods": 1, "chosen": 1, "rest": 1, "line": 1, "wrath": 1, "God": 1, "child": 1, "Catholic": 1, "more": 1, "questions": 1, "close": 1, "attention": 1, "Bible": 1, "first": 1, "forms": 1, "fear": 1, "mongering": 1, "population": 1, "dominance": 1, "Jewish": 1, "elites": 1}}, {"title": "It is not Satan that the Elite will use against us.. its Christ", "description": "[deleted]", "comment": "Look at that another post by the guy who hates Jesus! \nMost likely demon possessed! You won\u2019t escape the wrath of God! Jesus Christ is the only way to eternity in heaven and not hell. This person is a deceiver.", "title_sentiment": {"neg": 0.0, "neu": 1.0, "pos": 0.0, "compound": 0.0}, "description_sentiment": {"neg": 0.0, "neu": 1.0, "pos": 0.0, "compound": 0.0}, "comment_sentiment": {"neg": 0.06, "neu": 0.7, "pos": 0.24, "compound": 0.829}, "title_keywords": {"Satan": 1, "Elite": 1, "Christ": 1}, "description_keywords": {"]": 1}, "comment_keywords": {"Look": 1, "post": 1, "guy": 1, "Jesus": 2, "Most": 1, "likely": 1, "demon": 1, "\u2019": 1, "t": 1, "wrath": 1, "God": 1, "Christ": 1, "only": 1, "way": 1, "eternity": 1, "heaven": 1, "person": 1, "deceiver": 1}}, {"title": "It is not Satan that the Elite will use against us.. its Christ", "description": "[deleted]", "comment": "Submission statement :\n\nThe Elite are not just posh schoolboys looking to grab as much as they personally can.\nThey are a very advanced culture who control every system that we rely on to keep civilization ticking on.\nIn their ranks you will find some of the smartest military tacticians and psychologists that history has ever known along with some of the most ruthless tyrants.\n\nThe New World Order isn't what we think.\n\nEven the idea that we have legitimate whistleblowers is a cruel joke as any member of the Elite with half a brain cell would make sure that those who have sensitive information have a vested interest in the plan or a control file so that they couldn't say anything.\n\nIn the Elites books they give hints about the true plan, a plan of manufacturing evils and catastrophes to bring Humanity into the next stage of evolution and new religion.. while openly awaiting the return of the Biblical Christ.\n\nhttps://www.lucistrust.org/books/the_beacon_magazine/selected_beacon_articles/christ_as_he_is\n\nWhat is the point in a secret society if you can't trust your members ?.. What's the point in the nwo when millions see it coming ?.. what's the point in continuing symbology that conspiracy theorists constantly point out ?\n\nReverse psychology.. to bring about a predictable and manipulatable change in our behavior.", "title_sentiment": {"neg": 0.0, "neu": 1.0, "pos": 0.0, "compound": 0.0}, "description_sentiment": {"neg": 0.0, "neu": 1.0, "pos": 0.0, "compound": 0.0}, "comment_sentiment": {"neg": 0.06, "neu": 0.857, "pos": 0.083, "compound": 0.4821}, "title_keywords": {"Satan": 1, "Elite": 1, "Christ": 1}, "description_keywords": {"]": 1}, "comment_keywords": {"Submission": 1, "statement": 1, "Elite": 2, "schoolboys": 1, "much": 1, "advanced": 1, "culture": 1, "system": 1, "civilization": 1, "ranks": 1, "smartest": 1, "military": 1, "tacticians": 1, "psychologists": 1, "history": 1, "ruthless": 1, "tyrants": 1, "New": 1, "World": 1, "Order": 1, "idea": 1, "legitimate": 1, "whistleblowers": 1, "cruel": 1, "joke": 1, "member": 1, "brain": 1, "cell": 1, "sure": 1, "sensitive": 1, "information": 1, "vested": 1, "interest": 1, "plan": 3, "control": 1, "file": 1, "anything": 1, "Elites": 1, "books": 1, "hints": 1, "true": 1, "manufacturing": 1, "evils": 1, "catastrophes": 1, "Humanity": 1, "next": 1, "stage": 1, "evolution": 1, "new": 1, "religion": 1, "..": 2, "return": 1, "Biblical": 1, "Christ": 1, "https": 1, "point": 3, "secret": 1, "society": 1, "members": 1, "nwo": 1, "millions": 1, "symbology": 1, "conspiracy": 1, "Reverse": 1, "psychology": 1, "predictable": 1, "manipulatable": 1, "change": 1, "behavior": 1}}, {"title": "It is not Satan that the Elite will use against us.. its Christ", "description": "[deleted]", "comment": "Follow Christ my friend. The way I see it, the church has been used by the elites for control for centuries. They\u2019ve infiltrated a sacred thing and are teaching hate and greed. The only things you need to do are follow and accept Christ, and live the way he did. Lots of teachings have been skewed in the name of Satan.", "title_sentiment": {"neg": 0.0, "neu": 1.0, "pos": 0.0, "compound": 0.0}, "description_sentiment": {"neg": 0.0, "neu": 1.0, "pos": 0.0, "compound": 0.0}, "comment_sentiment": {"neg": 0.095, "neu": 0.818, "pos": 0.086, "compound": -0.1531}, "title_keywords": {"Satan": 1, "Elite": 1, "Christ": 1}, "description_keywords": {"]": 1}, "comment_keywords": {"Follow": 1, "Christ": 2, "friend": 1, "way": 2, "church": 1, "elites": 1, "control": 1, "centuries": 1, "sacred": 1, "thing": 1, "hate": 1, "greed": 1, "only": 1, "things": 1, "Lots": 1, "teachings": 1, "name": 1, "Satan": 1}}, {"title": "Solar eclipse", "description": "[removed]", "comment": "###[Meta] Sticky Comment\n\n[Rule 2](https://www.reddit.com/r/conspiracy/wiki/faq#wiki_2_-_address_the_argument.3B_not_the_user.2C_the_mods.2C_or_the_sub.) ***does not apply*** when replying to this stickied comment.  \n\n[Rule 2](https://www.reddit.com/r/conspiracy/wiki/faq#wiki_2_-_address_the_argument.3B_not_the_user.2C_the_mods.2C_or_the_sub.) ***does apply*** throughout the rest of this thread.\n\n*What this means*: Please keep any \"meta\" discussion directed at specific users, mods, or /r/conspiracy in general in this comment chain ***only.***\n\n*I am a bot, and this action was performed automatically. Please [contact the moderators of this subreddit](/message/compose/?to=/r/conspiracy) if you have any questions or concerns.*", "title_sentiment": {"neg": 0.0, "neu": 1.0, "pos": 0.0, "compound": 0.0}, "description_sentiment": {"neg": 0.0, "neu": 1.0, "pos": 0.0, "compound": 0.0}, "comment_sentiment": {"neg": 0.0, "neu": 0.936, "pos": 0.064, "compound": 0.5574}, "title_keywords": {"Solar": 1, "eclipse": 1}, "description_keywords": {"[": 1, "]": 1}, "comment_keywords": {"[": 4, "Meta": 1, "]": 4, "Sticky": 1, "Comment": 1, "Rule": 2, "https": 2, "//www.reddit.com/r/conspiracy/wiki/faq": 2, "wiki_2_-_address_the_argument.3B_not_the_user.2C_the_mods.2C_or_the_sub": 2, "*": 17, "stickied": 1, "comment": 2, "rest": 1, "thread": 1, "meta": 1, "discussion": 1, "specific": 1, "users": 1, "mods": 1, "/r/conspiracy": 1, "general": 1, "chain": 1, "bot": 1, "action": 1, "Please": 1, "moderators": 1, "subreddit": 1, "/message/compose/": 1, "to=/r/conspiracy": 1, "questions": 1, "concerns": 1}}, {"title": "Solar eclipse", "description": "[removed]", "comment": "It's a freedom eclipse .... you wouldn't get it", "title_sentiment": {"neg": 0.0, "neu": 1.0, "pos": 0.0, "compound": 0.0}, "description_sentiment": {"neg": 0.0, "neu": 1.0, "pos": 0.0, "compound": 0.0}, "comment_sentiment": {"neg": 0.0, "neu": 0.625, "pos": 0.375, "compound": 0.6369}, "title_keywords": {"Solar": 1, "eclipse": 1}, "description_keywords": {"[": 1, "]": 1}, "comment_keywords": {"freedom": 1, "eclipse": 1, "....": 1}}, {"title": "Solar eclipse", "description": "[removed]", "comment": "The world starts and ends with the US don\u2019t you know? \ud83d\ude02\ud83d\ude02\ud83d\ude02", "title_sentiment": {"neg": 0.0, "neu": 1.0, "pos": 0.0, "compound": 0.0}, "description_sentiment": {"neg": 0.0, "neu": 1.0, "pos": 0.0, "compound": 0.0}, "comment_sentiment": {"neg": 0.0, "neu": 1.0, "pos": 0.0, "compound": 0.0}, "title_keywords": {"Solar": 1, "eclipse": 1}, "description_keywords": {"[": 1, "]": 1}, "comment_keywords": {"world": 1, "US": 1, "don": 1, "\u2019": 1, "t": 1, "\ud83d\ude02\ud83d\ude02\ud83d\ude02": 1}}, {"title": "US telecoms firm AT&amp;amp;T notifying millions of customers over data breach | AT&amp;amp;T", "description": "", "comment": "###[Meta] Sticky Comment\n\n[Rule 2](https://www.reddit.com/r/conspiracy/wiki/faq#wiki_2_-_address_the_argument.3B_not_the_user.2C_the_mods.2C_or_the_sub.) ***does not apply*** when replying to this stickied comment.  \n\n[Rule 2](https://www.reddit.com/r/conspiracy/wiki/faq#wiki_2_-_address_the_argument.3B_not_the_user.2C_the_mods.2C_or_the_sub.) ***does apply*** throughout the rest of this thread.\n\n*What this means*: Please keep any \"meta\" discussion directed at specific users, mods, or /r/conspiracy in general in this comment chain ***only.***\n\n*I am a bot, and this action was performed automatically. Please [contact the moderators of this subreddit](/message/compose/?to=/r/conspiracy) if you have any questions or concerns.*", "title_sentiment": {"neg": 0.0, "neu": 1.0, "pos": 0.0, "compound": 0.0}, "description_sentiment": {"neg": 0.0, "neu": 0.0, "pos": 0.0, "compound": 0.0}, "comment_sentiment": {"neg": 0.0, "neu": 0.936, "pos": 0.064, "compound": 0.5574}, "title_keywords": {"US": 1, "telecoms": 1, "firm": 1, "AT": 2, "amp": 2, "T": 2, "millions": 1, "customers": 1, "data": 1, "breach": 1, "|": 1}, "description_keywords": {}, "comment_keywords": {"[": 4, "Meta": 1, "]": 4, "Sticky": 1, "Comment": 1, "Rule": 2, "https": 2, "//www.reddit.com/r/conspiracy/wiki/faq": 2, "wiki_2_-_address_the_argument.3B_not_the_user.2C_the_mods.2C_or_the_sub": 2, "*": 17, "stickied": 1, "comment": 2, "rest": 1, "thread": 1, "meta": 1, "discussion": 1, "specific": 1, "users": 1, "mods": 1, "/r/conspiracy": 1, "general": 1, "chain": 1, "bot": 1, "action": 1, "Please": 1, "moderators": 1, "subreddit": 1, "/message/compose/": 1, "to=/r/conspiracy": 1, "questions": 1, "concerns": 1}}, {"title": "Lights over the Canadian Prairies? Aliens? Starlink? What the heck is this!?", "description": "[deleted]", "comment": "###[Meta] Sticky Comment\n\n[Rule 2](https://www.reddit.com/r/conspiracy/wiki/faq#wiki_2_-_address_the_argument.3B_not_the_user.2C_the_mods.2C_or_the_sub.) ***does not apply*** when replying to this stickied comment.  \n\n[Rule 2](https://www.reddit.com/r/conspiracy/wiki/faq#wiki_2_-_address_the_argument.3B_not_the_user.2C_the_mods.2C_or_the_sub.) ***does apply*** throughout the rest of this thread.\n\n*What this means*: Please keep any \"meta\" discussion directed at specific users, mods, or /r/conspiracy in general in this comment chain ***only.***\n\n*I am a bot, and this action was performed automatically. Please [contact the moderators of this subreddit](/message/compose/?to=/r/conspiracy) if you have any questions or concerns.*", "title_sentiment": {"neg": 0.0, "neu": 1.0, "pos": 0.0, "compound": 0.0}, "description_sentiment": {"neg": 0.0, "neu": 1.0, "pos": 0.0, "compound": 0.0}, "comment_sentiment": {"neg": 0.0, "neu": 0.936, "pos": 0.064, "compound": 0.5574}, "title_keywords": {"Lights": 1, "Canadian": 1, "Prairies": 1, "Aliens": 1, "heck": 1}, "description_keywords": {"]": 1}, "comment_keywords": {"[": 4, "Meta": 1, "]": 4, "Sticky": 1, "Comment": 1, "Rule": 2, "https": 2, "//www.reddit.com/r/conspiracy/wiki/faq": 2, "wiki_2_-_address_the_argument.3B_not_the_user.2C_the_mods.2C_or_the_sub": 2, "*": 17, "stickied": 1, "comment": 2, "rest": 1, "thread": 1, "meta": 1, "discussion": 1, "specific": 1, "users": 1, "mods": 1, "/r/conspiracy": 1, "general": 1, "chain": 1, "bot": 1, "action": 1, "Please": 1, "moderators": 1, "subreddit": 1, "/message/compose/": 1, "to=/r/conspiracy": 1, "questions": 1, "concerns": 1}}, {"title": "Has anyone realized", "description": "[deleted]", "comment": "###[Meta] Sticky Comment\n\n[Rule 2](https://www.reddit.com/r/conspiracy/wiki/faq#wiki_2_-_address_the_argument.3B_not_the_user.2C_the_mods.2C_or_the_sub.) ***does not apply*** when replying to this stickied comment.  \n\n[Rule 2](https://www.reddit.com/r/conspiracy/wiki/faq#wiki_2_-_address_the_argument.3B_not_the_user.2C_the_mods.2C_or_the_sub.) ***does apply*** throughout the rest of this thread.\n\n*What this means*: Please keep any \"meta\" discussion directed at specific users, mods, or /r/conspiracy in general in this comment chain ***only.***\n\n*I am a bot, and this action was performed automatically. Please [contact the moderators of this subreddit](/message/compose/?to=/r/conspiracy) if you have any questions or concerns.*", "title_sentiment": {"neg": 0.0, "neu": 1.0, "pos": 0.0, "compound": 0.0}, "description_sentiment": {"neg": 0.0, "neu": 1.0, "pos": 0.0, "compound": 0.0}, "comment_sentiment": {"neg": 0.0, "neu": 0.936, "pos": 0.064, "compound": 0.5574}, "title_keywords": {"Has": 1, "anyone": 1}, "description_keywords": {"]": 1}, "comment_keywords": {"[": 4, "Meta": 1, "]": 4, "Sticky": 1, "Comment": 1, "Rule": 2, "https": 2, "//www.reddit.com/r/conspiracy/wiki/faq": 2, "wiki_2_-_address_the_argument.3B_not_the_user.2C_the_mods.2C_or_the_sub": 2, "*": 17, "stickied": 1, "comment": 2, "rest": 1, "thread": 1, "meta": 1, "discussion": 1, "specific": 1, "users": 1, "mods": 1, "/r/conspiracy": 1, "general": 1, "chain": 1, "bot": 1, "action": 1, "Please": 1, "moderators": 1, "subreddit": 1, "/message/compose/": 1, "to=/r/conspiracy": 1, "questions": 1, "concerns": 1}}, {"title": "Has anyone realized", "description": "[deleted]", "comment": "Talk about late to the party.", "title_sentiment": {"neg": 0.0, "neu": 1.0, "pos": 0.0, "compound": 0.0}, "description_sentiment": {"neg": 0.0, "neu": 1.0, "pos": 0.0, "compound": 0.0}, "comment_sentiment": {"neg": 0.0, "neu": 0.649, "pos": 0.351, "compound": 0.4019}, "title_keywords": {"Has": 1, "anyone": 1}, "description_keywords": {"]": 1}, "comment_keywords": {"Talk": 1, "late": 1, "party": 1}}, {"title": "Has anyone realized", "description": "[deleted]", "comment": "Everything is a symbol", "title_sentiment": {"neg": 0.0, "neu": 1.0, "pos": 0.0, "compound": 0.0}, "description_sentiment": {"neg": 0.0, "neu": 1.0, "pos": 0.0, "compound": 0.0}, "comment_sentiment": {"neg": 0.0, "neu": 1.0, "pos": 0.0, "compound": 0.0}, "title_keywords": {"Has": 1, "anyone": 1}, "description_keywords": {"]": 1}, "comment_keywords": {"Everything": 1, "symbol": 1}}, {"title": "Has anyone realized", "description": "[deleted]", "comment": "What purpose would symbolism achieve with this event?", "title_sentiment": {"neg": 0.0, "neu": 1.0, "pos": 0.0, "compound": 0.0}, "description_sentiment": {"neg": 0.0, "neu": 1.0, "pos": 0.0, "compound": 0.0}, "comment_sentiment": {"neg": 0.0, "neu": 1.0, "pos": 0.0, "compound": 0.0}, "title_keywords": {"Has": 1, "anyone": 1}, "description_keywords": {"]": 1}, "comment_keywords": {"purpose": 1, "event": 1}}, {"title": "Has anyone realized", "description": "[deleted]", "comment": "Yep, it's near [Ft. McHenry ](https://en.m.wikipedia.org/wiki/The_Star-Spangled_Banner)", "title_sentiment": {"neg": 0.0, "neu": 1.0, "pos": 0.0, "compound": 0.0}, "description_sentiment": {"neg": 0.0, "neu": 1.0, "pos": 0.0, "compound": 0.0}, "comment_sentiment": {"neg": 0.0, "neu": 0.694, "pos": 0.306, "compound": 0.296}, "title_keywords": {"Has": 1, "anyone": 1}, "description_keywords": {"]": 1}, "comment_keywords": {"Yep": 1, "near": 1, "[": 1, "Ft.": 1, "McHenry": 1, "]": 1, "https": 1, "//en.m.wikipedia.org/wiki/The_Star-Spangled_Banner": 1}}, {"title": "Climate the Movie", "description": "", "comment": "###[Meta] Sticky Comment\n\n[Rule 2](https://www.reddit.com/r/conspiracy/wiki/faq#wiki_2_-_address_the_argument.3B_not_the_user.2C_the_mods.2C_or_the_sub.) ***does not apply*** when replying to this stickied comment.  \n\n[Rule 2](https://www.reddit.com/r/conspiracy/wiki/faq#wiki_2_-_address_the_argument.3B_not_the_user.2C_the_mods.2C_or_the_sub.) ***does apply*** throughout the rest of this thread.\n\n*What this means*: Please keep any \"meta\" discussion directed at specific users, mods, or /r/conspiracy in general in this comment chain ***only.***\n\n*I am a bot, and this action was performed automatically. Please [contact the moderators of this subreddit](/message/compose/?to=/r/conspiracy) if you have any questions or concerns.*", "title_sentiment": {"neg": 0.0, "neu": 1.0, "pos": 0.0, "compound": 0.0}, "description_sentiment": {"neg": 0.0, "neu": 0.0, "pos": 0.0, "compound": 0.0}, "comment_sentiment": {"neg": 0.0, "neu": 0.936, "pos": 0.064, "compound": 0.5574}, "title_keywords": {"Movie": 1}, "description_keywords": {}, "comment_keywords": {"[": 4, "Meta": 1, "]": 4, "Sticky": 1, "Comment": 1, "Rule": 2, "https": 2, "//www.reddit.com/r/conspiracy/wiki/faq": 2, "wiki_2_-_address_the_argument.3B_not_the_user.2C_the_mods.2C_or_the_sub": 2, "*": 17, "stickied": 1, "comment": 2, "rest": 1, "thread": 1, "meta": 1, "discussion": 1, "specific": 1, "users": 1, "mods": 1, "/r/conspiracy": 1, "general": 1, "chain": 1, "bot": 1, "action": 1, "Please": 1, "moderators": 1, "subreddit": 1, "/message/compose/": 1, "to=/r/conspiracy": 1, "questions": 1, "concerns": 1}}, {"title": "Climate the Movie", "description": "", "comment": "I saw it a few days  ago.  It's a good video that reveals enough to show we are being played.", "title_sentiment": {"neg": 0.0, "neu": 1.0, "pos": 0.0, "compound": 0.0}, "description_sentiment": {"neg": 0.0, "neu": 0.0, "pos": 0.0, "compound": 0.0}, "comment_sentiment": {"neg": 0.0, "neu": 0.739, "pos": 0.261, "compound": 0.6486}, "title_keywords": {"Movie": 1}, "description_keywords": {}, "comment_keywords": {"few": 1, "days": 1, "good": 1, "video": 1, "enough": 1}}, {"title": "Climate the Movie", "description": "", "comment": "Good documentary. \n\nHere is same with subtitles in many languages: \n\nhttps://www.youtube.com/watch?v=zmfRG8-RHEI", "title_sentiment": {"neg": 0.0, "neu": 1.0, "pos": 0.0, "compound": 0.0}, "description_sentiment": {"neg": 0.0, "neu": 0.0, "pos": 0.0, "compound": 0.0}, "comment_sentiment": {"neg": 0.0, "neu": 0.775, "pos": 0.225, "compound": 0.4404}, "title_keywords": {"Movie": 1}, "description_keywords": {}, "comment_keywords": {"Good": 1, "documentary": 1, "same": 1, "subtitles": 1, "many": 1, "languages": 1, "https": 1, "//www.youtube.com/watch": 1, "v=zmfRG8-RHEI": 1}}, {"title": "Are you circumcised?", "description": "", "comment": "###[Meta] Sticky Comment\n\n[Rule 2](https://www.reddit.com/r/conspiracy/wiki/faq#wiki_2_-_address_the_argument.3B_not_the_user.2C_the_mods.2C_or_the_sub.) ***does not apply*** when replying to this stickied comment.  \n\n[Rule 2](https://www.reddit.com/r/conspiracy/wiki/faq#wiki_2_-_address_the_argument.3B_not_the_user.2C_the_mods.2C_or_the_sub.) ***does apply*** throughout the rest of this thread.\n\n*What this means*: Please keep any \"meta\" discussion directed at specific users, mods, or /r/conspiracy in general in this comment chain ***only.***\n\n*I am a bot, and this action was performed automatically. Please [contact the moderators of this subreddit](/message/compose/?to=/r/conspiracy) if you have any questions or concerns.*", "title_sentiment": {"neg": 0.0, "neu": 1.0, "pos": 0.0, "compound": 0.0}, "description_sentiment": {"neg": 0.0, "neu": 0.0, "pos": 0.0, "compound": 0.0}, "comment_sentiment": {"neg": 0.0, "neu": 0.936, "pos": 0.064, "compound": 0.5574}, "title_keywords": {"Are": 1}, "description_keywords": {}, "comment_keywords": {"[": 4, "Meta": 1, "]": 4, "Sticky": 1, "Comment": 1, "Rule": 2, "https": 2, "//www.reddit.com/r/conspiracy/wiki/faq": 2, "wiki_2_-_address_the_argument.3B_not_the_user.2C_the_mods.2C_or_the_sub": 2, "*": 17, "stickied": 1, "comment": 2, "rest": 1, "thread": 1, "meta": 1, "discussion": 1, "specific": 1, "users": 1, "mods": 1, "/r/conspiracy": 1, "general": 1, "chain": 1, "bot": 1, "action": 1, "Please": 1, "moderators": 1, "subreddit": 1, "/message/compose/": 1, "to=/r/conspiracy": 1, "questions": 1, "concerns": 1}}, {"title": "Are you circumcised?", "description": "", "comment": "I think it\u2019s interesting that these celebrities go and get facials with baby foreskin. Remember the Sandra Bullock interview with Ellen when she admitted it? I wonder if the skin is sold for cosmetic treatments\u2026", "title_sentiment": {"neg": 0.0, "neu": 1.0, "pos": 0.0, "compound": 0.0}, "description_sentiment": {"neg": 0.0, "neu": 0.0, "pos": 0.0, "compound": 0.0}, "comment_sentiment": {"neg": 0.0, "neu": 0.883, "pos": 0.117, "compound": 0.4767}, "title_keywords": {"Are": 1}, "description_keywords": {}, "comment_keywords": {"s": 1, "celebrities": 1, "facials": 1, "baby": 1, "foreskin": 1, "Sandra": 1, "Bullock": 1, "interview": 1, "Ellen": 1, "skin": 1, "cosmetic": 1, "treatments\u2026": 1}}, {"title": "Are you circumcised?", "description": "", "comment": "I don\u2019t see any info in this thread. It just says it alters the brain but doesn\u2019t say how and where. \nIt mentions a couple of things but without clarifying the relations between them and circumcision, as if it wants us to reach the conclusion ourselves and correlates with it indirectly. Without any facts.", "title_sentiment": {"neg": 0.0, "neu": 1.0, "pos": 0.0, "compound": 0.0}, "description_sentiment": {"neg": 0.0, "neu": 0.0, "pos": 0.0, "compound": 0.0}, "comment_sentiment": {"neg": 0.0, "neu": 0.978, "pos": 0.022, "compound": 0.0387}, "title_keywords": {"Are": 1}, "description_keywords": {}, "comment_keywords": {"\u2019": 2, "t": 2, "info": 1, "thread": 1, "brain": 1, "doesn": 1, "couple": 1, "things": 1, "relations": 1, "circumcision": 1, "conclusion": 1, "facts": 1}}, {"title": "Tom cruise ", "description": "[deleted]", "comment": "###[Meta] Sticky Comment\n\n[Rule 2](https://www.reddit.com/r/conspiracy/wiki/faq#wiki_2_-_address_the_argument.3B_not_the_user.2C_the_mods.2C_or_the_sub.) ***does not apply*** when replying to this stickied comment.  \n\n[Rule 2](https://www.reddit.com/r/conspiracy/wiki/faq#wiki_2_-_address_the_argument.3B_not_the_user.2C_the_mods.2C_or_the_sub.) ***does apply*** throughout the rest of this thread.\n\n*What this means*: Please keep any \"meta\" discussion directed at specific users, mods, or /r/conspiracy in general in this comment chain ***only.***\n\n*I am a bot, and this action was performed automatically. Please [contact the moderators of this subreddit](/message/compose/?to=/r/conspiracy) if you have any questions or concerns.*", "title_sentiment": {"neg": 0.0, "neu": 1.0, "pos": 0.0, "compound": 0.0}, "description_sentiment": {"neg": 0.0, "neu": 1.0, "pos": 0.0, "compound": 0.0}, "comment_sentiment": {"neg": 0.0, "neu": 0.936, "pos": 0.064, "compound": 0.5574}, "title_keywords": {"Tom": 1, "cruise": 1}, "description_keywords": {"]": 1}, "comment_keywords": {"[": 4, "Meta": 1, "]": 4, "Sticky": 1, "Comment": 1, "Rule": 2, "https": 2, "//www.reddit.com/r/conspiracy/wiki/faq": 2, "wiki_2_-_address_the_argument.3B_not_the_user.2C_the_mods.2C_or_the_sub": 2, "*": 17, "stickied": 1, "comment": 2, "rest": 1, "thread": 1, "meta": 1, "discussion": 1, "specific": 1, "users": 1, "mods": 1, "/r/conspiracy": 1, "general": 1, "chain": 1, "bot": 1, "action": 1, "Please": 1, "moderators": 1, "subreddit": 1, "/message/compose/": 1, "to=/r/conspiracy": 1, "questions": 1, "concerns": 1}}, {"title": "Tom cruise ", "description": "[deleted]", "comment": "Not at all.  From what Leah Remini has said, he\u2019s in an elite sector of Scientology, a walking trophy.  His ego feeds off feeling like a God within the organization.  There is a propaganda film, created by Golden (I think that\u2019s their production company IIRC), and he is featured heavily in it, giving an opening speech in front of thousands right before David Miscavige comes on.  \n\nHim doing his own stunts, is because in his mind, he\u2019s one of the most badass actors to ever exist.", "title_sentiment": {"neg": 0.0, "neu": 1.0, "pos": 0.0, "compound": 0.0}, "description_sentiment": {"neg": 0.0, "neu": 1.0, "pos": 0.0, "compound": 0.0}, "comment_sentiment": {"neg": 0.043, "neu": 0.841, "pos": 0.116, "compound": 0.6815}, "title_keywords": {"Tom": 1, "cruise": 1}, "description_keywords": {"]": 1}, "comment_keywords": {"Leah": 1, "Remini": 1, "s": 2, "elite": 1, "sector": 1, "Scientology": 1, "walking": 1, "trophy": 1, "ego": 1, "feeds": 1, "God": 1, "organization": 1, "propaganda": 1, "film": 1, "Golden": 1, "production": 1, "company": 1, "IIRC": 1, "opening": 1, "speech": 1, "front": 1, "thousands": 1, "right": 1, "David": 1, "Miscavige": 1, "Him": 1, "own": 1, "stunts": 1, "mind": 1, "badass": 1, "actors": 1}}, {"title": "Tom cruise ", "description": "[deleted]", "comment": "I think it's more like Cruise fending off all the bad associations with both Scientology and his membership in it, by putting his nose to the professional grind and just working his ass off.  This is an attitude which might account for all his action movie roles--he sticks to what he knows, does best, and to what physically challenges him, taking his mind off the criticism of his membership.", "title_sentiment": {"neg": 0.0, "neu": 1.0, "pos": 0.0, "compound": 0.0}, "description_sentiment": {"neg": 0.0, "neu": 1.0, "pos": 0.0, "compound": 0.0}, "comment_sentiment": {"neg": 0.123, "neu": 0.773, "pos": 0.103, "compound": -0.3832}, "title_keywords": {"Tom": 1, "cruise": 1}, "description_keywords": {"]": 1}, "comment_keywords": {"more": 1, "like": 1, "Cruise": 1, "bad": 1, "associations": 1, "Scientology": 1, "membership": 2, "nose": 1, "professional": 1, "grind": 1, "ass": 1, "attitude": 1, "action": 1, "movie": 1, "roles": 1, "mind": 1, "criticism": 1}}, {"title": "Anyone see this symbol? ", "description": "", "comment": "###[Meta] Sticky Comment\n\n[Rule 2](https://www.reddit.com/r/conspiracy/wiki/faq#wiki_2_-_address_the_argument.3B_not_the_user.2C_the_mods.2C_or_the_sub.) ***does not apply*** when replying to this stickied comment.  \n\n[Rule 2](https://www.reddit.com/r/conspiracy/wiki/faq#wiki_2_-_address_the_argument.3B_not_the_user.2C_the_mods.2C_or_the_sub.) ***does apply*** throughout the rest of this thread.\n\n*What this means*: Please keep any \"meta\" discussion directed at specific users, mods, or /r/conspiracy in general in this comment chain ***only.***\n\n*I am a bot, and this action was performed automatically. Please [contact the moderators of this subreddit](/message/compose/?to=/r/conspiracy) if you have any questions or concerns.*", "title_sentiment": {"neg": 0.0, "neu": 1.0, "pos": 0.0, "compound": 0.0}, "description_sentiment": {"neg": 0.0, "neu": 0.0, "pos": 0.0, "compound": 0.0}, "comment_sentiment": {"neg": 0.0, "neu": 0.936, "pos": 0.064, "compound": 0.5574}, "title_keywords": {"Anyone": 1, "symbol": 1}, "description_keywords": {}, "comment_keywords": {"[": 4, "Meta": 1, "]": 4, "Sticky": 1, "Comment": 1, "Rule": 2, "https": 2, "//www.reddit.com/r/conspiracy/wiki/faq": 2, "wiki_2_-_address_the_argument.3B_not_the_user.2C_the_mods.2C_or_the_sub": 2, "*": 17, "stickied": 1, "comment": 2, "rest": 1, "thread": 1, "meta": 1, "discussion": 1, "specific": 1, "users": 1, "mods": 1, "/r/conspiracy": 1, "general": 1, "chain": 1, "bot": 1, "action": 1, "Please": 1, "moderators": 1, "subreddit": 1, "/message/compose/": 1, "to=/r/conspiracy": 1, "questions": 1, "concerns": 1}}, {"title": "Anyone see this symbol? ", "description": "", "comment": "Yep, it\u2019s right there", "title_sentiment": {"neg": 0.0, "neu": 1.0, "pos": 0.0, "compound": 0.0}, "description_sentiment": {"neg": 0.0, "neu": 0.0, "pos": 0.0, "compound": 0.0}, "comment_sentiment": {"neg": 0.0, "neu": 0.577, "pos": 0.423, "compound": 0.296}, "title_keywords": {"Anyone": 1, "symbol": 1}, "description_keywords": {}, "comment_keywords": {"Yep": 1}}, {"title": "Anyone see this symbol? ", "description": "", "comment": "chaos magic...", "title_sentiment": {"neg": 0.0, "neu": 1.0, "pos": 0.0, "compound": 0.0}, "description_sentiment": {"neg": 0.0, "neu": 0.0, "pos": 0.0, "compound": 0.0}, "comment_sentiment": {"neg": 0.787, "neu": 0.213, "pos": 0.0, "compound": -0.5719}, "title_keywords": {"Anyone": 1, "symbol": 1}, "description_keywords": {}, "comment_keywords": {"chaos": 1, "magic": 1}}, {"title": "Anyone see this symbol? ", "description": "", "comment": "https://en.wikipedia.org/wiki/Symbol_of_Chaos", "title_sentiment": {"neg": 0.0, "neu": 1.0, "pos": 0.0, "compound": 0.0}, "description_sentiment": {"neg": 0.0, "neu": 0.0, "pos": 0.0, "compound": 0.0}, "comment_sentiment": {"neg": 0.0, "neu": 1.0, "pos": 0.0, "compound": 0.0}, "title_keywords": {"Anyone": 1, "symbol": 1}, "description_keywords": {}, "comment_keywords": {"https": 1, "//en.wikipedia.org/wiki/Symbol_of_Chaos": 1}}, {"title": "Anyone see this symbol? ", "description": "", "comment": "Yeah it's a band called Chimaira", "title_sentiment": {"neg": 0.0, "neu": 1.0, "pos": 0.0, "compound": 0.0}, "description_sentiment": {"neg": 0.0, "neu": 0.0, "pos": 0.0, "compound": 0.0}, "comment_sentiment": {"neg": 0.0, "neu": 0.645, "pos": 0.355, "compound": 0.296}, "title_keywords": {"Anyone": 1, "symbol": 1}, "description_keywords": {}, "comment_keywords": {"band": 1, "Chimaira": 1}}, {"title": "Time traveller from an undisclosed point of a future reality AMA.", "description": "[removed]", "comment": "###[Meta] Sticky Comment\n\n[Rule 2](https://www.reddit.com/r/conspiracy/wiki/faq#wiki_2_-_address_the_argument.3B_not_the_user.2C_the_mods.2C_or_the_sub.) ***does not apply*** when replying to this stickied comment.  \n\n[Rule 2](https://www.reddit.com/r/conspiracy/wiki/faq#wiki_2_-_address_the_argument.3B_not_the_user.2C_the_mods.2C_or_the_sub.) ***does apply*** throughout the rest of this thread.\n\n*What this means*: Please keep any \"meta\" discussion directed at specific users, mods, or /r/conspiracy in general in this comment chain ***only.***\n\n*I am a bot, and this action was performed automatically. Please [contact the moderators of this subreddit](/message/compose/?to=/r/conspiracy) if you have any questions or concerns.*", "title_sentiment": {"neg": 0.0, "neu": 1.0, "pos": 0.0, "compound": 0.0}, "description_sentiment": {"neg": 0.0, "neu": 1.0, "pos": 0.0, "compound": 0.0}, "comment_sentiment": {"neg": 0.0, "neu": 0.936, "pos": 0.064, "compound": 0.5574}, "title_keywords": {"Time": 1, "traveller": 1, "undisclosed": 1, "point": 1, "future": 1, "reality": 1, "AMA": 1}, "description_keywords": {"[": 1, "]": 1}, "comment_keywords": {"[": 4, "Meta": 1, "]": 4, "Sticky": 1, "Comment": 1, "Rule": 2, "https": 2, "//www.reddit.com/r/conspiracy/wiki/faq": 2, "wiki_2_-_address_the_argument.3B_not_the_user.2C_the_mods.2C_or_the_sub": 2, "*": 17, "stickied": 1, "comment": 2, "rest": 1, "thread": 1, "meta": 1, "discussion": 1, "specific": 1, "users": 1, "mods": 1, "/r/conspiracy": 1, "general": 1, "chain": 1, "bot": 1, "action": 1, "Please": 1, "moderators": 1, "subreddit": 1, "/message/compose/": 1, "to=/r/conspiracy": 1, "questions": 1, "concerns": 1}}, {"title": "Time traveller from an undisclosed point of a future reality AMA.", "description": "[removed]", "comment": "According to a comment on one of your other posts, your diabetic. I\u2019m guessing it will be awhile until we see a cure for diabetes then.", "title_sentiment": {"neg": 0.0, "neu": 1.0, "pos": 0.0, "compound": 0.0}, "description_sentiment": {"neg": 0.0, "neu": 1.0, "pos": 0.0, "compound": 0.0}, "comment_sentiment": {"neg": 0.0, "neu": 1.0, "pos": 0.0, "compound": 0.0}, "title_keywords": {"Time": 1, "traveller": 1, "undisclosed": 1, "point": 1, "future": 1, "reality": 1, "AMA": 1}, "description_keywords": {"[": 1, "]": 1}, "comment_keywords": {"comment": 1, "other": 1, "posts": 1, "diabetic": 1, "cure": 1, "diabetes": 1}}, {"title": "Time traveller from an undisclosed point of a future reality AMA.", "description": "[removed]", "comment": "Ahh April fools day, when people starved of attention in their lives can feel special for a day", "title_sentiment": {"neg": 0.0, "neu": 1.0, "pos": 0.0, "compound": 0.0}, "description_sentiment": {"neg": 0.0, "neu": 1.0, "pos": 0.0, "compound": 0.0}, "comment_sentiment": {"neg": 0.289, "neu": 0.596, "pos": 0.115, "compound": -0.6249}, "title_keywords": {"Time": 1, "traveller": 1, "undisclosed": 1, "point": 1, "future": 1, "reality": 1, "AMA": 1}, "description_keywords": {"[": 1, "]": 1}, "comment_keywords": {"Ahh": 1, "April": 1, "fools": 1, "day": 2, "people": 1, "attention": 1, "lives": 1, "special": 1}}, {"title": "Time traveller from an undisclosed point of a future reality AMA.", "description": "[removed]", "comment": "How do I make girls like me", "title_sentiment": {"neg": 0.0, "neu": 1.0, "pos": 0.0, "compound": 0.0}, "description_sentiment": {"neg": 0.0, "neu": 1.0, "pos": 0.0, "compound": 0.0}, "comment_sentiment": {"neg": 0.0, "neu": 0.667, "pos": 0.333, "compound": 0.3612}, "title_keywords": {"Time": 1, "traveller": 1, "undisclosed": 1, "point": 1, "future": 1, "reality": 1, "AMA": 1}, "description_keywords": {"[": 1, "]": 1}, "comment_keywords": {"girls": 1}}, {"title": "Time traveller from an undisclosed point of a future reality AMA.", "description": "[removed]", "comment": "Did they finally cure Herpes? Or am I screwed forever?", "title_sentiment": {"neg": 0.0, "neu": 1.0, "pos": 0.0, "compound": 0.0}, "description_sentiment": {"neg": 0.0, "neu": 1.0, "pos": 0.0, "compound": 0.0}, "comment_sentiment": {"neg": 0.308, "neu": 0.692, "pos": 0.0, "compound": -0.5514}, "title_keywords": {"Time": 1, "traveller": 1, "undisclosed": 1, "point": 1, "future": 1, "reality": 1, "AMA": 1}, "description_keywords": {"[": 1, "]": 1}, "comment_keywords": {"Did": 1, "Herpes": 1}}, {"title": "April 8th", "description": "What are your thoughts on what will happen April 8th?", "comment": "###[Meta] Sticky Comment\n\n[Rule 2](https://www.reddit.com/r/conspiracy/wiki/faq#wiki_2_-_address_the_argument.3B_not_the_user.2C_the_mods.2C_or_the_sub.) ***does not apply*** when replying to this stickied comment.  \n\n[Rule 2](https://www.reddit.com/r/conspiracy/wiki/faq#wiki_2_-_address_the_argument.3B_not_the_user.2C_the_mods.2C_or_the_sub.) ***does apply*** throughout the rest of this thread.\n\n*What this means*: Please keep any \"meta\" discussion directed at specific users, mods, or /r/conspiracy in general in this comment chain ***only.***\n\n*I am a bot, and this action was performed automatically. Please [contact the moderators of this subreddit](/message/compose/?to=/r/conspiracy) if you have any questions or concerns.*", "title_sentiment": {"neg": 0.0, "neu": 1.0, "pos": 0.0, "compound": 0.0}, "description_sentiment": {"neg": 0.0, "neu": 1.0, "pos": 0.0, "compound": 0.0}, "comment_sentiment": {"neg": 0.0, "neu": 0.936, "pos": 0.064, "compound": 0.5574}, "title_keywords": {"April": 1}, "description_keywords": {"thoughts": 1, "April": 1}, "comment_keywords": {"[": 4, "Meta": 1, "]": 4, "Sticky": 1, "Comment": 1, "Rule": 2, "https": 2, "//www.reddit.com/r/conspiracy/wiki/faq": 2, "wiki_2_-_address_the_argument.3B_not_the_user.2C_the_mods.2C_or_the_sub": 2, "*": 17, "stickied": 1, "comment": 2, "rest": 1, "thread": 1, "meta": 1, "discussion": 1, "specific": 1, "users": 1, "mods": 1, "/r/conspiracy": 1, "general": 1, "chain": 1, "bot": 1, "action": 1, "Please": 1, "moderators": 1, "subreddit": 1, "/message/compose/": 1, "to=/r/conspiracy": 1, "questions": 1, "concerns": 1}}, {"title": "April 8th", "description": "What are your thoughts on what will happen April 8th?", "comment": "My thoughts are April 8th will be followed by April 9th.", "title_sentiment": {"neg": 0.0, "neu": 1.0, "pos": 0.0, "compound": 0.0}, "description_sentiment": {"neg": 0.0, "neu": 1.0, "pos": 0.0, "compound": 0.0}, "comment_sentiment": {"neg": 0.0, "neu": 1.0, "pos": 0.0, "compound": 0.0}, "title_keywords": {"April": 1}, "description_keywords": {"thoughts": 1, "April": 1}, "comment_keywords": {"thoughts": 1, "April": 2}}, {"title": "April 8th", "description": "What are your thoughts on what will happen April 8th?", "comment": "A ritual will take place with CERN and NASA. Won\u2019t notice much until weeks later", "title_sentiment": {"neg": 0.0, "neu": 1.0, "pos": 0.0, "compound": 0.0}, "description_sentiment": {"neg": 0.0, "neu": 1.0, "pos": 0.0, "compound": 0.0}, "comment_sentiment": {"neg": 0.0, "neu": 1.0, "pos": 0.0, "compound": 0.0}, "title_keywords": {"April": 1}, "description_keywords": {"thoughts": 1, "April": 1}, "comment_keywords": {"ritual": 1, "place": 1, "CERN": 1, "NASA": 1, "Won": 1, "\u2019": 1, "weeks": 1}}, {"title": "April 8th", "description": "What are your thoughts on what will happen April 8th?", "comment": "Best case scenario, there\u2019s a spectacular eclipse. Worst case scenario, there\u2019s an extraordinary apocalypse. We won\u2019t know until April 8th.", "title_sentiment": {"neg": 0.0, "neu": 1.0, "pos": 0.0, "compound": 0.0}, "description_sentiment": {"neg": 0.0, "neu": 1.0, "pos": 0.0, "compound": 0.0}, "comment_sentiment": {"neg": 0.162, "neu": 0.672, "pos": 0.166, "compound": 0.0258}, "title_keywords": {"April": 1}, "description_keywords": {"thoughts": 1, "April": 1}, "comment_keywords": {"Best": 1, "case": 2, "scenario": 2, "s": 1, "spectacular": 1, "eclipse": 1, "Worst": 1, "\u2019": 2, "extraordinary": 1, "apocalypse": 1, "t": 1, "April": 1}}, {"title": "During the April 8th eclipse, mysterious flying objects might appear while everyone watches", "description": "", "comment": "###[Meta] Sticky Comment\n\n[Rule 2](https://www.reddit.com/r/conspiracy/wiki/faq#wiki_2_-_address_the_argument.3B_not_the_user.2C_the_mods.2C_or_the_sub.) ***does not apply*** when replying to this stickied comment.  \n\n[Rule 2](https://www.reddit.com/r/conspiracy/wiki/faq#wiki_2_-_address_the_argument.3B_not_the_user.2C_the_mods.2C_or_the_sub.) ***does apply*** throughout the rest of this thread.\n\n*What this means*: Please keep any \"meta\" discussion directed at specific users, mods, or /r/conspiracy in general in this comment chain ***only.***\n\n*I am a bot, and this action was performed automatically. Please [contact the moderators of this subreddit](/message/compose/?to=/r/conspiracy) if you have any questions or concerns.*", "title_sentiment": {"neg": 0.0, "neu": 1.0, "pos": 0.0, "compound": 0.0}, "description_sentiment": {"neg": 0.0, "neu": 0.0, "pos": 0.0, "compound": 0.0}, "comment_sentiment": {"neg": 0.0, "neu": 0.936, "pos": 0.064, "compound": 0.5574}, "title_keywords": {"April": 1, "eclipse": 1, "mysterious": 1, "objects": 1, "everyone": 1, "watches": 1}, "description_keywords": {}, "comment_keywords": {"[": 4, "Meta": 1, "]": 4, "Sticky": 1, "Comment": 1, "Rule": 2, "https": 2, "//www.reddit.com/r/conspiracy/wiki/faq": 2, "wiki_2_-_address_the_argument.3B_not_the_user.2C_the_mods.2C_or_the_sub": 2, "*": 17, "stickied": 1, "comment": 2, "rest": 1, "thread": 1, "meta": 1, "discussion": 1, "specific": 1, "users": 1, "mods": 1, "/r/conspiracy": 1, "general": 1, "chain": 1, "bot": 1, "action": 1, "Please": 1, "moderators": 1, "subreddit": 1, "/message/compose/": 1, "to=/r/conspiracy": 1, "questions": 1, "concerns": 1}}, {"title": "During the April 8th eclipse, mysterious flying objects might appear while everyone watches", "description": "", "comment": "If it's covered in a blue hue just remember it's not real", "title_sentiment": {"neg": 0.0, "neu": 1.0, "pos": 0.0, "compound": 0.0}, "description_sentiment": {"neg": 0.0, "neu": 0.0, "pos": 0.0, "compound": 0.0}, "comment_sentiment": {"neg": 0.0, "neu": 1.0, "pos": 0.0, "compound": 0.0}, "title_keywords": {"April": 1, "eclipse": 1, "mysterious": 1, "objects": 1, "everyone": 1, "watches": 1}, "description_keywords": {}, "comment_keywords": {"blue": 1, "hue": 1, "real": 1}}, {"title": "During the April 8th eclipse, mysterious flying objects might appear while everyone watches", "description": "", "comment": "\ud83e\udd1e\ud83c\udffb", "title_sentiment": {"neg": 0.0, "neu": 1.0, "pos": 0.0, "compound": 0.0}, "description_sentiment": {"neg": 0.0, "neu": 0.0, "pos": 0.0, "compound": 0.0}, "comment_sentiment": {"neg": 0.0, "neu": 1.0, "pos": 0.0, "compound": 0.0}, "title_keywords": {"April": 1, "eclipse": 1, "mysterious": 1, "objects": 1, "everyone": 1, "watches": 1}, "description_keywords": {}, "comment_keywords": {"\ud83e\udd1e\ud83c\udffb": 1}}, {"title": "During the April 8th eclipse, mysterious flying objects might appear while everyone watches", "description": "", "comment": "Or it's going to be cloudy everywhere that day and then we can all argue about what may or may not have occurred during the eclipse.", "title_sentiment": {"neg": 0.0, "neu": 1.0, "pos": 0.0, "compound": 0.0}, "description_sentiment": {"neg": 0.0, "neu": 0.0, "pos": 0.0, "compound": 0.0}, "comment_sentiment": {"neg": 0.088, "neu": 0.912, "pos": 0.0, "compound": -0.34}, "title_keywords": {"April": 1, "eclipse": 1, "mysterious": 1, "objects": 1, "everyone": 1, "watches": 1}, "description_keywords": {}, "comment_keywords": {"day": 1, "eclipse": 1}}, {"title": "\"Beings\" coming out of portal at CERN", "description": "", "comment": "###[Meta] Sticky Comment\n\n[Rule 2](https://www.reddit.com/r/conspiracy/wiki/faq#wiki_2_-_address_the_argument.3B_not_the_user.2C_the_mods.2C_or_the_sub.) ***does not apply*** when replying to this stickied comment.  \n\n[Rule 2](https://www.reddit.com/r/conspiracy/wiki/faq#wiki_2_-_address_the_argument.3B_not_the_user.2C_the_mods.2C_or_the_sub.) ***does apply*** throughout the rest of this thread.\n\n*What this means*: Please keep any \"meta\" discussion directed at specific users, mods, or /r/conspiracy in general in this comment chain ***only.***\n\n*I am a bot, and this action was performed automatically. Please [contact the moderators of this subreddit](/message/compose/?to=/r/conspiracy) if you have any questions or concerns.*", "title_sentiment": {"neg": 0.0, "neu": 1.0, "pos": 0.0, "compound": 0.0}, "description_sentiment": {"neg": 0.0, "neu": 0.0, "pos": 0.0, "compound": 0.0}, "comment_sentiment": {"neg": 0.0, "neu": 0.936, "pos": 0.064, "compound": 0.5574}, "title_keywords": {"Beings": 1, "portal": 1, "CERN": 1}, "description_keywords": {}, "comment_keywords": {"[": 4, "Meta": 1, "]": 4, "Sticky": 1, "Comment": 1, "Rule": 2, "https": 2, "//www.reddit.com/r/conspiracy/wiki/faq": 2, "wiki_2_-_address_the_argument.3B_not_the_user.2C_the_mods.2C_or_the_sub": 2, "*": 17, "stickied": 1, "comment": 2, "rest": 1, "thread": 1, "meta": 1, "discussion": 1, "specific": 1, "users": 1, "mods": 1, "/r/conspiracy": 1, "general": 1, "chain": 1, "bot": 1, "action": 1, "Please": 1, "moderators": 1, "subreddit": 1, "/message/compose/": 1, "to=/r/conspiracy": 1, "questions": 1, "concerns": 1}}, {"title": "\"Beings\" coming out of portal at CERN", "description": "", "comment": "Vigo the Carpathian is coming  \ud83d\ude31", "title_sentiment": {"neg": 0.0, "neu": 1.0, "pos": 0.0, "compound": 0.0}, "description_sentiment": {"neg": 0.0, "neu": 0.0, "pos": 0.0, "compound": 0.0}, "comment_sentiment": {"neg": 0.0, "neu": 1.0, "pos": 0.0, "compound": 0.0}, "title_keywords": {"Beings": 1, "portal": 1, "CERN": 1}, "description_keywords": {}, "comment_keywords": {"Vigo": 1, "Carpathian": 1}}, {"title": "\"Beings\" coming out of portal at CERN", "description": "", "comment": "Big statements with little to no evidence are popular these days.", "title_sentiment": {"neg": 0.0, "neu": 1.0, "pos": 0.0, "compound": 0.0}, "description_sentiment": {"neg": 0.0, "neu": 0.0, "pos": 0.0, "compound": 0.0}, "comment_sentiment": {"neg": 0.14, "neu": 0.656, "pos": 0.204, "compound": 0.2212}, "title_keywords": {"Beings": 1, "portal": 1, "CERN": 1}, "description_keywords": {}, "comment_keywords": {"Big": 1, "statements": 1, "little": 1, "evidence": 1, "popular": 1, "days": 1}}, {"title": "\"Beings\" coming out of portal at CERN", "description": "", "comment": "Someone told me they had SECOND HAND PROOF so I guess it's pretty serious.", "title_sentiment": {"neg": 0.0, "neu": 1.0, "pos": 0.0, "compound": 0.0}, "description_sentiment": {"neg": 0.0, "neu": 0.0, "pos": 0.0, "compound": 0.0}, "comment_sentiment": {"neg": 0.07, "neu": 0.535, "pos": 0.396, "compound": 0.7962}, "title_keywords": {"Beings": 1, "portal": 1, "CERN": 1}, "description_keywords": {}, "comment_keywords": {"Someone": 1, "SECOND": 1, "HAND": 1, "PROOF": 1, "serious": 1}}, {"title": "Coincidence?", "description": "", "comment": "###[Meta] Sticky Comment\n\n[Rule 2](https://www.reddit.com/r/conspiracy/wiki/faq#wiki_2_-_address_the_argument.3B_not_the_user.2C_the_mods.2C_or_the_sub.) ***does not apply*** when replying to this stickied comment.  \n\n[Rule 2](https://www.reddit.com/r/conspiracy/wiki/faq#wiki_2_-_address_the_argument.3B_not_the_user.2C_the_mods.2C_or_the_sub.) ***does apply*** throughout the rest of this thread.\n\n*What this means*: Please keep any \"meta\" discussion directed at specific users, mods, or /r/conspiracy in general in this comment chain ***only.***\n\n*I am a bot, and this action was performed automatically. Please [contact the moderators of this subreddit](/message/compose/?to=/r/conspiracy) if you have any questions or concerns.*", "title_sentiment": {"neg": 0.0, "neu": 1.0, "pos": 0.0, "compound": 0.0}, "description_sentiment": {"neg": 0.0, "neu": 0.0, "pos": 0.0, "compound": 0.0}, "comment_sentiment": {"neg": 0.0, "neu": 0.936, "pos": 0.064, "compound": 0.5574}, "title_keywords": {"Coincidence": 1}, "description_keywords": {}, "comment_keywords": {"[": 4, "Meta": 1, "]": 4, "Sticky": 1, "Comment": 1, "Rule": 2, "https": 2, "//www.reddit.com/r/conspiracy/wiki/faq": 2, "wiki_2_-_address_the_argument.3B_not_the_user.2C_the_mods.2C_or_the_sub": 2, "*": 17, "stickied": 1, "comment": 2, "rest": 1, "thread": 1, "meta": 1, "discussion": 1, "specific": 1, "users": 1, "mods": 1, "/r/conspiracy": 1, "general": 1, "chain": 1, "bot": 1, "action": 1, "Please": 1, "moderators": 1, "subreddit": 1, "/message/compose/": 1, "to=/r/conspiracy": 1, "questions": 1, "concerns": 1}}, {"title": "Getty Images puts an \u2018Editors Note\u2019 on the video clip recorded by Kensington Palace of Kate Middleton. Getty Images states \u201cit may not adhere to Getty Images\u2019 editorial policy\u201d", "description": "", "comment": "###[Meta] Sticky Comment\n\n[Rule 2](https://www.reddit.com/r/conspiracy/wiki/faq#wiki_2_-_address_the_argument.3B_not_the_user.2C_the_mods.2C_or_the_sub.) ***does not apply*** when replying to this stickied comment.  \n\n[Rule 2](https://www.reddit.com/r/conspiracy/wiki/faq#wiki_2_-_address_the_argument.3B_not_the_user.2C_the_mods.2C_or_the_sub.) ***does apply*** throughout the rest of this thread.\n\n*What this means*: Please keep any \"meta\" discussion directed at specific users, mods, or /r/conspiracy in general in this comment chain ***only.***\n\n*I am a bot, and this action was performed automatically. Please [contact the moderators of this subreddit](/message/compose/?to=/r/conspiracy) if you have any questions or concerns.*", "title_sentiment": {"neg": 0.0, "neu": 1.0, "pos": 0.0, "compound": 0.0}, "description_sentiment": {"neg": 0.0, "neu": 0.0, "pos": 0.0, "compound": 0.0}, "comment_sentiment": {"neg": 0.0, "neu": 0.936, "pos": 0.064, "compound": 0.5574}, "title_keywords": {"Getty": 3, "Images": 3, "\u2018": 1, "Editors": 1, "\u2019": 2, "video": 1, "clip": 1, "Kensington": 1, "Palace": 1, "Kate": 1, "Middleton": 1, "editorial": 1, "policy": 1, "\u201d": 1}, "description_keywords": {}, "comment_keywords": {"[": 4, "Meta": 1, "]": 4, "Sticky": 1, "Comment": 1, "Rule": 2, "https": 2, "//www.reddit.com/r/conspiracy/wiki/faq": 2, "wiki_2_-_address_the_argument.3B_not_the_user.2C_the_mods.2C_or_the_sub": 2, "*": 17, "stickied": 1, "comment": 2, "rest": 1, "thread": 1, "meta": 1, "discussion": 1, "specific": 1, "users": 1, "mods": 1, "/r/conspiracy": 1, "general": 1, "chain": 1, "bot": 1, "action": 1, "Please": 1, "moderators": 1, "subreddit": 1, "/message/compose/": 1, "to=/r/conspiracy": 1, "questions": 1, "concerns": 1}}, {"title": "Was 9/11 an inside job.", "description": "", "comment": "###[Meta] Sticky Comment\n\n[Rule 2](https://www.reddit.com/r/conspiracy/wiki/faq#wiki_2_-_address_the_argument.3B_not_the_user.2C_the_mods.2C_or_the_sub.) ***does not apply*** when replying to this stickied comment.  \n\n[Rule 2](https://www.reddit.com/r/conspiracy/wiki/faq#wiki_2_-_address_the_argument.3B_not_the_user.2C_the_mods.2C_or_the_sub.) ***does apply*** throughout the rest of this thread.\n\n*What this means*: Please keep any \"meta\" discussion directed at specific users, mods, or /r/conspiracy in general in this comment chain ***only.***\n\n*I am a bot, and this action was performed automatically. Please [contact the moderators of this subreddit](/message/compose/?to=/r/conspiracy) if you have any questions or concerns.*", "title_sentiment": {"neg": 0.0, "neu": 1.0, "pos": 0.0, "compound": 0.0}, "description_sentiment": {"neg": 0.0, "neu": 0.0, "pos": 0.0, "compound": 0.0}, "comment_sentiment": {"neg": 0.0, "neu": 0.936, "pos": 0.064, "compound": 0.5574}, "title_keywords": {"Was": 1, "inside": 1, "job": 1}, "description_keywords": {}, "comment_keywords": {"[": 4, "Meta": 1, "]": 4, "Sticky": 1, "Comment": 1, "Rule": 2, "https": 2, "//www.reddit.com/r/conspiracy/wiki/faq": 2, "wiki_2_-_address_the_argument.3B_not_the_user.2C_the_mods.2C_or_the_sub": 2, "*": 17, "stickied": 1, "comment": 2, "rest": 1, "thread": 1, "meta": 1, "discussion": 1, "specific": 1, "users": 1, "mods": 1, "/r/conspiracy": 1, "general": 1, "chain": 1, "bot": 1, "action": 1, "Please": 1, "moderators": 1, "subreddit": 1, "/message/compose/": 1, "to=/r/conspiracy": 1, "questions": 1, "concerns": 1}}, {"title": "Was 9/11 an inside job.", "description": "", "comment": "First day? \ud83e\udee0", "title_sentiment": {"neg": 0.0, "neu": 1.0, "pos": 0.0, "compound": 0.0}, "description_sentiment": {"neg": 0.0, "neu": 0.0, "pos": 0.0, "compound": 0.0}, "comment_sentiment": {"neg": 0.0, "neu": 1.0, "pos": 0.0, "compound": 0.0}, "title_keywords": {"Was": 1, "inside": 1, "job": 1}, "description_keywords": {}, "comment_keywords": {"day": 1, "\ud83e\udee0": 1}}, {"title": "Was 9/11 an inside job.", "description": "", "comment": "On the morning of September 11, 2001, 19 men armed with boxcutters directed by a man\u00a0on dialysis\u00a0in a cave fortress halfway around the world using a\u00a0satellite phone\u00a0and a laptop directed the most sophisticated penetration of the most heavily-defended airspace in the world, overpowering the passengers and the military\u00a0combat-trained pilots\u00a0on 4 commercial aircraft before flying those planes wildly off course for over an hour without being molested by a single fighter interceptor.\n\nThese 19 hijackers, devout religious fundamentalists who liked to\u00a0drink alcohol,\u00a0snort cocaine, and\u00a0live with pink-haired strippers, managed to knock down 3 buildings with 2 planes in New York, while in Washington a pilot who\u00a0couldn't handle a single engine Cessna\u00a0was able to fly a 757 in an 8,000 foot descending 270 degree corskscrew turn to come exactly level with the ground, hitting the Pentagon\u00a0in the budget analyst office\u00a0where DoD staffers were working on the mystery of the\u00a02.3 trillion dollars\u00a0that Defense Secretary Donald Rumsfeld had announced \u201cmissing\u201d from the Pentagon's coffers in a\u00a0press conference\u00a0the day before, on September 10, 2001.\n\nLuckily, the news anchors knew who did it within minutes, the pundits knew within hours, the Administration knew within the day, and the evidence literally fell into the FBI's lap. But for some reason a bunch of crazy conspiracy theorists demanded an investigation into the greatest attack on American soil in history.\n\nThe investigation was delayed, underfunded, set up to fail, a conflict of interest and a cover up from start to finish. It was based on testimony extracted through torture, the records of which were destroyed. It failed to mention the existence of WTC7, Able Danger, Ptech, Sibel Edmonds, OBL and the CIA, and the drills of hijacked aircraft being flown into buildings that were being simulated at the precise same time that those events were actually happening. It was lied to by the Pentagon, the CIA, the Bush Administration and as for Bush and Cheney...well, no one knows what they told it because they testified in secret, off the record, not under oath and behind closed doors. It didn't bother to look at who funded the attacks because that question is of \"little practical significance\". Still, the 9/11 Commission did brilliantly, answering all of the questions the public had (except most of the victims' family members' questions) and pinned blame on all the people responsible (although no one so much as lost their job), determining the attacks were \u201ca failure of imagination\u201d because \u201cI don't think anyone could envision flying airplanes into buildings \u201d except the Pentagon and FEMA and NORAD and the NRO.\n\nThe DIA destroyed 2.5 TB of data on Able Danger, but that's OK because it probably wasn't important.\n\nThe SEC destroyed their records on the investigation into the insider trading before the attacks, but that's OK because destroying the records of the largest investigation in SEC history is just part of routine record keeping.\n\nNIST has classified the data that they used for their model of WTC7's collapse, but that's OK because knowing how they made their model of that collapse would \"jeopardize public safety\".\n\nThe FBI has argued that all material related to their investigation of 9/11 should be kept secret from the public, but that's OK because the FBI probably has nothing to hide.\n\nThis man never existed, nor is anything he had to say worthy of your attention, and if you say otherwise you are a paranoid conspiracy theorist and deserve to be shunned by all of humanity. Likewise him, him, him, and her. (and her and her and him).\n\nOsama Bin Laden lived in a cave fortress in the hills of Afghanistan, but somehow got away. Then he was hiding out in Tora Bora but somehow got away. Then he lived in Abottabad for years, taunting the most comprehensive intelligence dragnet employing the most sophisticated technology in the history of the world for 10 years, releasing video after video with complete impunity (and getting younger and younger as he did so), before finally being found in a daring SEAL team raid which wasn't recorded on video, in which he didn't resist or use his wife as a human shield, and in which these crack special forces operatives panicked and killed this unarmed man, supposedly the best source of intelligence about those dastardly terrorists on the planet. Then they dumped his body in the ocean before telling anyone about it. Then a couple dozen of that team's members died in a helicopter crash in Afghanistan.\n\nThis is the story of 9/11, brought to you by the media which told you the hard truths about JFK and incubator babies and mobile production facilities and the rescue of Jessica Lynch.\n\nIf you have any questions about this story...you are a batshit, paranoid, tinfoil, dog-abusing baby-hater and will be reviled by everyone. If you love your country and/or freedom, happiness, rainbows, rock and roll, puppy dogs, apple pie and your grandma, you will never ever express doubts about any part of this story to anyone. Ever.\n\nThis has been a public service announcement by: the Friends of the FBI, CIA, NSA, DIA, SEC, MSM, White House, NIST, and the 9/11 Commission. Because Ignorance is Strength.", "title_sentiment": {"neg": 0.0, "neu": 1.0, "pos": 0.0, "compound": 0.0}, "description_sentiment": {"neg": 0.0, "neu": 0.0, "pos": 0.0, "compound": 0.0}, "comment_sentiment": {"neg": 0.147, "neu": 0.741, "pos": 0.112, "compound": -0.9902}, "title_keywords": {"Was": 1, "inside": 1, "job": 1}, "description_keywords": {}, "comment_keywords": {"morning": 1, "September": 2, "men": 1, "boxcutters": 1, "man": 3, "dialysis": 1, "cave": 2, "fortress": 2, "halfway": 1, "world": 3, "satellite": 1, "phone": 1, "laptop": 1, "sophisticated": 2, "penetration": 1, "heavily-defended": 1, "airspace": 1, "passengers": 1, "military": 1, "combat-trained": 1, "pilots": 1, "commercial": 1, "aircraft": 2, "planes": 2, "course": 1, "hour": 1, "single": 2, "fighter": 1, "interceptor": 1, "hijackers": 1, "religious": 1, "fundamentalists": 1, "alcohol": 1, "snort": 1, "cocaine": 1, "live": 1, "pink-haired": 1, "strippers": 1, "buildings": 3, "New": 1, "York": 1, "Washington": 1, "pilot": 1, "engine": 1, "Cessna": 1, "able": 1, "foot": 1, "degree": 1, "corskscrew": 1, "turn": 1, "level": 1, "ground": 1, "Pentagon": 4, "budget": 1, "analyst": 1, "office": 1, "DoD": 1, "staffers": 1, "mystery": 1, "dollars": 1, "Defense": 1, "Secretary": 1, "Donald": 1, "Rumsfeld": 1, "\u201d": 3, "coffers": 1, "press": 1, "conference": 1, "day": 2, "news": 1, "anchors": 1, "minutes": 1, "pundits": 1, "hours": 1, "Administration": 2, "evidence": 1, "FBI": 4, "lap": 1, "reason": 1, "bunch": 1, "crazy": 1, "conspiracy": 2, "theorists": 1, "investigation": 5, "greatest": 1, "attack": 1, "American": 1, "soil": 1, "history": 3, "underfunded": 1, "conflict": 1, "interest": 1, "cover": 1, "start": 1, "testimony": 1, "torture": 1, "records": 3, "existence": 1, "WTC7": 2, "Able": 2, "Danger": 2, "Ptech": 1, "Sibel": 1, "Edmonds": 1, "OBL": 1, "CIA": 3, "drills": 1, "hijacked": 1, "precise": 1, "same": 1, "time": 1, "events": 1, "Bush": 2, "Cheney": 1, "one": 1, "secret": 2, "record": 2, "oath": 1, "behind": 1, "doors": 1, "attacks": 3, "question": 1, "little": 1, "practical": 1, "significance": 1, "Commission": 2, "questions": 3, "public": 4, "most": 1, "victims": 1, "family": 1, "members": 2, "blame": 1, "people": 1, "responsible": 1, "much": 1, "job": 1, "failure": 1, "imagination": 1, "\u201c": 1, "anyone": 3, "airplanes": 1, "FEMA": 1, "NORAD": 1, "NRO": 1, "DIA": 2, "TB": 1, "data": 2, "OK": 4, "important": 1, "SEC": 3, "insider": 1, "trading": 1, "largest": 1, "part": 2, "routine": 1, "NIST": 2, "model": 2, "collapse": 2, "safety": 1, "material": 1, "nothing": 1, "anything": 1, "worthy": 1, "attention": 1, "paranoid": 2, "theorist": 1, "humanity": 1, "Likewise": 1, "Osama": 1, "Bin": 1, "Laden": 1, "hills": 1, "Afghanistan": 2, "Tora": 1, "Bora": 1, "Abottabad": 1, "years": 2, "comprehensive": 1, "intelligence": 2, "dragnet": 1, "technology": 1, "video": 3, "complete": 1, "impunity": 1, "younger": 2, "daring": 1, "SEAL": 1, "team": 2, "wife": 1, "human": 1, "shield": 1, "crack": 1, "special": 1, "forces": 1, "operatives": 1, "unarmed": 1, "best": 1, "source": 1, "dastardly": 1, "terrorists": 1, "planet": 1, "body": 1, "ocean": 1, "couple": 1, "dozen": 1, "helicopter": 1, "crash": 1, "story": 3, "media": 1, "hard": 1, "truths": 1, "JFK": 1, "incubator": 1, "babies": 1, "mobile": 1, "production": 1, "facilities": 1, "rescue": 1, "Jessica": 1, "Lynch": 1, "batshit": 1, "tinfoil": 1, "dog-abusing": 1, "baby-hater": 1, "everyone": 1, "country": 1, "and/or": 1, "freedom": 1, "happiness": 1, "rock": 1, "roll": 1, "puppy": 1, "dogs": 1, "apple": 1, "pie": 1, "grandma": 1, "doubts": 1, "service": 1, "announcement": 1, "Friends": 1, "NSA": 1, "MSM": 1, "White": 1, "House": 1, "Ignorance": 1, "Strength": 1}}, {"title": "Was 9/11 an inside job.", "description": "", "comment": "No? Skyscrapers just do that sometimes.\n\nSame thing with JFK\u2019s head.", "title_sentiment": {"neg": 0.0, "neu": 1.0, "pos": 0.0, "compound": 0.0}, "description_sentiment": {"neg": 0.0, "neu": 0.0, "pos": 0.0, "compound": 0.0}, "comment_sentiment": {"neg": 0.18, "neu": 0.82, "pos": 0.0, "compound": -0.296}, "title_keywords": {"Was": 1, "inside": 1, "job": 1}, "description_keywords": {}, "comment_keywords": {"Skyscrapers": 1, "Same": 1, "thing": 1, "JFK": 1, "\u2019": 1, "s": 1, "head": 1}}, {"title": "Was 9/11 an inside job.", "description": "", "comment": "No. 9/11 happened exactly the way that the media and government said it did. Don\u2019t believe your lying eyes", "title_sentiment": {"neg": 0.0, "neu": 1.0, "pos": 0.0, "compound": 0.0}, "description_sentiment": {"neg": 0.0, "neu": 0.0, "pos": 0.0, "compound": 0.0}, "comment_sentiment": {"neg": 0.248, "neu": 0.752, "pos": 0.0, "compound": -0.6808}, "title_keywords": {"Was": 1, "inside": 1, "job": 1}, "description_keywords": {}, "comment_keywords": {"way": 1, "media": 1, "government": 1, "Don": 1, "\u2019": 1, "t": 1, "lying": 1, "eyes": 1}}, {"title": "2024 Coup of Hungary after its PM Orban met with Trump &amp; Brazil's Bolsonaro!", "description": "", "comment": "###[Meta] Sticky Comment\n\n[Rule 2](https://www.reddit.com/r/conspiracy/wiki/faq#wiki_2_-_address_the_argument.3B_not_the_user.2C_the_mods.2C_or_the_sub.) ***does not apply*** when replying to this stickied comment.  \n\n[Rule 2](https://www.reddit.com/r/conspiracy/wiki/faq#wiki_2_-_address_the_argument.3B_not_the_user.2C_the_mods.2C_or_the_sub.) ***does apply*** throughout the rest of this thread.\n\n*What this means*: Please keep any \"meta\" discussion directed at specific users, mods, or /r/conspiracy in general in this comment chain ***only.***\n\n*I am a bot, and this action was performed automatically. Please [contact the moderators of this subreddit](/message/compose/?to=/r/conspiracy) if you have any questions or concerns.*", "title_sentiment": {"neg": 0.0, "neu": 1.0, "pos": 0.0, "compound": 0.0}, "description_sentiment": {"neg": 0.0, "neu": 0.0, "pos": 0.0, "compound": 0.0}, "comment_sentiment": {"neg": 0.0, "neu": 0.936, "pos": 0.064, "compound": 0.5574}, "title_keywords": {"Coup": 1, "Hungary": 1, "PM": 1, "Orban": 1, "Trump": 1, "amp": 1, "Brazil": 1, "Bolsonaro": 1}, "description_keywords": {}, "comment_keywords": {"[": 4, "Meta": 1, "]": 4, "Sticky": 1, "Comment": 1, "Rule": 2, "https": 2, "//www.reddit.com/r/conspiracy/wiki/faq": 2, "wiki_2_-_address_the_argument.3B_not_the_user.2C_the_mods.2C_or_the_sub": 2, "*": 17, "stickied": 1, "comment": 2, "rest": 1, "thread": 1, "meta": 1, "discussion": 1, "specific": 1, "users": 1, "mods": 1, "/r/conspiracy": 1, "general": 1, "chain": 1, "bot": 1, "action": 1, "Please": 1, "moderators": 1, "subreddit": 1, "/message/compose/": 1, "to=/r/conspiracy": 1, "questions": 1, "concerns": 1}}, {"title": "2024 Coup of Hungary after its PM Orban met with Trump &amp; Brazil's Bolsonaro!", "description": "", "comment": "Brazilian president Lula (ex-condemned), is also not happy at all after knowing the ex president Bolsonaro sleep on Hungary embassy lol", "title_sentiment": {"neg": 0.0, "neu": 1.0, "pos": 0.0, "compound": 0.0}, "description_sentiment": {"neg": 0.0, "neu": 0.0, "pos": 0.0, "compound": 0.0}, "comment_sentiment": {"neg": 0.121, "neu": 0.766, "pos": 0.113, "compound": -0.0511}, "title_keywords": {"Coup": 1, "Hungary": 1, "PM": 1, "Orban": 1, "Trump": 1, "amp": 1, "Brazil": 1, "Bolsonaro": 1}, "description_keywords": {}, "comment_keywords": {"Brazilian": 1, "president": 2, "Lula": 1, "ex-condemned": 1, "happy": 1, "ex": 1, "Bolsonaro": 1, "sleep": 1, "Hungary": 1, "embassy": 1, "lol": 1}}, {"title": "Did they talk about LAM or Aiwass or the Secret Chiefs (extra-Human Intelligence) that Aleister Crowley said run the world?", "description": "", "comment": "###[Meta] Sticky Comment\n\n[Rule 2](https://www.reddit.com/r/conspiracy/wiki/faq#wiki_2_-_address_the_argument.3B_not_the_user.2C_the_mods.2C_or_the_sub.) ***does not apply*** when replying to this stickied comment.  \n\n[Rule 2](https://www.reddit.com/r/conspiracy/wiki/faq#wiki_2_-_address_the_argument.3B_not_the_user.2C_the_mods.2C_or_the_sub.) ***does apply*** throughout the rest of this thread.\n\n*What this means*: Please keep any \"meta\" discussion directed at specific users, mods, or /r/conspiracy in general in this comment chain ***only.***\n\n*I am a bot, and this action was performed automatically. Please [contact the moderators of this subreddit](/message/compose/?to=/r/conspiracy) if you have any questions or concerns.*", "title_sentiment": {"neg": 0.0, "neu": 1.0, "pos": 0.0, "compound": 0.0}, "description_sentiment": {"neg": 0.0, "neu": 0.0, "pos": 0.0, "compound": 0.0}, "comment_sentiment": {"neg": 0.0, "neu": 0.936, "pos": 0.064, "compound": 0.5574}, "title_keywords": {"Did": 1, "LAM": 1, "Aiwass": 1, "Secret": 1, "Chiefs": 1, "extra-Human": 1, "Intelligence": 1, "Aleister": 1, "Crowley": 1, "world": 1}, "description_keywords": {}, "comment_keywords": {"[": 4, "Meta": 1, "]": 4, "Sticky": 1, "Comment": 1, "Rule": 2, "https": 2, "//www.reddit.com/r/conspiracy/wiki/faq": 2, "wiki_2_-_address_the_argument.3B_not_the_user.2C_the_mods.2C_or_the_sub": 2, "*": 17, "stickied": 1, "comment": 2, "rest": 1, "thread": 1, "meta": 1, "discussion": 1, "specific": 1, "users": 1, "mods": 1, "/r/conspiracy": 1, "general": 1, "chain": 1, "bot": 1, "action": 1, "Please": 1, "moderators": 1, "subreddit": 1, "/message/compose/": 1, "to=/r/conspiracy": 1, "questions": 1, "concerns": 1}}, {"title": "Did they talk about LAM or Aiwass or the Secret Chiefs (extra-Human Intelligence) that Aleister Crowley said run the world?", "description": "", "comment": "SS: What did they talk about at Kung Fu practice? Remember that email from Epstein to Musk?", "title_sentiment": {"neg": 0.0, "neu": 1.0, "pos": 0.0, "compound": 0.0}, "description_sentiment": {"neg": 0.0, "neu": 0.0, "pos": 0.0, "compound": 0.0}, "comment_sentiment": {"neg": 0.24, "neu": 0.76, "pos": 0.0, "compound": -0.7236}, "title_keywords": {"Did": 1, "LAM": 1, "Aiwass": 1, "Secret": 1, "Chiefs": 1, "extra-Human": 1, "Intelligence": 1, "Aleister": 1, "Crowley": 1, "world": 1}, "description_keywords": {}, "comment_keywords": {"SS": 1, "Kung": 1, "Fu": 1, "practice": 1, "Remember": 1, "Epstein": 1, "Musk": 1}}, {"title": "Did they talk about LAM or Aiwass or the Secret Chiefs (extra-Human Intelligence) that Aleister Crowley said run the world?", "description": "", "comment": "Oh how convenient for musk", "title_sentiment": {"neg": 0.0, "neu": 1.0, "pos": 0.0, "compound": 0.0}, "description_sentiment": {"neg": 0.0, "neu": 0.0, "pos": 0.0, "compound": 0.0}, "comment_sentiment": {"neg": 0.0, "neu": 1.0, "pos": 0.0, "compound": 0.0}, "title_keywords": {"Did": 1, "LAM": 1, "Aiwass": 1, "Secret": 1, "Chiefs": 1, "extra-Human": 1, "Intelligence": 1, "Aleister": 1, "Crowley": 1, "world": 1}, "description_keywords": {}, "comment_keywords": {"convenient": 1, "musk": 1}}, {"title": "Did they talk about LAM or Aiwass or the Secret Chiefs (extra-Human Intelligence) that Aleister Crowley said run the world?", "description": "", "comment": "So the answer is no. We only become more and more known", "title_sentiment": {"neg": 0.0, "neu": 1.0, "pos": 0.0, "compound": 0.0}, "description_sentiment": {"neg": 0.0, "neu": 0.0, "pos": 0.0, "compound": 0.0}, "comment_sentiment": {"neg": 0.167, "neu": 0.833, "pos": 0.0, "compound": -0.296}, "title_keywords": {"Did": 1, "LAM": 1, "Aiwass": 1, "Secret": 1, "Chiefs": 1, "extra-Human": 1, "Intelligence": 1, "Aleister": 1, "Crowley": 1, "world": 1}, "description_keywords": {}, "comment_keywords": {"answer": 1, "known": 1}}, {"title": "Britney's instagram", "description": "[deleted]", "comment": "###[Meta] Sticky Comment\n\n[Rule 2](https://www.reddit.com/r/conspiracy/wiki/faq#wiki_2_-_address_the_argument.3B_not_the_user.2C_the_mods.2C_or_the_sub.) ***does not apply*** when replying to this stickied comment.  \n\n[Rule 2](https://www.reddit.com/r/conspiracy/wiki/faq#wiki_2_-_address_the_argument.3B_not_the_user.2C_the_mods.2C_or_the_sub.) ***does apply*** throughout the rest of this thread.\n\n*What this means*: Please keep any \"meta\" discussion directed at specific users, mods, or /r/conspiracy in general in this comment chain ***only.***\n\n*I am a bot, and this action was performed automatically. Please [contact the moderators of this subreddit](/message/compose/?to=/r/conspiracy) if you have any questions or concerns.*", "title_sentiment": {"neg": 0.0, "neu": 1.0, "pos": 0.0, "compound": 0.0}, "description_sentiment": {"neg": 0.0, "neu": 1.0, "pos": 0.0, "compound": 0.0}, "comment_sentiment": {"neg": 0.0, "neu": 0.936, "pos": 0.064, "compound": 0.5574}, "title_keywords": {"Britney": 1, "instagram": 1}, "description_keywords": {"]": 1}, "comment_keywords": {"[": 4, "Meta": 1, "]": 4, "Sticky": 1, "Comment": 1, "Rule": 2, "https": 2, "//www.reddit.com/r/conspiracy/wiki/faq": 2, "wiki_2_-_address_the_argument.3B_not_the_user.2C_the_mods.2C_or_the_sub": 2, "*": 17, "stickied": 1, "comment": 2, "rest": 1, "thread": 1, "meta": 1, "discussion": 1, "specific": 1, "users": 1, "mods": 1, "/r/conspiracy": 1, "general": 1, "chain": 1, "bot": 1, "action": 1, "Please": 1, "moderators": 1, "subreddit": 1, "/message/compose/": 1, "to=/r/conspiracy": 1, "questions": 1, "concerns": 1}}, {"title": "Britney's instagram", "description": "[deleted]", "comment": "Uhm that would be extremely illegal. I think she has just simply lost her damn mind.", "title_sentiment": {"neg": 0.0, "neu": 1.0, "pos": 0.0, "compound": 0.0}, "description_sentiment": {"neg": 0.0, "neu": 1.0, "pos": 0.0, "compound": 0.0}, "comment_sentiment": {"neg": 0.426, "neu": 0.574, "pos": 0.0, "compound": -0.8357}, "title_keywords": {"Britney": 1, "instagram": 1}, "description_keywords": {"]": 1}, "comment_keywords": {"Uhm": 1, "illegal": 1, "damn": 1, "mind": 1}}, {"title": "Britney's instagram", "description": "[deleted]", "comment": "Interesting theory tbh. The ones I've seen have a dark vibe to them.", "title_sentiment": {"neg": 0.0, "neu": 1.0, "pos": 0.0, "compound": 0.0}, "description_sentiment": {"neg": 0.0, "neu": 1.0, "pos": 0.0, "compound": 0.0}, "comment_sentiment": {"neg": 0.0, "neu": 0.803, "pos": 0.197, "compound": 0.4019}, "title_keywords": {"Britney": 1, "instagram": 1}, "description_keywords": {"]": 1}, "comment_keywords": {"theory": 1, "tbh": 1, "ones": 1, "dark": 1, "vibe": 1}}, {"title": "Britney's instagram", "description": "[deleted]", "comment": "Could any of you endure what she went through? Yes she was a millionaire by 17 but could you imagine not knowing who you really are and being controlled your entire life and not really know how to function in normal society because of how famous you were. Yeah- it be great for some of us. But that girl never had a rough life or went through some shit to make her strong- give her a break for her behavior- she doesn\u2019t really know how to be normal and now doesn\u2019t have someone telling her what she can and can not do. If she was never famous in the first place she would just be another human being like the rest of the world on instagram and we wouldn\u2019t be here hiding her for acting like a teenager at her age.", "title_sentiment": {"neg": 0.0, "neu": 1.0, "pos": 0.0, "compound": 0.0}, "description_sentiment": {"neg": 0.0, "neu": 1.0, "pos": 0.0, "compound": 0.0}, "comment_sentiment": {"neg": 0.049, "neu": 0.817, "pos": 0.135, "compound": 0.9267}, "title_keywords": {"Britney": 1, "instagram": 1}, "description_keywords": {"]": 1}, "comment_keywords": {"Could": 1, "millionaire": 1, "entire": 1, "life": 2, "normal": 2, "society": 1, "famous": 2, "great": 1, "girl": 1, "rough": 1, "shit": 1, "strong-": 1, "give": 1, "break": 1, "behavior-": 1, "\u2019": 3, "t": 3, "someone": 1, "first": 1, "place": 1, "human": 1, "rest": 1, "world": 1, "instagram": 1, "teenager": 1, "age": 1}}, {"title": "Malcolm X\u2019s Final Words on Zionism and European Colonialism", "description": ".", "comment": "###[Meta] Sticky Comment\n\n[Rule 2](https://www.reddit.com/r/conspiracy/wiki/faq#wiki_2_-_address_the_argument.3B_not_the_user.2C_the_mods.2C_or_the_sub.) ***does not apply*** when replying to this stickied comment.  \n\n[Rule 2](https://www.reddit.com/r/conspiracy/wiki/faq#wiki_2_-_address_the_argument.3B_not_the_user.2C_the_mods.2C_or_the_sub.) ***does apply*** throughout the rest of this thread.\n\n*What this means*: Please keep any \"meta\" discussion directed at specific users, mods, or /r/conspiracy in general in this comment chain ***only.***\n\n*I am a bot, and this action was performed automatically. Please [contact the moderators of this subreddit](/message/compose/?to=/r/conspiracy) if you have any questions or concerns.*", "title_sentiment": {"neg": 0.0, "neu": 1.0, "pos": 0.0, "compound": 0.0}, "description_sentiment": {"neg": 0.0, "neu": 0.0, "pos": 0.0, "compound": 0.0}, "comment_sentiment": {"neg": 0.0, "neu": 0.936, "pos": 0.064, "compound": 0.5574}, "title_keywords": {"Malcolm": 1, "X": 1, "\u2019": 1, "Final": 1, "Words": 1, "Zionism": 1, "European": 1, "Colonialism": 1}, "description_keywords": {}, "comment_keywords": {"[": 4, "Meta": 1, "]": 4, "Sticky": 1, "Comment": 1, "Rule": 2, "https": 2, "//www.reddit.com/r/conspiracy/wiki/faq": 2, "wiki_2_-_address_the_argument.3B_not_the_user.2C_the_mods.2C_or_the_sub": 2, "*": 17, "stickied": 1, "comment": 2, "rest": 1, "thread": 1, "meta": 1, "discussion": 1, "specific": 1, "users": 1, "mods": 1, "/r/conspiracy": 1, "general": 1, "chain": 1, "bot": 1, "action": 1, "Please": 1, "moderators": 1, "subreddit": 1, "/message/compose/": 1, "to=/r/conspiracy": 1, "questions": 1, "concerns": 1}}, {"title": "April 8th", "description": "https://www.tiktok.com/@offthekirbministries/video/7352248568578706720?_t=8l9feK1680V&amp;_r=1", "comment": "###[Meta] Sticky Comment\n\n[Rule 2](https://www.reddit.com/r/conspiracy/wiki/faq#wiki_2_-_address_the_argument.3B_not_the_user.2C_the_mods.2C_or_the_sub.) ***does not apply*** when replying to this stickied comment.  \n\n[Rule 2](https://www.reddit.com/r/conspiracy/wiki/faq#wiki_2_-_address_the_argument.3B_not_the_user.2C_the_mods.2C_or_the_sub.) ***does apply*** throughout the rest of this thread.\n\n*What this means*: Please keep any \"meta\" discussion directed at specific users, mods, or /r/conspiracy in general in this comment chain ***only.***\n\n*I am a bot, and this action was performed automatically. Please [contact the moderators of this subreddit](/message/compose/?to=/r/conspiracy) if you have any questions or concerns.*", "title_sentiment": {"neg": 0.0, "neu": 1.0, "pos": 0.0, "compound": 0.0}, "description_sentiment": {"neg": 0.0, "neu": 1.0, "pos": 0.0, "compound": 0.0}, "comment_sentiment": {"neg": 0.0, "neu": 0.936, "pos": 0.064, "compound": 0.5574}, "title_keywords": {"April": 1}, "description_keywords": {"https": 1, "//www.tiktok.com/": 1, "@": 1, "offthekirbministries/video/7352248568578706720": 1, "_t=8l9feK1680V": 1, "amp": 1}, "comment_keywords": {"[": 4, "Meta": 1, "]": 4, "Sticky": 1, "Comment": 1, "Rule": 2, "https": 2, "//www.reddit.com/r/conspiracy/wiki/faq": 2, "wiki_2_-_address_the_argument.3B_not_the_user.2C_the_mods.2C_or_the_sub": 2, "*": 17, "stickied": 1, "comment": 2, "rest": 1, "thread": 1, "meta": 1, "discussion": 1, "specific": 1, "users": 1, "mods": 1, "/r/conspiracy": 1, "general": 1, "chain": 1, "bot": 1, "action": 1, "Please": 1, "moderators": 1, "subreddit": 1, "/message/compose/": 1, "to=/r/conspiracy": 1, "questions": 1, "concerns": 1}}, {"title": "OBL and GB chillin", "description": "[deleted]", "comment": "###[Meta] Sticky Comment\n\n[Rule 2](https://www.reddit.com/r/conspiracy/wiki/faq#wiki_2_-_address_the_argument.3B_not_the_user.2C_the_mods.2C_or_the_sub.) ***does not apply*** when replying to this stickied comment.  \n\n[Rule 2](https://www.reddit.com/r/conspiracy/wiki/faq#wiki_2_-_address_the_argument.3B_not_the_user.2C_the_mods.2C_or_the_sub.) ***does apply*** throughout the rest of this thread.\n\n*What this means*: Please keep any \"meta\" discussion directed at specific users, mods, or /r/conspiracy in general in this comment chain ***only.***\n\n*I am a bot, and this action was performed automatically. Please [contact the moderators of this subreddit](/message/compose/?to=/r/conspiracy) if you have any questions or concerns.*", "title_sentiment": {"neg": 0.0, "neu": 1.0, "pos": 0.0, "compound": 0.0}, "description_sentiment": {"neg": 0.0, "neu": 1.0, "pos": 0.0, "compound": 0.0}, "comment_sentiment": {"neg": 0.0, "neu": 0.936, "pos": 0.064, "compound": 0.5574}, "title_keywords": {"OBL": 1, "GB": 1, "chillin": 1}, "description_keywords": {"]": 1}, "comment_keywords": {"[": 4, "Meta": 1, "]": 4, "Sticky": 1, "Comment": 1, "Rule": 2, "https": 2, "//www.reddit.com/r/conspiracy/wiki/faq": 2, "wiki_2_-_address_the_argument.3B_not_the_user.2C_the_mods.2C_or_the_sub": 2, "*": 17, "stickied": 1, "comment": 2, "rest": 1, "thread": 1, "meta": 1, "discussion": 1, "specific": 1, "users": 1, "mods": 1, "/r/conspiracy": 1, "general": 1, "chain": 1, "bot": 1, "action": 1, "Please": 1, "moderators": 1, "subreddit": 1, "/message/compose/": 1, "to=/r/conspiracy": 1, "questions": 1, "concerns": 1}}, {"title": "Of course Microsoft patented this", "description": "Link:  [WO2020060606 CRYPTOCURRENCY SYSTEM USING BODY ACTIVITY DATA (wipo.int)](https://patentscope.wipo.int/search/en/detail.jsf?docId=WO2020060606) \n\nhttps://preview.redd.it/ghlb5hurfvrc1.png?width=1920&amp;format=png&amp;auto=webp&amp;s=a3e8eb367d45cd0201952b5c0ef9b3f70c3f8cfd", "comment": "###[Meta] Sticky Comment\n\n[Rule 2](https://www.reddit.com/r/conspiracy/wiki/faq#wiki_2_-_address_the_argument.3B_not_the_user.2C_the_mods.2C_or_the_sub.) ***does not apply*** when replying to this stickied comment.  \n\n[Rule 2](https://www.reddit.com/r/conspiracy/wiki/faq#wiki_2_-_address_the_argument.3B_not_the_user.2C_the_mods.2C_or_the_sub.) ***does apply*** throughout the rest of this thread.\n\n*What this means*: Please keep any \"meta\" discussion directed at specific users, mods, or /r/conspiracy in general in this comment chain ***only.***\n\n*I am a bot, and this action was performed automatically. Please [contact the moderators of this subreddit](/message/compose/?to=/r/conspiracy) if you have any questions or concerns.*", "title_sentiment": {"neg": 0.0, "neu": 1.0, "pos": 0.0, "compound": 0.0}, "description_sentiment": {"neg": 0.0, "neu": 1.0, "pos": 0.0, "compound": 0.0}, "comment_sentiment": {"neg": 0.0, "neu": 0.936, "pos": 0.064, "compound": 0.5574}, "title_keywords": {"course": 1, "Microsoft": 1}, "description_keywords": {"Link": 1, "[": 1, "WO2020060606": 1, "CRYPTOCURRENCY": 1, "SYSTEM": 1, "USING": 1, "BODY": 1, "ACTIVITY": 1, "DATA": 1, "wipo.int": 1, "]": 1, "https": 2, "//patentscope.wipo.int/search/en/detail.jsf": 1, "docId=WO2020060606": 1, "//preview.redd.it/ghlb5hurfvrc1.png": 1, "width=1920": 1, "amp": 3, "s=a3e8eb367d45cd0201952b5c0ef9b3f70c3f8cfd": 1}, "comment_keywords": {"[": 4, "Meta": 1, "]": 4, "Sticky": 1, "Comment": 1, "Rule": 2, "https": 2, "//www.reddit.com/r/conspiracy/wiki/faq": 2, "wiki_2_-_address_the_argument.3B_not_the_user.2C_the_mods.2C_or_the_sub": 2, "*": 17, "stickied": 1, "comment": 2, "rest": 1, "thread": 1, "meta": 1, "discussion": 1, "specific": 1, "users": 1, "mods": 1, "/r/conspiracy": 1, "general": 1, "chain": 1, "bot": 1, "action": 1, "Please": 1, "moderators": 1, "subreddit": 1, "/message/compose/": 1, "to=/r/conspiracy": 1, "questions": 1, "concerns": 1}}, {"title": "Of course Microsoft patented this", "description": "Link:  [WO2020060606 CRYPTOCURRENCY SYSTEM USING BODY ACTIVITY DATA (wipo.int)](https://patentscope.wipo.int/search/en/detail.jsf?docId=WO2020060606) \n\nhttps://preview.redd.it/ghlb5hurfvrc1.png?width=1920&amp;format=png&amp;auto=webp&amp;s=a3e8eb367d45cd0201952b5c0ef9b3f70c3f8cfd", "comment": "&gt;Human body activity associated with a task provided to a user may be used in a mining process of a cryptocurrency system.\n\nInteresting to imagine mining crypto just by living correctly (according to the machine server) lol", "title_sentiment": {"neg": 0.0, "neu": 1.0, "pos": 0.0, "compound": 0.0}, "description_sentiment": {"neg": 0.0, "neu": 1.0, "pos": 0.0, "compound": 0.0}, "comment_sentiment": {"neg": 0.0, "neu": 0.849, "pos": 0.151, "compound": 0.6705}, "title_keywords": {"course": 1, "Microsoft": 1}, "description_keywords": {"Link": 1, "[": 1, "WO2020060606": 1, "CRYPTOCURRENCY": 1, "SYSTEM": 1, "USING": 1, "BODY": 1, "ACTIVITY": 1, "DATA": 1, "wipo.int": 1, "]": 1, "https": 2, "//patentscope.wipo.int/search/en/detail.jsf": 1, "docId=WO2020060606": 1, "//preview.redd.it/ghlb5hurfvrc1.png": 1, "width=1920": 1, "amp": 3, "s=a3e8eb367d45cd0201952b5c0ef9b3f70c3f8cfd": 1}, "comment_keywords": {"gt": 1, "Human": 1, "body": 1, "activity": 1, "task": 1, "user": 1, "mining": 2, "process": 1, "cryptocurrency": 1, "system": 1, "crypto": 1, "machine": 1, "server": 1, "lol": 1}}]