[{"title": "Damage Control: Now Biden Wishes Christians a Happy Easter", "description": "", "comment": "I can\u2019t remember if that was last year or two years ago when the Easter bunny had to redirect Biden because he got lost in front of the White House.", "title_sentiment": {"neg": 0.237, "neu": 0.37, "pos": 0.393, "compound": 0.2732}, "description_sentiment": {"neg": 0.0, "neu": 0.0, "pos": 0.0, "compound": 0.0}, "comment_sentiment": {"neg": 0.076, "neu": 0.924, "pos": 0.0, "compound": -0.3182}, "title_keywords": {"Damage": 1, "Control": 1, "Biden": 1, "Wishes": 1, "Happy": 1, "Easter": 1}, "description_keywords": {}, "comment_keywords": {"t": 1, "last": 1, "year": 1, "years": 1, "Easter": 1, "bunny": 1, "Biden": 1, "front": 1, "White": 1, "House": 1}}, {"title": "Damage Control: Now Biden Wishes Christians a Happy Easter", "description": "", "comment": "Too late, asshole.  Christians received and understood your message, as intended, loud and clear, and we will be voting accordingly in November.", "title_sentiment": {"neg": 0.237, "neu": 0.37, "pos": 0.393, "compound": 0.2732}, "description_sentiment": {"neg": 0.0, "neu": 0.0, "pos": 0.0, "compound": 0.0}, "comment_sentiment": {"neg": 0.0, "neu": 0.89, "pos": 0.11, "compound": 0.3818}, "title_keywords": {"Damage": 1, "Control": 1, "Biden": 1, "Wishes": 1, "Happy": 1, "Easter": 1}, "description_keywords": {}, "comment_keywords": {"Too": 1, "asshole": 1, "Christians": 1, "message": 1, "loud": 1, "clear": 1, "November": 1}}, {"title": "Damage Control: Now Biden Wishes Christians a Happy Easter", "description": "", "comment": "With a bunny. Meanwhile, the Whitehouse has told the kids making designs for the Easter Egg Roll that no religious symbols or words are allowed.", "title_sentiment": {"neg": 0.237, "neu": 0.37, "pos": 0.393, "compound": 0.2732}, "description_sentiment": {"neg": 0.0, "neu": 0.0, "pos": 0.0, "compound": 0.0}, "comment_sentiment": {"neg": 0.087, "neu": 0.913, "pos": 0.0, "compound": -0.296}, "title_keywords": {"Damage": 1, "Control": 1, "Biden": 1, "Wishes": 1, "Happy": 1, "Easter": 1}, "description_keywords": {}, "comment_keywords": {"bunny": 1, "Whitehouse": 1, "kids": 1, "designs": 1, "Easter": 1, "Egg": 1, "Roll": 1, "religious": 1, "symbols": 1, "words": 1}}, {"title": "Damage Control: Now Biden Wishes Christians a Happy Easter", "description": "", "comment": "The resident is a sick POS", "title_sentiment": {"neg": 0.237, "neu": 0.37, "pos": 0.393, "compound": 0.2732}, "description_sentiment": {"neg": 0.0, "neu": 0.0, "pos": 0.0, "compound": 0.0}, "comment_sentiment": {"neg": 0.452, "neu": 0.548, "pos": 0.0, "compound": -0.5106}, "title_keywords": {"Damage": 1, "Control": 1, "Biden": 1, "Wishes": 1, "Happy": 1, "Easter": 1}, "description_keywords": {}, "comment_keywords": {"resident": 1, "sick": 1, "POS": 1}}, {"title": "Damage Control: Now Biden Wishes Christians a Happy Easter", "description": "", "comment": "**Shit stain back pedaling as fast as he can**", "title_sentiment": {"neg": 0.237, "neu": 0.37, "pos": 0.393, "compound": 0.2732}, "description_sentiment": {"neg": 0.0, "neu": 0.0, "pos": 0.0, "compound": 0.0}, "comment_sentiment": {"neg": 0.0, "neu": 1.0, "pos": 0.0, "compound": 0.0}, "title_keywords": {"Damage": 1, "Control": 1, "Biden": 1, "Wishes": 1, "Happy": 1, "Easter": 1}, "description_keywords": {}, "comment_keywords": {"*": 2, "Shit": 1}}, {"title": "\u2018It\u2019s All Propaganda\u2019: GOP Senator Says Trump\u2019s VP Pick Will Be A Surprise", "description": "[deleted]", "comment": "I\u2019ve said for a long time it\u2019s going to be a dark horse candidate. The majority of people had never even heard of or seen Mike pence before he was selected. That was strategic and we\u2019re going to see it happen again.", "title_sentiment": {"neg": 0.0, "neu": 0.84, "pos": 0.16, "compound": 0.2732}, "description_sentiment": {"neg": 0.0, "neu": 1.0, "pos": 0.0, "compound": 0.0}, "comment_sentiment": {"neg": 0.0, "neu": 1.0, "pos": 0.0, "compound": 0.0}, "title_keywords": {"\u2019": 3, "Propaganda": 1, "GOP": 1, "Senator": 1, "Says": 1, "Trump": 1, "VP": 1, "Pick": 1, "Will": 1, "A": 1, "Surprise": 1}, "description_keywords": {"]": 1}, "comment_keywords": {"ve": 1, "long": 1, "time": 1, "dark": 1, "horse": 1, "candidate": 1, "majority": 1, "people": 1, "heard": 1, "Mike": 1, "pence": 1, "strategic": 1}}, {"title": "\u2018It\u2019s All Propaganda\u2019: GOP Senator Says Trump\u2019s VP Pick Will Be A Surprise", "description": "[deleted]", "comment": "He'll name Eric Trump to be VP.", "title_sentiment": {"neg": 0.0, "neu": 0.84, "pos": 0.16, "compound": 0.2732}, "description_sentiment": {"neg": 0.0, "neu": 1.0, "pos": 0.0, "compound": 0.0}, "comment_sentiment": {"neg": 0.0, "neu": 1.0, "pos": 0.0, "compound": 0.0}, "title_keywords": {"\u2019": 3, "Propaganda": 1, "GOP": 1, "Senator": 1, "Says": 1, "Trump": 1, "VP": 1, "Pick": 1, "Will": 1, "A": 1, "Surprise": 1}, "description_keywords": {"]": 1}, "comment_keywords": {"Eric": 1, "Trump": 1, "VP": 1}}, {"title": "\u2018It\u2019s All Propaganda\u2019: GOP Senator Says Trump\u2019s VP Pick Will Be A Surprise", "description": "[deleted]", "comment": "Wingnut for VP?  Crazy times\u2026", "title_sentiment": {"neg": 0.0, "neu": 0.84, "pos": 0.16, "compound": 0.2732}, "description_sentiment": {"neg": 0.0, "neu": 1.0, "pos": 0.0, "compound": 0.0}, "comment_sentiment": {"neg": 0.375, "neu": 0.625, "pos": 0.0, "compound": -0.34}, "title_keywords": {"\u2019": 3, "Propaganda": 1, "GOP": 1, "Senator": 1, "Says": 1, "Trump": 1, "VP": 1, "Pick": 1, "Will": 1, "A": 1, "Surprise": 1}, "description_keywords": {"]": 1}, "comment_keywords": {"Wingnut": 1, "VP": 1, "Crazy": 1, "times\u2026": 1}}, {"title": "Trump PAC Creates 'Biden-Mart' Grocery Store, Shows You Mind-Blowing Price Hikes Since 2021", "description": "", "comment": "But I thought inflation was transitory\u2026.", "title_sentiment": {"neg": 0.0, "neu": 0.851, "pos": 0.149, "compound": 0.2732}, "description_sentiment": {"neg": 0.0, "neu": 0.0, "pos": 0.0, "compound": 0.0}, "comment_sentiment": {"neg": 0.0, "neu": 1.0, "pos": 0.0, "compound": 0.0}, "title_keywords": {"Trump": 1, "PAC": 1, "Creates": 1, "'Biden-Mart": 1, "Grocery": 1, "Store": 1, "Shows": 1, "Mind-Blowing": 1, "Price": 1, "Hikes": 1}, "description_keywords": {}, "comment_keywords": {"inflation": 1, "transitory\u2026": 1}}, {"title": "Trump PAC Creates 'Biden-Mart' Grocery Store, Shows You Mind-Blowing Price Hikes Since 2021", "description": "", "comment": "[removed]", "title_sentiment": {"neg": 0.0, "neu": 0.851, "pos": 0.149, "compound": 0.2732}, "description_sentiment": {"neg": 0.0, "neu": 0.0, "pos": 0.0, "compound": 0.0}, "comment_sentiment": {"neg": 0.0, "neu": 1.0, "pos": 0.0, "compound": 0.0}, "title_keywords": {"Trump": 1, "PAC": 1, "Creates": 1, "'Biden-Mart": 1, "Grocery": 1, "Store": 1, "Shows": 1, "Mind-Blowing": 1, "Price": 1, "Hikes": 1}, "description_keywords": {}, "comment_keywords": {"[": 1, "]": 1}}, {"title": "Kennedy Eyes Libertarian Lifeline in Ballot Battle Bonanza", "description": "As someone who considers himself a libertarian conservative, I\u2019m not sure what benefit the libertarian party sees ( other than using RFK as a place holder since it doesn\u2019t have its own candidate this year) in giving it\u2019s election spot to a candidate who has just chosen an extreme Leftist who is opposed to almost everything true libertarians stand for!??\n\nThis makes little sense.\n\nAs a libertarian\u2026I will never support a ticket with a hard core leftist on it!!\n\nThese almost guarantees that RFK pulls a LOT more votes from Biden than Trump.", "comment": "RFK is not right-leaning or libertarian at all\u2026 what on earth?", "title_sentiment": {"neg": 0.248, "neu": 0.571, "pos": 0.181, "compound": -0.1779}, "description_sentiment": {"neg": 0.096, "neu": 0.774, "pos": 0.131, "compound": 0.6591}, "comment_sentiment": {"neg": 0.143, "neu": 0.857, "pos": 0.0, "compound": -0.1695}, "title_keywords": {"Kennedy": 1, "Eyes": 1, "Libertarian": 1, "Lifeline": 1, "Ballot": 1, "Battle": 1, "Bonanza": 1}, "description_keywords": {"someone": 1, "libertarian": 2, "conservative": 1, "party": 1, "sees": 1, "other": 1, "RFK": 2, "place": 1, "holder": 1, "\u2019": 2, "t": 1, "own": 1, "candidate": 2, "year": 1, "s": 1, "election": 1, "spot": 1, "extreme": 1, "Leftist": 1, "everything": 1, "true": 1, "libertarians": 1, "little": 1, "sense": 1, "libertarian\u2026I": 1, "ticket": 1, "hard": 1, "core": 1, "leftist": 1, "guarantees": 1, "LOT": 1, "more": 1, "votes": 1, "Biden": 1, "Trump": 1}, "comment_keywords": {"RFK": 1, "right-leaning": 1, "libertarian": 1, "all\u2026": 1, "earth": 1}}, {"title": "Kennedy Eyes Libertarian Lifeline in Ballot Battle Bonanza", "description": "As someone who considers himself a libertarian conservative, I\u2019m not sure what benefit the libertarian party sees ( other than using RFK as a place holder since it doesn\u2019t have its own candidate this year) in giving it\u2019s election spot to a candidate who has just chosen an extreme Leftist who is opposed to almost everything true libertarians stand for!??\n\nThis makes little sense.\n\nAs a libertarian\u2026I will never support a ticket with a hard core leftist on it!!\n\nThese almost guarantees that RFK pulls a LOT more votes from Biden than Trump.", "comment": "His VP pick was the obvious attempt to attract more left wing voters and/or repel more right, while the libertarian party is less of a sure thing and seems more a means of getting more support since he may struggle to end up on enough ballots otherwise.\n\nLibertarians are quite repulsive to pro welfare state economically left, but they have some appeal to socially liberal left and certain single issue voters like the pro gun and/or legal weed crowds.\n\nAt the same time, they appeal to the economically right who aren't socially conservative. But... Trump himself fits that bill to an extent. He is not remotely plausible as a compassionate/Christian social conservative, and his foreign policy leans isolationist as is often preferred by libertarians.\n\nI'm not sure how many of each type there are and to what extent they lean dem/rep this election, but we'd need some sense of that to judge how this influence the votes RFK pulls.\n\nGenerally it seems like third parties tend to favor Republicans by pulling from democrats, but it's harder to say with libertarians specifically.", "title_sentiment": {"neg": 0.248, "neu": 0.571, "pos": 0.181, "compound": -0.1779}, "description_sentiment": {"neg": 0.096, "neu": 0.774, "pos": 0.131, "compound": 0.6591}, "comment_sentiment": {"neg": 0.024, "neu": 0.803, "pos": 0.173, "compound": 0.971}, "title_keywords": {"Kennedy": 1, "Eyes": 1, "Libertarian": 1, "Lifeline": 1, "Ballot": 1, "Battle": 1, "Bonanza": 1}, "description_keywords": {"someone": 1, "libertarian": 2, "conservative": 1, "party": 1, "sees": 1, "other": 1, "RFK": 2, "place": 1, "holder": 1, "\u2019": 2, "t": 1, "own": 1, "candidate": 2, "year": 1, "s": 1, "election": 1, "spot": 1, "extreme": 1, "Leftist": 1, "everything": 1, "true": 1, "libertarians": 1, "little": 1, "sense": 1, "libertarian\u2026I": 1, "ticket": 1, "hard": 1, "core": 1, "leftist": 1, "guarantees": 1, "LOT": 1, "more": 1, "votes": 1, "Biden": 1, "Trump": 1}, "comment_keywords": {"VP": 1, "pick": 1, "obvious": 1, "attempt": 1, "more": 3, "left": 2, "wing": 1, "voters": 2, "right": 2, "libertarian": 1, "party": 1, "less": 1, "sure": 2, "thing": 1, "means": 1, "support": 1, "enough": 1, "ballots": 1, "Libertarians": 1, "repulsive": 1, "welfare": 1, "state": 1, "appeal": 1, "liberal": 1, "certain": 1, "single": 1, "issue": 1, "pro": 1, "gun": 1, "and/or": 1, "legal": 1, "weed": 1, "crowds": 1, "same": 1, "time": 1, "conservative": 2, "Trump": 1, "bill": 1, "extent": 2, "plausible": 1, "compassionate/Christian": 1, "social": 1, "foreign": 1, "policy": 1, "leans": 1, "libertarians": 2, "many": 1, "type": 1, "election": 1, "sense": 1, "influence": 1, "votes": 1, "RFK": 1, "pulls": 1, "third": 1, "parties": 1, "Republicans": 1, "democrats": 1, "harder": 1}}, {"title": "Hope everyone had a great Easter! ", "description": "", "comment": "Is that the bunny talking \u2026or the old guy?\n\nI admit\u2026.it\u2019s hard to believe that old guy is for real \u2026or just a propped up corpse from Weekend at Bernie\u2019s.", "title_sentiment": {"neg": 0.0, "neu": 0.291, "pos": 0.709, "compound": 0.807}, "description_sentiment": {"neg": 0.0, "neu": 0.0, "pos": 0.0, "compound": 0.0}, "comment_sentiment": {"neg": 0.164, "neu": 0.836, "pos": 0.0, "compound": -0.6249}, "title_keywords": {"Hope": 1, "everyone": 1, "great": 1, "Easter": 1}, "description_keywords": {}, "comment_keywords": {"bunny": 1, "old": 2, "guy": 2, "\u2019": 2, "hard": 1, "real": 1, "\u2026or": 1, "corpse": 1, "Weekend": 1, "Bernie": 1, "s": 1}}, {"title": "Hope everyone had a great Easter! ", "description": "", "comment": "Come on man, Joe just needs some directions.", "title_sentiment": {"neg": 0.0, "neu": 0.291, "pos": 0.709, "compound": 0.807}, "description_sentiment": {"neg": 0.0, "neu": 0.0, "pos": 0.0, "compound": 0.0}, "comment_sentiment": {"neg": 0.0, "neu": 1.0, "pos": 0.0, "compound": 0.0}, "title_keywords": {"Hope": 1, "everyone": 1, "great": 1, "Easter": 1}, "description_keywords": {}, "comment_keywords": {"Come": 1, "man": 1, "Joe": 1, "directions": 1}}, {"title": "Border Agents Caught on Camera Telling Migrants They\u2019re \u201cFree to Go, and Free to Travel Wherever They Want.\u201d", "description": "", "comment": "Sooo, they're actively participating in the destruction of the American way of life by allowing these criminals into our country?", "title_sentiment": {"neg": 0.0, "neu": 0.837, "pos": 0.163, "compound": 0.5106}, "description_sentiment": {"neg": 0.0, "neu": 0.0, "pos": 0.0, "compound": 0.0}, "comment_sentiment": {"neg": 0.277, "neu": 0.637, "pos": 0.086, "compound": -0.7269}, "title_keywords": {"Border": 1, "Agents": 1, "Camera": 1, "Migrants": 1, "re": 1, "\u201c": 1, "Free": 2, "Wherever": 1}, "description_keywords": {}, "comment_keywords": {"Sooo": 1, "destruction": 1, "American": 1, "way": 1, "life": 1, "criminals": 1, "country": 1}}, {"title": "Border Agents Caught on Camera Telling Migrants They\u2019re \u201cFree to Go, and Free to Travel Wherever They Want.\u201d", "description": "", "comment": "I support law enforcement but when you sit by and enable this you\u2019re just as bad as the Big Man himself.", "title_sentiment": {"neg": 0.0, "neu": 0.837, "pos": 0.163, "compound": 0.5106}, "description_sentiment": {"neg": 0.0, "neu": 0.0, "pos": 0.0, "compound": 0.0}, "comment_sentiment": {"neg": 0.193, "neu": 0.732, "pos": 0.075, "compound": -0.5994}, "title_keywords": {"Border": 1, "Agents": 1, "Camera": 1, "Migrants": 1, "re": 1, "\u201c": 1, "Free": 2, "Wherever": 1}, "description_keywords": {}, "comment_keywords": {"law": 1, "enforcement": 1, "bad": 1, "Big": 1, "Man": 1}}, {"title": "Border Agents Caught on Camera Telling Migrants They\u2019re \u201cFree to Go, and Free to Travel Wherever They Want.\u201d", "description": "", "comment": "That's nice of them", "title_sentiment": {"neg": 0.0, "neu": 0.837, "pos": 0.163, "compound": 0.5106}, "description_sentiment": {"neg": 0.0, "neu": 0.0, "pos": 0.0, "compound": 0.0}, "comment_sentiment": {"neg": 0.0, "neu": 0.517, "pos": 0.483, "compound": 0.4215}, "title_keywords": {"Border": 1, "Agents": 1, "Camera": 1, "Migrants": 1, "re": 1, "\u201c": 1, "Free": 2, "Wherever": 1}, "description_keywords": {}, "comment_keywords": {"nice": 1}}, {"title": "Border Agents Caught on Camera Telling Migrants They\u2019re \u201cFree to Go, and Free to Travel Wherever They Want.\u201d", "description": "", "comment": "Christ, this is an embarrassment and a disgrace to the USA.", "title_sentiment": {"neg": 0.0, "neu": 0.837, "pos": 0.163, "compound": 0.5106}, "description_sentiment": {"neg": 0.0, "neu": 0.0, "pos": 0.0, "compound": 0.0}, "comment_sentiment": {"neg": 0.433, "neu": 0.567, "pos": 0.0, "compound": -0.7269}, "title_keywords": {"Border": 1, "Agents": 1, "Camera": 1, "Migrants": 1, "re": 1, "\u201c": 1, "Free": 2, "Wherever": 1}, "description_keywords": {}, "comment_keywords": {"Christ": 1, "embarrassment": 1, "disgrace": 1, "USA": 1}}, {"title": "Welfare Migrant: \"I'm rich and you're miserable\" (Fox News)", "description": "", "comment": "Is it really crazy to advocate for welfare chauvinism here? Even if you disagree with welfare, at the very least it should be restricted to the documented residents who need it.", "title_sentiment": {"neg": 0.232, "neu": 0.507, "pos": 0.261, "compound": 0.1027}, "description_sentiment": {"neg": 0.0, "neu": 0.0, "pos": 0.0, "compound": 0.0}, "comment_sentiment": {"neg": 0.22, "neu": 0.78, "pos": 0.0, "compound": -0.7841}, "title_keywords": {"Welfare": 1, "Migrant": 1, "rich": 1, "miserable": 1, "Fox": 1, "News": 1}, "description_keywords": {}, "comment_keywords": {"welfare": 2, "chauvinism": 1, "least": 1, "documented": 1, "residents": 1}}, {"title": "Welfare Migrant: \"I'm rich and you're miserable\" (Fox News)", "description": "", "comment": "More diversity should reach diversity loving places like NYC, Chicago, Denver or Martha's Vineyard.", "title_sentiment": {"neg": 0.232, "neu": 0.507, "pos": 0.261, "compound": 0.1027}, "description_sentiment": {"neg": 0.0, "neu": 0.0, "pos": 0.0, "compound": 0.0}, "comment_sentiment": {"neg": 0.0, "neu": 0.586, "pos": 0.414, "compound": 0.7759}, "title_keywords": {"Welfare": 1, "Migrant": 1, "rich": 1, "miserable": 1, "Fox": 1, "News": 1}, "description_keywords": {}, "comment_keywords": {"More": 1, "diversity": 2, "places": 1, "NYC": 1, "Chicago": 1, "Denver": 1, "Martha": 1, "Vineyard": 1}}, {"title": "Donald Trump\u2019s Road to Victory | There are about seven months until Election Day, but right now, Donald Trump\u2019s road to victory in the 2024 presidential race looks surprisingly smooth.", "description": "", "comment": "[deleted]", "title_sentiment": {"neg": 0.0, "neu": 0.909, "pos": 0.091, "compound": 0.4215}, "description_sentiment": {"neg": 0.0, "neu": 0.0, "pos": 0.0, "compound": 0.0}, "comment_sentiment": {"neg": 0.0, "neu": 1.0, "pos": 0.0, "compound": 0.0}, "title_keywords": {"Donald": 2, "Trump": 2, "\u2019": 2, "Road": 1, "Victory": 1, "|": 1, "months": 1, "Election": 1, "Day": 1, "road": 1, "victory": 1, "presidential": 1, "race": 1, "smooth": 1}, "description_keywords": {}, "comment_keywords": {"]": 1}}, {"title": "Donald Trump\u2019s Road to Victory | There are about seven months until Election Day, but right now, Donald Trump\u2019s road to victory in the 2024 presidential race looks surprisingly smooth.", "description": "", "comment": "Republicans have lost a lot of special elections since 2022.  Don't count your chickens before they hatch.\n\nVote.\n\nFundraise, get out the vote, ballot harvest, vote by mail.\n\nVote.", "title_sentiment": {"neg": 0.0, "neu": 0.909, "pos": 0.091, "compound": 0.4215}, "description_sentiment": {"neg": 0.0, "neu": 0.0, "pos": 0.0, "compound": 0.0}, "comment_sentiment": {"neg": 0.074, "neu": 0.839, "pos": 0.087, "compound": 0.1027}, "title_keywords": {"Donald": 2, "Trump": 2, "\u2019": 2, "Road": 1, "Victory": 1, "|": 1, "months": 1, "Election": 1, "Day": 1, "road": 1, "victory": 1, "presidential": 1, "race": 1, "smooth": 1}, "description_keywords": {}, "comment_keywords": {"Republicans": 1, "lot": 1, "special": 1, "elections": 1, "chickens": 1, "Vote": 2, "Fundraise": 1, "vote": 2, "ballot": 1, "harvest": 1, "mail": 1}}, {"title": "A top official in Denver was just caught on tape begging illegals to leave the city", "description": "", "comment": "Pretty amusing how he\u2019s trying to convince them to go to NY or Chicago. They don\u2019t want them either.\n\nWhat a mess this is. I feel bad for the people involved but they shouldn\u2019t have been allowed over the border in the first place.", "title_sentiment": {"neg": 0.075, "neu": 0.812, "pos": 0.113, "compound": 0.1531}, "description_sentiment": {"neg": 0.0, "neu": 0.0, "pos": 0.0, "compound": 0.0}, "comment_sentiment": {"neg": 0.086, "neu": 0.773, "pos": 0.141, "compound": 0.1406}, "title_keywords": {"top": 1, "official": 1, "Denver": 1, "tape": 1, "illegals": 1, "city": 1}, "description_keywords": {}, "comment_keywords": {"s": 1, "NY": 1, "Chicago": 1, "\u2019": 2, "t": 2, "mess": 1, "bad": 1, "people": 1, "border": 1, "first": 1, "place": 1}}, {"title": "A top official in Denver was just caught on tape begging illegals to leave the city", "description": "", "comment": "Pretty easy to flex on republicans and declare yourself a sanctuary city when you\u2019re hundreds of miles from a border, huh?", "title_sentiment": {"neg": 0.075, "neu": 0.812, "pos": 0.113, "compound": 0.1531}, "description_sentiment": {"neg": 0.0, "neu": 0.0, "pos": 0.0, "compound": 0.0}, "comment_sentiment": {"neg": 0.0, "neu": 0.736, "pos": 0.264, "compound": 0.7269}, "title_keywords": {"top": 1, "official": 1, "Denver": 1, "tape": 1, "illegals": 1, "city": 1}, "description_keywords": {}, "comment_keywords": {"easy": 1, "republicans": 1, "sanctuary": 1, "city": 1, "re": 1, "hundreds": 1, "miles": 1, "border": 1, "huh": 1}}, {"title": "A top official in Denver was just caught on tape begging illegals to leave the city", "description": "", "comment": "This the Escape from New York origin story.", "title_sentiment": {"neg": 0.075, "neu": 0.812, "pos": 0.113, "compound": 0.1531}, "description_sentiment": {"neg": 0.0, "neu": 0.0, "pos": 0.0, "compound": 0.0}, "comment_sentiment": {"neg": 0.0, "neu": 0.805, "pos": 0.195, "compound": 0.1779}, "title_keywords": {"top": 1, "official": 1, "Denver": 1, "tape": 1, "illegals": 1, "city": 1}, "description_keywords": {}, "comment_keywords": {"Escape": 1, "New": 1, "York": 1, "origin": 1, "story": 1}}, {"title": "Hmmm, A top official in Denver was just caught on tape begging illegals to leave the city: \"Any city. We can take you to the Canadian border, wherever.\"", "description": "", "comment": "Oh and the Gov. of Texas is the bad man for sending them to other states.", "title_sentiment": {"neg": 0.043, "neu": 0.893, "pos": 0.064, "compound": 0.1531}, "description_sentiment": {"neg": 0.0, "neu": 0.0, "pos": 0.0, "compound": 0.0}, "comment_sentiment": {"neg": 0.189, "neu": 0.811, "pos": 0.0, "compound": -0.5423}, "title_keywords": {"Hmmm": 1, "A": 1, "top": 1, "official": 1, "Denver": 1, "tape": 1, "illegals": 1, "city": 2, "Canadian": 1, "border": 1, "wherever": 1}, "description_keywords": {}, "comment_keywords": {"Gov": 1, "Texas": 1, "bad": 1, "man": 1, "other": 1, "states": 1}}, {"title": "Hmmm, A top official in Denver was just caught on tape begging illegals to leave the city: \"Any city. We can take you to the Canadian border, wherever.\"", "description": "", "comment": "Governor Abbott is a visionary.", "title_sentiment": {"neg": 0.043, "neu": 0.893, "pos": 0.064, "compound": 0.1531}, "description_sentiment": {"neg": 0.0, "neu": 0.0, "pos": 0.0, "compound": 0.0}, "comment_sentiment": {"neg": 0.0, "neu": 0.469, "pos": 0.531, "compound": 0.5267}, "title_keywords": {"Hmmm": 1, "A": 1, "top": 1, "official": 1, "Denver": 1, "tape": 1, "illegals": 1, "city": 2, "Canadian": 1, "border": 1, "wherever": 1}, "description_keywords": {}, "comment_keywords": {"Governor": 1, "Abbott": 1, "visionary": 1}}, {"title": "Hmmm, A top official in Denver was just caught on tape begging illegals to leave the city: \"Any city. We can take you to the Canadian border, wherever.\"", "description": "", "comment": "Denver seems like one of the first big blue cities that is realizing how much of a problem this is, but they're trying to be low key with the realization so they don't lose left wing street cred.\u00a0", "title_sentiment": {"neg": 0.043, "neu": 0.893, "pos": 0.064, "compound": 0.1531}, "description_sentiment": {"neg": 0.0, "neu": 0.0, "pos": 0.0, "compound": 0.0}, "comment_sentiment": {"neg": 0.106, "neu": 0.776, "pos": 0.118, "compound": 0.1362}, "title_keywords": {"Hmmm": 1, "A": 1, "top": 1, "official": 1, "Denver": 1, "tape": 1, "illegals": 1, "city": 2, "Canadian": 1, "border": 1, "wherever": 1}, "description_keywords": {}, "comment_keywords": {"first": 1, "big": 1, "blue": 1, "cities": 1, "much": 1, "problem": 1, "low": 1, "key": 1, "realization": 1, "left": 1, "street": 1}}]