[{"title": "The climate-denying, Trump loving religious states are getting destroyed by climate change.", "description": "", "comment": "Let\u2019s not ignore the plethora of other problems those states also have. Check out the infant and maternal mortality rate.", "title_sentiment": {"neg": 0.187, "neu": 0.585, "pos": 0.228, "compound": 0.1779}, "description_sentiment": {"neg": 0.0, "neu": 0.0, "pos": 0.0, "compound": 0.0}, "comment_sentiment": {"neg": 0.118, "neu": 0.789, "pos": 0.093, "compound": -0.1506}, "title_keywords": {"climate-denying": 1, "Trump": 1, "religious": 1, "states": 1, "climate": 1, "change": 1}, "description_keywords": {}, "comment_keywords": {"\u2019": 1, "plethora": 1, "other": 1, "problems": 1, "states": 1, "infant": 1, "maternal": 1, "mortality": 1, "rate": 1}}, {"title": "The climate-denying, Trump loving religious states are getting destroyed by climate change.", "description": "", "comment": "It\u2019s actually surprising even in the south that number is as high as it is. I feel like they\u2019re a solid 20-30 years behind the rest of the country.", "title_sentiment": {"neg": 0.187, "neu": 0.585, "pos": 0.228, "compound": 0.1779}, "description_sentiment": {"neg": 0.0, "neu": 0.0, "pos": 0.0, "compound": 0.0}, "comment_sentiment": {"neg": 0.0, "neu": 0.754, "pos": 0.246, "compound": 0.6705}, "title_keywords": {"climate-denying": 1, "Trump": 1, "religious": 1, "states": 1, "climate": 1, "change": 1}, "description_keywords": {}, "comment_keywords": {"s": 1, "surprising": 1, "south": 1, "number": 1, "high": 1, "solid": 1, "years": 1, "rest": 1, "country": 1}}, {"title": "The climate-denying, Trump loving religious states are getting destroyed by climate change.", "description": "", "comment": "Correction: we're all being harmed by climate change.", "title_sentiment": {"neg": 0.187, "neu": 0.585, "pos": 0.228, "compound": 0.1779}, "description_sentiment": {"neg": 0.0, "neu": 0.0, "pos": 0.0, "compound": 0.0}, "comment_sentiment": {"neg": 0.307, "neu": 0.693, "pos": 0.0, "compound": -0.4767}, "title_keywords": {"climate-denying": 1, "Trump": 1, "religious": 1, "states": 1, "climate": 1, "change": 1}, "description_keywords": {}, "comment_keywords": {"Correction": 1, "climate": 1, "change": 1}}, {"title": "The climate-denying, Trump loving religious states are getting destroyed by climate change.", "description": "", "comment": "This is why I don't want to move any further South than DC.", "title_sentiment": {"neg": 0.187, "neu": 0.585, "pos": 0.228, "compound": 0.1779}, "description_sentiment": {"neg": 0.0, "neu": 0.0, "pos": 0.0, "compound": 0.0}, "comment_sentiment": {"neg": 0.1, "neu": 0.9, "pos": 0.0, "compound": -0.0572}, "title_keywords": {"climate-denying": 1, "Trump": 1, "religious": 1, "states": 1, "climate": 1, "change": 1}, "description_keywords": {}, "comment_keywords": {"further": 1, "South": 1, "DC": 1}}, {"title": "Fractures in the Grand Alliance between Black and Jewish Americans", "description": "[deleted]", "comment": "Such a shame, two peoples who have a lot in common and most definitely should be friends not foes.\n\nIf the KKK and Nazis had their way, both groups would be in danger.  Natural allies.", "title_sentiment": {"neg": 0.0, "neu": 0.75, "pos": 0.25, "compound": 0.4588}, "description_sentiment": {"neg": 0.0, "neu": 1.0, "pos": 0.0, "compound": 0.0}, "comment_sentiment": {"neg": 0.146, "neu": 0.606, "pos": 0.248, "compound": 0.5534}, "title_keywords": {"Fractures": 1, "Grand": 1, "Alliance": 1, "Black": 1, "Jewish": 1, "Americans": 1}, "description_keywords": {"]": 1}, "comment_keywords": {"Such": 1, "shame": 1, "peoples": 1, "lot": 1, "common": 1, "most": 1, "friends": 1, "foes": 1, "KKK": 1, "Nazis": 1, "way": 1, "groups": 1, "danger": 1, "Natural": 1, "allies": 1}}, {"title": "Trump Meets Reality", "description": "I will have my satisfaction.", "comment": "I have my doubts\n\nThe courts have done everything to appease trump. It's utterly ridiculous the amount of special treatment he gets\n\nGets a discount on his bond and the NY appellate court gives no reason, is able to violate a gag order on a daily basis with no consequences. I have no confidence in this justice system and i won't be surprised if they go out of their way to lessen trump's punishment if found guilty.", "title_sentiment": {"neg": 0.0, "neu": 1.0, "pos": 0.0, "compound": 0.0}, "description_sentiment": {"neg": 0.0, "neu": 0.508, "pos": 0.492, "compound": 0.4404}, "comment_sentiment": {"neg": 0.266, "neu": 0.611, "pos": 0.123, "compound": -0.8849}, "title_keywords": {"Trump": 1, "Meets": 1, "Reality": 1}, "description_keywords": {"satisfaction": 1}, "comment_keywords": {"doubts": 1, "courts": 1, "everything": 1, "trump": 2, "ridiculous": 1, "amount": 1, "special": 1, "treatment": 1, "discount": 1, "bond": 1, "NY": 1, "appellate": 1, "court": 1, "reason": 1, "able": 1, "gag": 1, "order": 1, "daily": 1, "basis": 1, "consequences": 1, "confidence": 1, "justice": 1, "system": 1, "i": 1, "way": 1, "punishment": 1, "guilty": 1}}, {"title": "Trump Meets Reality", "description": "I will have my satisfaction.", "comment": "Make it snappy.\nShit is played out now.", "title_sentiment": {"neg": 0.0, "neu": 1.0, "pos": 0.0, "compound": 0.0}, "description_sentiment": {"neg": 0.0, "neu": 0.508, "pos": 0.492, "compound": 0.4404}, "comment_sentiment": {"neg": 0.3, "neu": 0.5, "pos": 0.2, "compound": -0.296}, "title_keywords": {"Trump": 1, "Meets": 1, "Reality": 1}, "description_keywords": {"satisfaction": 1}, "comment_keywords": {"snappy": 1, "Shit": 1}}, {"title": "Trump Meets Reality", "description": "I will have my satisfaction.", "comment": "Several years too late, but OK.", "title_sentiment": {"neg": 0.0, "neu": 1.0, "pos": 0.0, "compound": 0.0}, "description_sentiment": {"neg": 0.0, "neu": 0.508, "pos": 0.492, "compound": 0.4404}, "comment_sentiment": {"neg": 0.0, "neu": 0.562, "pos": 0.438, "compound": 0.5993}, "title_keywords": {"Trump": 1, "Meets": 1, "Reality": 1}, "description_keywords": {"satisfaction": 1}, "comment_keywords": {"Several": 1, "years": 1, "OK": 1}}, {"title": "Trump Meets Reality", "description": "I will have my satisfaction.", "comment": "The harsh reality is, we will have to make sure he can never be near the oval ever again.", "title_sentiment": {"neg": 0.0, "neu": 1.0, "pos": 0.0, "compound": 0.0}, "description_sentiment": {"neg": 0.0, "neu": 0.508, "pos": 0.492, "compound": 0.4404}, "comment_sentiment": {"neg": 0.131, "neu": 0.766, "pos": 0.104, "compound": -0.1531}, "title_keywords": {"Trump": 1, "Meets": 1, "Reality": 1}, "description_keywords": {"satisfaction": 1}, "comment_keywords": {"harsh": 1, "reality": 1, "sure": 1, "oval": 1}}, {"title": "\u201cToday, we show millions of transgender and nonbinary Americans that we see them, they belong, and they should be treated with dignity and respect.\u201d \u2013 President Biden", "description": "", "comment": "Hell ya. That's my president", "title_sentiment": {"neg": 0.0, "neu": 0.903, "pos": 0.097, "compound": 0.4019}, "description_sentiment": {"neg": 0.0, "neu": 0.0, "pos": 0.0, "compound": 0.0}, "comment_sentiment": {"neg": 0.535, "neu": 0.465, "pos": 0.0, "compound": -0.6808}, "title_keywords": {"\u201c": 1, "Today": 1, "millions": 1, "transgender": 1, "nonbinary": 1, "Americans": 1, "dignity": 1, "respect.": 1, "\u201d": 1, "\u2013": 1, "President": 1, "Biden": 1}, "description_keywords": {}, "comment_keywords": {"Hell": 1, "president": 1}}, {"title": "\u201cToday, we show millions of transgender and nonbinary Americans that we see them, they belong, and they should be treated with dignity and respect.\u201d \u2013 President Biden", "description": "", "comment": "Heck, yes, all people do have value, regardless of a birth difference.", "title_sentiment": {"neg": 0.0, "neu": 0.903, "pos": 0.097, "compound": 0.4019}, "description_sentiment": {"neg": 0.0, "neu": 0.0, "pos": 0.0, "compound": 0.0}, "comment_sentiment": {"neg": 0.0, "neu": 0.638, "pos": 0.362, "compound": 0.6249}, "title_keywords": {"\u201c": 1, "Today": 1, "millions": 1, "transgender": 1, "nonbinary": 1, "Americans": 1, "dignity": 1, "respect.": 1, "\u201d": 1, "\u2013": 1, "President": 1, "Biden": 1}, "description_keywords": {}, "comment_keywords": {"Heck": 1, "people": 1, "value": 1, "birth": 1, "difference": 1}}, {"title": "\u201cToday, we show millions of transgender and nonbinary Americans that we see them, they belong, and they should be treated with dignity and respect.\u201d \u2013 President Biden", "description": "", "comment": "Makes me so happy he\u2019s our president", "title_sentiment": {"neg": 0.0, "neu": 0.903, "pos": 0.097, "compound": 0.4019}, "description_sentiment": {"neg": 0.0, "neu": 0.0, "pos": 0.0, "compound": 0.0}, "comment_sentiment": {"neg": 0.0, "neu": 0.559, "pos": 0.441, "compound": 0.6948}, "title_keywords": {"\u201c": 1, "Today": 1, "millions": 1, "transgender": 1, "nonbinary": 1, "Americans": 1, "dignity": 1, "respect.": 1, "\u201d": 1, "\u2013": 1, "President": 1, "Biden": 1}, "description_keywords": {}, "comment_keywords": {"Makes": 1, "happy": 1, "s": 1, "president": 1}}, {"title": "\u201cToday, we show millions of transgender and nonbinary Americans that we see them, they belong, and they should be treated with dignity and respect.\u201d \u2013 President Biden", "description": "", "comment": "Why can't these so called \"Freedom Loving\", \"Small Government\", \"Don't Tread On Me\" **hippo-crits** just \"Live and Let Live\"? \n\nThere just friggin bullies!", "title_sentiment": {"neg": 0.0, "neu": 0.903, "pos": 0.097, "compound": 0.4019}, "description_sentiment": {"neg": 0.0, "neu": 0.0, "pos": 0.0, "compound": 0.0}, "comment_sentiment": {"neg": 0.0, "neu": 0.822, "pos": 0.178, "compound": 0.6975}, "title_keywords": {"\u201c": 1, "Today": 1, "millions": 1, "transgender": 1, "nonbinary": 1, "Americans": 1, "dignity": 1, "respect.": 1, "\u201d": 1, "\u2013": 1, "President": 1, "Biden": 1}, "description_keywords": {}, "comment_keywords": {"Freedom": 1, "Loving": 1, "Small": 1, "Government": 1, "Me": 1, "*": 3, "hippo-crits": 1, "Live": 2, "bullies": 1}}, {"title": "Republican admits impeachment probe hasn't found any crime by Joe Biden", "description": "", "comment": "How much money has been spent on this already??", "title_sentiment": {"neg": 0.0, "neu": 0.641, "pos": 0.359, "compound": 0.6187}, "description_sentiment": {"neg": 0.0, "neu": 0.0, "pos": 0.0, "compound": 0.0}, "comment_sentiment": {"neg": 0.0, "neu": 1.0, "pos": 0.0, "compound": 0.0}, "title_keywords": {"Republican": 1, "admits": 1, "impeachment": 1, "probe": 1, "crime": 1, "Joe": 1, "Biden": 1}, "description_keywords": {}, "comment_keywords": {"much": 1, "money": 1}}, {"title": "Republican admits impeachment probe hasn't found any crime by Joe Biden", "description": "", "comment": "\u201cLittle girl admits she didn\u2019t find any pixies in the garden\u201d.    \n    \nYeah no shit.", "title_sentiment": {"neg": 0.0, "neu": 0.641, "pos": 0.359, "compound": 0.6187}, "description_sentiment": {"neg": 0.0, "neu": 0.0, "pos": 0.0, "compound": 0.0}, "comment_sentiment": {"neg": 0.287, "neu": 0.495, "pos": 0.218, "compound": -0.34}, "title_keywords": {"Republican": 1, "admits": 1, "impeachment": 1, "probe": 1, "crime": 1, "Joe": 1, "Biden": 1}, "description_keywords": {}, "comment_keywords": {"\u201c": 1, "Little": 1, "girl": 1, "\u2019": 1, "t": 1, "pixies": 1, "garden": 1, "\u201d": 1, "shit": 1}}, {"title": "Republican admits impeachment probe hasn't found any crime by Joe Biden", "description": "", "comment": "Duh.  Anyone with half a brain knew this was a waste of time and tax payer money and was based on a complete lie.\nVote blue and end this pathetic rapist and his backwards party", "title_sentiment": {"neg": 0.0, "neu": 0.641, "pos": 0.359, "compound": 0.6187}, "description_sentiment": {"neg": 0.0, "neu": 0.0, "pos": 0.0, "compound": 0.0}, "comment_sentiment": {"neg": 0.282, "neu": 0.655, "pos": 0.063, "compound": -0.8853}, "title_keywords": {"Republican": 1, "admits": 1, "impeachment": 1, "probe": 1, "crime": 1, "Joe": 1, "Biden": 1}, "description_keywords": {}, "comment_keywords": {"Duh": 1, "Anyone": 1, "brain": 1, "waste": 1, "time": 1, "tax": 1, "payer": 1, "money": 1, "complete": 1, "lie": 1, "Vote": 1, "blue": 1, "pathetic": 1, "rapist": 1, "backwards": 1, "party": 1}}, {"title": "Republican admits impeachment probe hasn't found any crime by Joe Biden", "description": "", "comment": "They tried to \u201cmanifest\u201d their feelings and nothing happened.", "title_sentiment": {"neg": 0.0, "neu": 0.641, "pos": 0.359, "compound": 0.6187}, "description_sentiment": {"neg": 0.0, "neu": 0.0, "pos": 0.0, "compound": 0.0}, "comment_sentiment": {"neg": 0.0, "neu": 1.0, "pos": 0.0, "compound": 0.0}, "title_keywords": {"Republican": 1, "admits": 1, "impeachment": 1, "probe": 1, "crime": 1, "Joe": 1, "Biden": 1}, "description_keywords": {}, "comment_keywords": {"manifest": 1, "feelings": 1, "nothing": 1}}, {"title": "Republican admits impeachment probe hasn't found any crime by Joe Biden", "description": "", "comment": "\"Republican admits GOP does NOTHING except waste time and money with frivolous bullshit.\"\n\nFixed it for you.", "title_sentiment": {"neg": 0.0, "neu": 0.641, "pos": 0.359, "compound": 0.6187}, "description_sentiment": {"neg": 0.0, "neu": 0.0, "pos": 0.0, "compound": 0.0}, "comment_sentiment": {"neg": 0.0, "neu": 0.768, "pos": 0.232, "compound": 0.5472}, "title_keywords": {"Republican": 1, "admits": 1, "impeachment": 1, "probe": 1, "crime": 1, "Joe": 1, "Biden": 1}, "description_keywords": {}, "comment_keywords": {"Republican": 1, "admits": 1, "GOP": 1, "NOTHING": 1, "waste": 1, "time": 1, "money": 1, "frivolous": 1, "bullshit": 1}}, {"title": "\u2018Bullies\u2019: Biden effigy showcases a Johnson County Republican Party shaped by Trump era", "description": "", "comment": "Depicting Biden bound and gagged in the back of a truck combined with what is posted in this article can only lead to one conclusion.  They are prepping the horde for that \"blood bath\" tRump is calling for.", "title_sentiment": {"neg": 0.0, "neu": 0.803, "pos": 0.197, "compound": 0.4019}, "description_sentiment": {"neg": 0.0, "neu": 0.0, "pos": 0.0, "compound": 0.0}, "comment_sentiment": {"neg": 0.06, "neu": 0.94, "pos": 0.0, "compound": -0.3182}, "title_keywords": {"\u2018": 1, "Bullies": 1, "Biden": 1, "Johnson": 1, "County": 1, "Republican": 1, "Party": 1, "Trump": 1, "era": 1}, "description_keywords": {}, "comment_keywords": {"Biden": 1, "bound": 1, "back": 1, "truck": 1, "article": 1, "conclusion": 1, "horde": 1, "blood": 1, "bath": 1, "tRump": 1}}, {"title": "\u2018Bullies\u2019: Biden effigy showcases a Johnson County Republican Party shaped by Trump era", "description": "", "comment": "How about we steal  the golden false god statue of Trump ( Google it) they all kneel in front of and all piss on it .", "title_sentiment": {"neg": 0.0, "neu": 0.803, "pos": 0.197, "compound": 0.4019}, "description_sentiment": {"neg": 0.0, "neu": 0.0, "pos": 0.0, "compound": 0.0}, "comment_sentiment": {"neg": 0.203, "neu": 0.724, "pos": 0.072, "compound": -0.5859}, "title_keywords": {"\u2018": 1, "Bullies": 1, "Biden": 1, "Johnson": 1, "County": 1, "Republican": 1, "Party": 1, "Trump": 1, "era": 1}, "description_keywords": {}, "comment_keywords": {"golden": 1, "false": 1, "god": 1, "statue": 1, "Trump": 1, "Google": 1, "front": 1}}, {"title": "\u2018Bullies\u2019: Biden effigy showcases a Johnson County Republican Party shaped by Trump era", "description": "", "comment": "Someone needs to come up with one of trump in his depends...", "title_sentiment": {"neg": 0.0, "neu": 0.803, "pos": 0.197, "compound": 0.4019}, "description_sentiment": {"neg": 0.0, "neu": 0.0, "pos": 0.0, "compound": 0.0}, "comment_sentiment": {"neg": 0.0, "neu": 1.0, "pos": 0.0, "compound": 0.0}, "title_keywords": {"\u2018": 1, "Bullies": 1, "Biden": 1, "Johnson": 1, "County": 1, "Republican": 1, "Party": 1, "Trump": 1, "era": 1}, "description_keywords": {}, "comment_keywords": {"Someone": 1, "trump": 1, "depends": 1}}, {"title": "\u2018Bullies\u2019: Biden effigy showcases a Johnson County Republican Party shaped by Trump era", "description": "", "comment": "&gt; Party chairwoman Maria Holiday, declaring that as Republicans \u201cwe are better than this.\u201d\n\nI think she just has to admit that this is exactly who they are: Petty, vindictive, and violent.", "title_sentiment": {"neg": 0.0, "neu": 0.803, "pos": 0.197, "compound": 0.4019}, "description_sentiment": {"neg": 0.0, "neu": 0.0, "pos": 0.0, "compound": 0.0}, "comment_sentiment": {"neg": 0.14, "neu": 0.613, "pos": 0.248, "compound": 0.5267}, "title_keywords": {"\u2018": 1, "Bullies": 1, "Biden": 1, "Johnson": 1, "County": 1, "Republican": 1, "Party": 1, "Trump": 1, "era": 1}, "description_keywords": {}, "comment_keywords": {"gt": 1, "Party": 1, "chairwoman": 1, "Maria": 1, "Holiday": 1, "Republicans": 1, "better": 1, "this.": 1, "\u201d": 1, "Petty": 1, "vindictive": 1, "violent": 1}}, {"title": "Congressional Dems Flirt With Heading Off Supreme Court On Mifepristone", "description": "", "comment": "Excerpts:\n\n\n\nA Grim State of Affairs\n\nIt\u2019s a grim moment for election workers across the country. \n\n\n\nBut, in Maricopa County, Arizona specifically, ground zero for 2020 election misinformation and election worker violence, it\u2019s especially dark. In preparation for November, officials in the state\u2019s largest county have renovated the voting infrastructure in response to extensive violence and threats to workers. The county\u2019s tabulation center, said Maricopa County supervisor Bill Gates, now resembles \u201can encampment\u201d with permanent fencing, barricades, badge requirements to even enter the parking lot of the facility, and metal detectors for entrance into the building. \n\n\n\nThe measures are critical in order to avoid another what Gates describes as a \u201cLollapalooza for the Alt-right.\u201d\n\n\n\nCongressional Democrats Flirt With Heading Off Supreme Court On Mifepristone\n\nJustices Clarence Thomas and Samuel Alito laid the groundwork to a future challenge to abortion drug mifepristone, couched in Tuesday\u2019s arguments over the Food and Drug Administration\u2019s handling of the drug. \n\n\n\nThat original case was clearly dead in the water, its legal standing too dubious for even most of the bench\u2019s right wing to swallow. So Alito and Thomas started signaling to anti-abortion litigants that if they wanted to bring another case \u2014 challenging the legality of mailing mifepristone under the Comstock Act, a 19th century anti-vice law \u2014 they\u2019d be amenable.", "title_sentiment": {"neg": 0.0, "neu": 0.714, "pos": 0.286, "compound": 0.5574}, "description_sentiment": {"neg": 0.0, "neu": 0.0, "pos": 0.0, "compound": 0.0}, "comment_sentiment": {"neg": 0.165, "neu": 0.769, "pos": 0.066, "compound": -0.9811}, "title_keywords": {"Congressional": 1, "Dems": 1, "Flirt": 1, "Heading": 1, "Off": 1, "Supreme": 1, "Court": 1, "Mifepristone": 1}, "description_keywords": {}, "comment_keywords": {"Excerpts": 1, "Grim": 1, "State": 1, "Affairs": 1, "\u2019": 6, "grim": 1, "moment": 1, "election": 3, "workers": 2, "country": 1, "Maricopa": 2, "County": 2, "Arizona": 1, "ground": 1, "misinformation": 1, "worker": 1, "violence": 2, "s": 3, "dark": 1, "preparation": 1, "November": 1, "officials": 1, "state": 1, "largest": 1, "county": 2, "voting": 1, "infrastructure": 1, "response": 1, "extensive": 1, "threats": 1, "tabulation": 1, "center": 1, "supervisor": 1, "Bill": 1, "Gates": 1, "encampment": 1, "\u201d": 2, "permanent": 1, "fencing": 1, "barricades": 1, "badge": 1, "requirements": 1, "parking": 1, "lot": 1, "facility": 1, "metal": 1, "detectors": 1, "entrance": 1, "building": 1, "measures": 1, "critical": 1, "order": 1, "\u201c": 1, "Lollapalooza": 1, "Alt-right.": 1, "Congressional": 1, "Democrats": 1, "Flirt": 1, "Heading": 1, "Off": 1, "Supreme": 1, "Court": 1, "Mifepristone": 1, "Justices": 1, "Clarence": 1, "Thomas": 2, "Samuel": 1, "Alito": 2, "groundwork": 1, "future": 1, "challenge": 1, "abortion": 1, "drug": 2, "mifepristone": 2, "Tuesday": 1, "arguments": 1, "Food": 1, "Drug": 1, "Administration": 1, "handling": 1, "original": 1, "case": 2, "dead": 1, "water": 1, "legal": 1, "standing": 1, "dubious": 1, "most": 1, "bench": 1, "So": 1, "anti-abortion": 1, "litigants": 1, "legality": 1, "Comstock": 1, "Act": 1, "19th": 1, "century": 1, "anti-vice": 1, "law": 1, "\u2014": 1, "amenable": 1}}, {"title": "It must be defeated. Happy Easter", "description": "", "comment": "and selling bibles", "title_sentiment": {"neg": 0.287, "neu": 0.37, "pos": 0.343, "compound": 0.1531}, "description_sentiment": {"neg": 0.0, "neu": 0.0, "pos": 0.0, "compound": 0.0}, "comment_sentiment": {"neg": 0.0, "neu": 1.0, "pos": 0.0, "compound": 0.0}, "title_keywords": {"Happy": 1, "Easter": 1}, "description_keywords": {}, "comment_keywords": {"selling": 1, "bibles": 1}}, {"title": "It must be defeated. Happy Easter", "description": "", "comment": "Why does he look like Alec Baldwin?", "title_sentiment": {"neg": 0.287, "neu": 0.37, "pos": 0.343, "compound": 0.1531}, "description_sentiment": {"neg": 0.0, "neu": 0.0, "pos": 0.0, "compound": 0.0}, "comment_sentiment": {"neg": 0.0, "neu": 0.706, "pos": 0.294, "compound": 0.3612}, "title_keywords": {"Happy": 1, "Easter": 1}, "description_keywords": {}, "comment_keywords": {"Alec": 1, "Baldwin": 1}}, {"title": "It must be defeated. Happy Easter", "description": "", "comment": "Hitler also said he cared about Germany and was gonna return it to its former glory.  Fascists will always wrap their rhetoric in the flag of patriotism.", "title_sentiment": {"neg": 0.287, "neu": 0.37, "pos": 0.343, "compound": 0.1531}, "description_sentiment": {"neg": 0.0, "neu": 0.0, "pos": 0.0, "compound": 0.0}, "comment_sentiment": {"neg": 0.056, "neu": 0.748, "pos": 0.196, "compound": 0.6705}, "title_keywords": {"Happy": 1, "Easter": 1}, "description_keywords": {}, "comment_keywords": {"Hitler": 1, "Germany": 1, "former": 1, "glory": 1, "Fascists": 1, "rhetoric": 1, "flag": 1, "patriotism": 1}}, {"title": "It must be defeated. Happy Easter", "description": "", "comment": "So the Lord died for my sins , he must have put in overtime for this one", "title_sentiment": {"neg": 0.287, "neu": 0.37, "pos": 0.343, "compound": 0.1531}, "description_sentiment": {"neg": 0.0, "neu": 0.0, "pos": 0.0, "compound": 0.0}, "comment_sentiment": {"neg": 0.329, "neu": 0.671, "pos": 0.0, "compound": -0.7823}, "title_keywords": {"Happy": 1, "Easter": 1}, "description_keywords": {}, "comment_keywords": {"Lord": 1, "sins": 1, "overtime": 1}}, {"title": "It must be defeated. Happy Easter", "description": "", "comment": "It will be defeated, vote blue!", "title_sentiment": {"neg": 0.287, "neu": 0.37, "pos": 0.343, "compound": 0.1531}, "description_sentiment": {"neg": 0.0, "neu": 0.0, "pos": 0.0, "compound": 0.0}, "comment_sentiment": {"neg": 0.404, "neu": 0.596, "pos": 0.0, "compound": -0.5255}, "title_keywords": {"Happy": 1, "Easter": 1}, "description_keywords": {}, "comment_keywords": {"blue": 1}}]