[{"title": "Dark Money, GOP Turning New Hampshire into Florida, Texas of the North", "description": "", "comment": "Dark Money = Foreign Adversary Money!", "title_sentiment": {"neg": 0.0, "neu": 1.0, "pos": 0.0, "compound": 0.0}, "description_sentiment": {"neg": 0.0, "neu": 0.0, "pos": 0.0, "compound": 0.0}, "comment_sentiment": {"neg": 0.343, "neu": 0.657, "pos": 0.0, "compound": -0.2714}, "title_keywords": {"Dark": 1, "Money": 1, "GOP": 1, "Turning": 1, "New": 1, "Hampshire": 1, "Florida": 1, "Texas": 1, "North": 1}, "description_keywords": {}, "comment_keywords": {"Dark": 1, "Money": 2, "=": 1, "Foreign": 1, "Adversary": 1}}, {"title": "Texas \"G. O. Pee\" rule: 6 major airlines mandate women age 10-50 must now take airport pregnancy tests to board flights after anti-abortion vigilantes file suits", "description": "", "comment": "I friggin hate satire like this, even on April Fools, since this is the kind of thing that might really happen.", "title_sentiment": {"neg": 0.0, "neu": 1.0, "pos": 0.0, "compound": 0.0}, "description_sentiment": {"neg": 0.0, "neu": 0.0, "pos": 0.0, "compound": 0.0}, "comment_sentiment": {"neg": 0.267, "neu": 0.631, "pos": 0.103, "compound": -0.6629}, "title_keywords": {"Texas": 1, "G.": 1, "O.": 1, "Pee": 1, "rule": 1, "major": 1, "airlines": 1, "women": 1, "age": 1, "10-50": 1, "airport": 1, "pregnancy": 1, "tests": 1, "board": 1, "flights": 1, "anti-abortion": 1, "vigilantes": 1, "suits": 1}, "description_keywords": {}, "comment_keywords": {"hate": 1, "satire": 1, "April": 1, "Fools": 1, "kind": 1, "thing": 1}}, {"title": "Texas \"G. O. Pee\" rule: 6 major airlines mandate women age 10-50 must now take airport pregnancy tests to board flights after anti-abortion vigilantes file suits", "description": "", "comment": "Check the date, folks.\u00a0", "title_sentiment": {"neg": 0.0, "neu": 1.0, "pos": 0.0, "compound": 0.0}, "description_sentiment": {"neg": 0.0, "neu": 0.0, "pos": 0.0, "compound": 0.0}, "comment_sentiment": {"neg": 0.0, "neu": 1.0, "pos": 0.0, "compound": 0.0}, "title_keywords": {"Texas": 1, "G.": 1, "O.": 1, "Pee": 1, "rule": 1, "major": 1, "airlines": 1, "women": 1, "age": 1, "10-50": 1, "airport": 1, "pregnancy": 1, "tests": 1, "board": 1, "flights": 1, "anti-abortion": 1, "vigilantes": 1, "suits": 1}, "description_keywords": {}, "comment_keywords": {"date": 1, "folks": 1}}, {"title": "Texas \"G. O. Pee\" rule: 6 major airlines mandate women age 10-50 must now take airport pregnancy tests to board flights after anti-abortion vigilantes file suits", "description": "", "comment": "Don\u2019t. Give. Them. Ideas.", "title_sentiment": {"neg": 0.0, "neu": 1.0, "pos": 0.0, "compound": 0.0}, "description_sentiment": {"neg": 0.0, "neu": 0.0, "pos": 0.0, "compound": 0.0}, "comment_sentiment": {"neg": 0.0, "neu": 1.0, "pos": 0.0, "compound": 0.0}, "title_keywords": {"Texas": 1, "G.": 1, "O.": 1, "Pee": 1, "rule": 1, "major": 1, "airlines": 1, "women": 1, "age": 1, "10-50": 1, "airport": 1, "pregnancy": 1, "tests": 1, "board": 1, "flights": 1, "anti-abortion": 1, "vigilantes": 1, "suits": 1}, "description_keywords": {}, "comment_keywords": {"Don": 1, "\u2019": 1, "t": 1, "Them": 1, "Ideas": 1}}, {"title": "Is climate change actually caused by humans?", "description": "[deleted]", "comment": "The global temperature rose a total of 4 to 7 degrees Celsius over about 5,000 years.\n\nBut since the invention of the industrial age (1850), the Earth's temperature has risen 1.1 degrees. Three times the rate than any other time in history.", "title_sentiment": {"neg": 0.0, "neu": 1.0, "pos": 0.0, "compound": 0.0}, "description_sentiment": {"neg": 0.0, "neu": 1.0, "pos": 0.0, "compound": 0.0}, "comment_sentiment": {"neg": 0.0, "neu": 1.0, "pos": 0.0, "compound": 0.0}, "title_keywords": {"Is": 1, "climate": 1, "change": 1, "humans": 1}, "description_keywords": {"]": 1}, "comment_keywords": {"global": 1, "temperature": 2, "total": 1, "degrees": 2, "Celsius": 1, "years": 1, "invention": 1, "industrial": 1, "age": 1, "Earth": 1, "times": 1, "rate": 1, "other": 1, "time": 1, "history": 1}}, {"title": "Is climate change actually caused by humans?", "description": "[deleted]", "comment": "The short answer is that weather it is or not we foolish short sighted human being that we are will be arguing about it until we are WELL past the point of no return which I think we are at already.  \n\nThe big oil companies had their own think tanks study this problem back in the 70s and when they universally got the answer that YES \n\nA. Climate Change is real \n\nB.  If human beings aren't the cause of it we certainly aren't doing anything to stop it.  \n\nAll of those oil companies dismantled the labs and fired the scientists.  \n\nThere is no real DEBATE about this in the scientific community and anyone who says there is was probably paid by an oil lobbyist.", "title_sentiment": {"neg": 0.0, "neu": 1.0, "pos": 0.0, "compound": 0.0}, "description_sentiment": {"neg": 0.0, "neu": 1.0, "pos": 0.0, "compound": 0.0}, "comment_sentiment": {"neg": 0.117, "neu": 0.808, "pos": 0.075, "compound": -0.7045}, "title_keywords": {"Is": 1, "climate": 1, "change": 1, "humans": 1}, "description_keywords": {"]": 1}, "comment_keywords": {"short": 2, "answer": 2, "weather": 1, "human": 2, "point": 1, "return": 1, "big": 1, "oil": 3, "companies": 2, "own": 1, "think": 1, "tanks": 1, "problem": 1, "70s": 1, "Climate": 1, "Change": 1, "real": 2, "B": 1, "beings": 1, "cause": 1, "anything": 1, "labs": 1, "scientists": 1, "DEBATE": 1, "scientific": 1, "community": 1, "anyone": 1, "lobbyist": 1}}, {"title": "Is climate change actually caused by humans?", "description": "[deleted]", "comment": "There are many many sources of information explaining that. Simply speaking, yes, the evidence is irrefutable that the speed at which the climate is changing is due to humanity. Here are two links to begin with. \n\nhttps://science.nasa.gov/climate-change/causes/\n\nhttps://www.edf.org/climate/9-ways-we-know-humans-triggered-climate-change", "title_sentiment": {"neg": 0.0, "neu": 1.0, "pos": 0.0, "compound": 0.0}, "description_sentiment": {"neg": 0.0, "neu": 1.0, "pos": 0.0, "compound": 0.0}, "comment_sentiment": {"neg": 0.0, "neu": 0.932, "pos": 0.068, "compound": 0.4019}, "title_keywords": {"Is": 1, "climate": 1, "change": 1, "humans": 1}, "description_keywords": {"]": 1}, "comment_keywords": {"many": 2, "sources": 1, "information": 1, "Simply": 1, "evidence": 1, "irrefutable": 1, "speed": 1, "climate": 1, "due": 1, "humanity": 1, "links": 1, "https": 2, "//science.nasa.gov/climate-change/causes/": 1, "//www.edf.org/climate/9-ways-we-know-humans-triggered-climate-change": 1}}, {"title": "Is climate change actually caused by humans?", "description": "[deleted]", "comment": "Yes there is tons of evidence that humans burning fossil fuels is directly to blame for it. \n\nhttps://science.nasa.gov/climate-change/evidence/", "title_sentiment": {"neg": 0.0, "neu": 1.0, "pos": 0.0, "compound": 0.0}, "description_sentiment": {"neg": 0.0, "neu": 1.0, "pos": 0.0, "compound": 0.0}, "comment_sentiment": {"neg": 0.114, "neu": 0.758, "pos": 0.128, "compound": 0.0772}, "title_keywords": {"Is": 1, "climate": 1, "change": 1, "humans": 1}, "description_keywords": {"]": 1}, "comment_keywords": {"tons": 1, "evidence": 1, "humans": 1, "fossil": 1, "fuels": 1, "https": 1, "//science.nasa.gov/climate-change/evidence/": 1}}, {"title": "What trump\u2019s son posted about Biden on Easter vs what Biden actually said on Easter", "description": "", "comment": "In 2018 Easter was on April Fool's day.  I didn't hear a vast outcry from Republicans then.", "title_sentiment": {"neg": 0.0, "neu": 1.0, "pos": 0.0, "compound": 0.0}, "description_sentiment": {"neg": 0.0, "neu": 0.0, "pos": 0.0, "compound": 0.0}, "comment_sentiment": {"neg": 0.0, "neu": 0.838, "pos": 0.162, "compound": 0.4023}, "title_keywords": {"trump": 1, "\u2019": 1, "s": 1, "son": 1, "Biden": 2, "Easter": 2}, "description_keywords": {}, "comment_keywords": {"Easter": 1, "April": 1, "Fool": 1, "day": 1, "vast": 1, "outcry": 1, "Republicans": 1}}, {"title": "What trump\u2019s son posted about Biden on Easter vs what Biden actually said on Easter", "description": "", "comment": "Any bets on which one went to church today?", "title_sentiment": {"neg": 0.0, "neu": 1.0, "pos": 0.0, "compound": 0.0}, "description_sentiment": {"neg": 0.0, "neu": 0.0, "pos": 0.0, "compound": 0.0}, "comment_sentiment": {"neg": 0.0, "neu": 1.0, "pos": 0.0, "compound": 0.0}, "title_keywords": {"trump": 1, "\u2019": 1, "s": 1, "son": 1, "Biden": 2, "Easter": 2}, "description_keywords": {}, "comment_keywords": {"bets": 1, "today": 1}}, {"title": "Federal court reinstates lines for South Carolina congressional district despite racial gerrymander ruling", "description": "", "comment": "Because the south\u2026", "title_sentiment": {"neg": 0.0, "neu": 1.0, "pos": 0.0, "compound": 0.0}, "description_sentiment": {"neg": 0.0, "neu": 0.0, "pos": 0.0, "compound": 0.0}, "comment_sentiment": {"neg": 0.0, "neu": 1.0, "pos": 0.0, "compound": 0.0}, "title_keywords": {"Federal": 1, "court": 1, "lines": 1, "South": 1, "Carolina": 1, "congressional": 1, "district": 1, "racial": 1, "gerrymander": 1, "ruling": 1}, "description_keywords": {}, "comment_keywords": {"south\u2026": 1}}, {"title": "Federal court reinstates lines for South Carolina congressional district despite racial gerrymander ruling", "description": "", "comment": "Delay delay delay . . . whoops, now we've run out of time to implement this!", "title_sentiment": {"neg": 0.0, "neu": 1.0, "pos": 0.0, "compound": 0.0}, "description_sentiment": {"neg": 0.0, "neu": 0.0, "pos": 0.0, "compound": 0.0}, "comment_sentiment": {"neg": 0.418, "neu": 0.582, "pos": 0.0, "compound": -0.7345}, "title_keywords": {"Federal": 1, "court": 1, "lines": 1, "South": 1, "Carolina": 1, "congressional": 1, "district": 1, "racial": 1, "gerrymander": 1, "ruling": 1}, "description_keywords": {}, "comment_keywords": {"Delay": 1, "delay": 2, "whoops": 1, "time": 1}}, {"title": "Federal court reinstates lines for South Carolina congressional district despite racial gerrymander ruling", "description": "", "comment": "Every excuse to slow remedies to racial inequalities  is the reason the South has grown. It's not the great weather, lower taxes (poor infrastructure), underperforming schools, lower rated heath facilities; it's privilege afforded to higher income transplants in the caste system of old that is so enjoyable.", "title_sentiment": {"neg": 0.0, "neu": 1.0, "pos": 0.0, "compound": 0.0}, "description_sentiment": {"neg": 0.0, "neu": 0.0, "pos": 0.0, "compound": 0.0}, "comment_sentiment": {"neg": 0.137, "neu": 0.729, "pos": 0.134, "compound": -0.0394}, "title_keywords": {"Federal": 1, "court": 1, "lines": 1, "South": 1, "Carolina": 1, "congressional": 1, "district": 1, "racial": 1, "gerrymander": 1, "ruling": 1}, "description_keywords": {}, "comment_keywords": {"excuse": 1, "remedies": 1, "racial": 1, "inequalities": 1, "reason": 1, "South": 1, "great": 1, "weather": 1, "lower": 2, "taxes": 1, "poor": 1, "infrastructure": 1, "underperforming": 1, "schools": 1, "heath": 1, "facilities": 1, "privilege": 1, "higher": 1, "income": 1, "transplants": 1, "caste": 1, "system": 1, "old": 1, "enjoyable": 1}}, {"title": "Cognitive Dissonance", "description": "", "comment": "What would be wrong with Obama being a devout Muslim, anyway? It\u2019s a religion. He can be any he wants and be a good man/leader. Trump faking being Christian is about his hypocrisy", "title_sentiment": {"neg": 0.0, "neu": 1.0, "pos": 0.0, "compound": 0.0}, "description_sentiment": {"neg": 0.0, "neu": 0.0, "pos": 0.0, "compound": 0.0}, "comment_sentiment": {"neg": 0.165, "neu": 0.754, "pos": 0.081, "compound": -0.4588}, "title_keywords": {"Cognitive": 1, "Dissonance": 1}, "description_keywords": {}, "comment_keywords": {"wrong": 1, "Obama": 1, "devout": 1, "Muslim": 1, "religion": 1, "good": 1, "man/leader": 1, "Trump": 1, "Christian": 1, "hypocrisy": 1}}, {"title": "Cognitive Dissonance", "description": "", "comment": "Who the heck is that family supposed to be?  I would say there would be no way he would rent a family for an appropriate look at a photo op but we all know he would.", "title_sentiment": {"neg": 0.0, "neu": 1.0, "pos": 0.0, "compound": 0.0}, "description_sentiment": {"neg": 0.0, "neu": 0.0, "pos": 0.0, "compound": 0.0}, "comment_sentiment": {"neg": 0.048, "neu": 0.952, "pos": 0.0, "compound": -0.1531}, "title_keywords": {"Cognitive": 1, "Dissonance": 1}, "description_keywords": {}, "comment_keywords": {"heck": 1, "family": 2, "way": 1, "appropriate": 1, "look": 1, "photo": 1, "op": 1}}, {"title": "Cognitive Dissonance", "description": "", "comment": "I mean this picture is partially accurate. He's with a woman that's not his current wife...again.", "title_sentiment": {"neg": 0.0, "neu": 1.0, "pos": 0.0, "compound": 0.0}, "description_sentiment": {"neg": 0.0, "neu": 0.0, "pos": 0.0, "compound": 0.0}, "comment_sentiment": {"neg": 0.0, "neu": 1.0, "pos": 0.0, "compound": 0.0}, "title_keywords": {"Cognitive": 1, "Dissonance": 1}, "description_keywords": {}, "comment_keywords": {"picture": 1, "accurate": 1, "woman": 1, "current": 1, "wife": 1}}, {"title": "Cognitive Dissonance", "description": "", "comment": "Trump hasn't been that thin since he was 10 years old.", "title_sentiment": {"neg": 0.0, "neu": 1.0, "pos": 0.0, "compound": 0.0}, "description_sentiment": {"neg": 0.0, "neu": 0.0, "pos": 0.0, "compound": 0.0}, "comment_sentiment": {"neg": 0.0, "neu": 1.0, "pos": 0.0, "compound": 0.0}, "title_keywords": {"Cognitive": 1, "Dissonance": 1}, "description_keywords": {}, "comment_keywords": {"Trump": 1, "thin": 1, "years": 1, "old": 1}}, {"title": "Chinese Accounts Posing as Trump Fans Ahead of Election", "description": "", "comment": "Not hard to do.  Trump fans do not have a good grasp of English and do not understand much about the US.  A relatively educated person from any country could easily pose as a Trump fan online.  And that's just a sorry fact about a significant portion of our population. :-)", "title_sentiment": {"neg": 0.0, "neu": 1.0, "pos": 0.0, "compound": 0.0}, "description_sentiment": {"neg": 0.0, "neu": 0.0, "pos": 0.0, "compound": 0.0}, "comment_sentiment": {"neg": 0.07, "neu": 0.739, "pos": 0.191, "compound": 0.6586}, "title_keywords": {"Chinese": 1, "Accounts": 1, "Trump": 1, "Fans": 1, "Ahead": 1, "Election": 1}, "description_keywords": {}, "comment_keywords": {"fans": 1, "good": 1, "grasp": 1, "English": 1, "US": 1, "A": 1, "person": 1, "country": 1, "Trump": 1, "fan": 1, "online": 1, "sorry": 1, "fact": 1, "significant": 1, "portion": 1, "population": 1}}, {"title": "Chinese Accounts Posing as Trump Fans Ahead of Election", "description": "", "comment": "Wow it's almost like Russia and China want Trump as president. Why oh why would they want that?!?! /s", "title_sentiment": {"neg": 0.0, "neu": 1.0, "pos": 0.0, "compound": 0.0}, "description_sentiment": {"neg": 0.0, "neu": 0.0, "pos": 0.0, "compound": 0.0}, "comment_sentiment": {"neg": 0.0, "neu": 0.611, "pos": 0.389, "compound": 0.8201}, "title_keywords": {"Chinese": 1, "Accounts": 1, "Trump": 1, "Fans": 1, "Ahead": 1, "Election": 1}, "description_keywords": {}, "comment_keywords": {"like": 1, "Russia": 1, "China": 1, "Trump": 1, "president": 1, "oh": 1, "/s": 1}}, {"title": "Chinese Accounts Posing as Trump Fans Ahead of Election", "description": "", "comment": "Our enemies are relentless, and they've found massive cracks to exploit. The free world and its supporters must hold strong!", "title_sentiment": {"neg": 0.0, "neu": 1.0, "pos": 0.0, "compound": 0.0}, "description_sentiment": {"neg": 0.0, "neu": 0.0, "pos": 0.0, "compound": 0.0}, "comment_sentiment": {"neg": 0.155, "neu": 0.473, "pos": 0.371, "compound": 0.75}, "title_keywords": {"Chinese": 1, "Accounts": 1, "Trump": 1, "Fans": 1, "Ahead": 1, "Election": 1}, "description_keywords": {}, "comment_keywords": {"enemies": 1, "relentless": 1, "massive": 1, "cracks": 1, "free": 1, "world": 1, "supporters": 1, "strong": 1}}, {"title": "Chinese Accounts Posing as Trump Fans Ahead of Election", "description": "", "comment": "Trump + Fascist Dictatorships = \u2764\ufe0f", "title_sentiment": {"neg": 0.0, "neu": 1.0, "pos": 0.0, "compound": 0.0}, "description_sentiment": {"neg": 0.0, "neu": 0.0, "pos": 0.0, "compound": 0.0}, "comment_sentiment": {"neg": 0.545, "neu": 0.455, "pos": 0.0, "compound": -0.5574}, "title_keywords": {"Chinese": 1, "Accounts": 1, "Trump": 1, "Fans": 1, "Ahead": 1, "Election": 1}, "description_keywords": {}, "comment_keywords": {"Trump": 1, "+": 1, "Fascist": 1, "Dictatorships": 1, "=": 1, "\u2764\ufe0f": 1}}, {"title": "Chinese Accounts Posing as Trump Fans Ahead of Election", "description": "", "comment": "Easy way to combat it. Just post Tiananmen Square Massacre (or similar phrases) in Mandarin, or other related code numbers for the event. The Chinese government people go away VERY quickly. \n\n\u516d\u56db\u5c60\u6bba - June 4th Massacre\n\n8964 - the date of 1989/6/4\n\n\u516d\u56db\u93ae\u58d3 - June 4th Crackdown\n\nVIIV - Roman numerals for 6 and 4, the month and day\n\n\u6c11\u4e3b\u6c99\u9f99 - Democracy Salon, a student group", "title_sentiment": {"neg": 0.0, "neu": 1.0, "pos": 0.0, "compound": 0.0}, "description_sentiment": {"neg": 0.0, "neu": 0.0, "pos": 0.0, "compound": 0.0}, "comment_sentiment": {"neg": 0.039, "neu": 0.915, "pos": 0.047, "compound": 0.128}, "title_keywords": {"Chinese": 1, "Accounts": 1, "Trump": 1, "Fans": 1, "Ahead": 1, "Election": 1}, "description_keywords": {}, "comment_keywords": {"Easy": 1, "way": 1, "Just": 1, "post": 1, "Tiananmen": 1, "Square": 1, "Massacre": 2, "similar": 1, "phrases": 1, "Mandarin": 1, "other": 1, "related": 1, "code": 1, "numbers": 1, "event": 1, "Chinese": 1, "government": 1, "people": 1, "June": 2, "date": 1, "Crackdown": 1, "VIIV": 1, "Roman": 1, "numerals": 1, "month": 1, "day": 1, "\u6c11\u4e3b\u6c99\u9f99": 1, "Democracy": 1, "Salon": 1, "student": 1, "group": 1}}]