[{"title": "Trump asks hush-money judge to let him keep attacking judge's daughter", "description": "", "comment": "He ***has*** to be arrested and if MAGA starts a civil war, it's better to have that civil war **now** while Biden is still president.", "title_sentiment": {"neg": 0.231, "neu": 0.769, "pos": 0.0, "compound": -0.4588}, "description_sentiment": {"neg": 0.0, "neu": 0.0, "pos": 0.0, "compound": 0.0}, "comment_sentiment": {"neg": 0.322, "neu": 0.592, "pos": 0.086, "compound": -0.8402}, "title_keywords": {"Trump": 1, "hush-money": 1, "judge": 2, "daughter": 1}, "description_keywords": {}, "comment_keywords": {"*": 7, "MAGA": 1, "civil": 2, "war": 2, "better": 1, "Biden": 1, "president": 1}}, {"title": "Trump asks hush-money judge to let him keep attacking judge's daughter", "description": "", "comment": "He's just SUCH A DICK", "title_sentiment": {"neg": 0.231, "neu": 0.769, "pos": 0.0, "compound": -0.4588}, "description_sentiment": {"neg": 0.0, "neu": 0.0, "pos": 0.0, "compound": 0.0}, "comment_sentiment": {"neg": 0.573, "neu": 0.427, "pos": 0.0, "compound": -0.6166}, "title_keywords": {"Trump": 1, "hush-money": 1, "judge": 2, "daughter": 1}, "description_keywords": {}, "comment_keywords": {"SUCH": 1, "A": 1, "DICK": 1}}, {"title": "Trump asks hush-money judge to let him keep attacking judge's daughter", "description": "", "comment": "He's going to keep doing this shit until he gets stepped on hard, that being said I've been thinking of a way for this to change. My idea is to have a reporter ask President Biden about the situation and having him come down hard on the orange clown about him attacking the daughter of a judge. It could boost Biden's chances even more for re-election and drive trumpy crazy.", "title_sentiment": {"neg": 0.231, "neu": 0.769, "pos": 0.0, "compound": -0.4588}, "description_sentiment": {"neg": 0.0, "neu": 0.0, "pos": 0.0, "compound": 0.0}, "comment_sentiment": {"neg": 0.162, "neu": 0.78, "pos": 0.058, "compound": -0.7876}, "title_keywords": {"Trump": 1, "hush-money": 1, "judge": 2, "daughter": 1}, "description_keywords": {}, "comment_keywords": {"shit": 1, "hard": 1, "way": 1, "idea": 1, "reporter": 1, "ask": 1, "President": 1, "Biden": 2, "situation": 1, "orange": 1, "clown": 1, "daughter": 1, "judge": 1, "chances": 1, "re-election": 1, "drive": 1, "trumpy": 1, "crazy": 1}}, {"title": "Trump asks hush-money judge to let him keep attacking judge's daughter", "description": "", "comment": "From the article:\n&gt;The judge's daughter \"has just posted a picture of me behind bars, her obvious goal,\" the GOP frontrunner complained, referencing a social media account that court officials soon said was a hoax.\n\nTo all readers, please re-post, on all available social media, the same image that is referred to here. If the image appears \"everywhere\", the fact that Ms. Merchan MIGHT have posted it will be meaningless.  Fuck trump and all who ever supported him.", "title_sentiment": {"neg": 0.231, "neu": 0.769, "pos": 0.0, "compound": -0.4588}, "description_sentiment": {"neg": 0.0, "neu": 0.0, "pos": 0.0, "compound": 0.0}, "comment_sentiment": {"neg": 0.132, "neu": 0.814, "pos": 0.054, "compound": -0.765}, "title_keywords": {"Trump": 1, "hush-money": 1, "judge": 2, "daughter": 1}, "description_keywords": {}, "comment_keywords": {"article": 1, "gt": 1, "judge": 1, "daughter": 1, "picture": 1, "bars": 1, "obvious": 1, "goal": 1, "GOP": 1, "frontrunner": 1, "social": 2, "media": 2, "court": 1, "officials": 1, "hoax": 1, "readers": 1, "re-post": 1, "available": 1, "same": 1, "image": 2, "fact": 1, "Ms.": 1, "Merchan": 1, "MIGHT": 1, "Fuck": 1, "trump": 1}}, {"title": "Trump paid Kim Jong Un $2,000,000 after Kim slowly tortured Otto Warmbier to death.", "description": "", "comment": "Remember. Trump doesn\u2019t just love Putin!\n\nHe loves plenty of dictators. And doesn\u2019t seem to get along with any democratically elected leaders.\n\nMust be a coincidence!", "title_sentiment": {"neg": 0.385, "neu": 0.615, "pos": 0.0, "compound": -0.8176}, "description_sentiment": {"neg": 0.0, "neu": 0.0, "pos": 0.0, "compound": 0.0}, "comment_sentiment": {"neg": 0.0, "neu": 0.731, "pos": 0.269, "compound": 0.8585}, "title_keywords": {"Trump": 1, "Kim": 2, "Jong": 1, "Un": 1, "Otto": 1, "Warmbier": 1, "death": 1}, "description_keywords": {}, "comment_keywords": {"Remember": 1, "Trump": 1, "doesn": 2, "\u2019": 2, "t": 2, "Putin": 1, "plenty": 1, "dictators": 1, "leaders": 1, "Must": 1, "coincidence": 1}}, {"title": "Trump paid Kim Jong Un $2,000,000 after Kim slowly tortured Otto Warmbier to death.", "description": "", "comment": "\u2018America First!\u2019 right? \n\nTrump also minted the [\u2018North Korea Summit\u2019 peace coin,](https://www.theguardian.com/us-news/2018/may/22/donald-trump-north-korea-coin-kim-jong-un-nuclear-talks) hailing himself and Kim Jong Un as great statesmen.\n\nWhat a total fucking fraud.", "title_sentiment": {"neg": 0.385, "neu": 0.615, "pos": 0.0, "compound": -0.8176}, "description_sentiment": {"neg": 0.0, "neu": 0.0, "pos": 0.0, "compound": 0.0}, "comment_sentiment": {"neg": 0.12, "neu": 0.647, "pos": 0.232, "compound": 0.5857}, "title_keywords": {"Trump": 1, "Kim": 2, "Jong": 1, "Un": 1, "Otto": 1, "Warmbier": 1, "death": 1}, "description_keywords": {}, "comment_keywords": {"\u2018": 2, "America": 1, "First": 1, "\u2019": 2, "Trump": 1, "[": 1, "North": 1, "Korea": 1, "Summit": 1, "peace": 1, "coin": 1, "]": 1, "https": 1, "//www.theguardian.com/us-news/2018/may/22/donald-trump-north-korea-coin-kim-jong-un-nuclear-talks": 1, "Kim": 1, "Jong": 1, "Un": 1, "great": 1, "statesmen": 1, "total": 1, "fucking": 1, "fraud": 1}}, {"title": "Trump paid Kim Jong Un $2,000,000 after Kim slowly tortured Otto Warmbier to death.", "description": "", "comment": "Sheer evil mixed with narcissistic ego and galling stupidity.", "title_sentiment": {"neg": 0.385, "neu": 0.615, "pos": 0.0, "compound": -0.8176}, "description_sentiment": {"neg": 0.0, "neu": 0.0, "pos": 0.0, "compound": 0.0}, "comment_sentiment": {"neg": 0.51, "neu": 0.49, "pos": 0.0, "compound": -0.8074}, "title_keywords": {"Trump": 1, "Kim": 2, "Jong": 1, "Un": 1, "Otto": 1, "Warmbier": 1, "death": 1}, "description_keywords": {}, "comment_keywords": {"Sheer": 1, "mixed": 1, "narcissistic": 1, "ego": 1, "stupidity": 1}}, {"title": "Trump paid Kim Jong Un $2,000,000 after Kim slowly tortured Otto Warmbier to death.", "description": "", "comment": "Please God, take them both out. Soon.", "title_sentiment": {"neg": 0.385, "neu": 0.615, "pos": 0.0, "compound": -0.8176}, "description_sentiment": {"neg": 0.0, "neu": 0.0, "pos": 0.0, "compound": 0.0}, "comment_sentiment": {"neg": 0.0, "neu": 0.532, "pos": 0.468, "compound": 0.5267}, "title_keywords": {"Trump": 1, "Kim": 2, "Jong": 1, "Un": 1, "Otto": 1, "Warmbier": 1, "death": 1}, "description_keywords": {}, "comment_keywords": {"Please": 1, "God": 1, "Soon": 1}}, {"title": "Trump paid Kim Jong Un $2,000,000 after Kim slowly tortured Otto Warmbier to death.", "description": "", "comment": "Then they sent him back basically dead. He died upon his return having been basically beaten to death. Trump is a perpetual loser and I don\u2019t want to join his continuous shitshow.", "title_sentiment": {"neg": 0.385, "neu": 0.615, "pos": 0.0, "compound": -0.8176}, "description_sentiment": {"neg": 0.0, "neu": 0.0, "pos": 0.0, "compound": 0.0}, "comment_sentiment": {"neg": 0.404, "neu": 0.517, "pos": 0.079, "compound": -0.9477}, "title_keywords": {"Trump": 1, "Kim": 2, "Jong": 1, "Un": 1, "Otto": 1, "Warmbier": 1, "death": 1}, "description_keywords": {}, "comment_keywords": {"dead": 1, "return": 1, "death": 1, "Trump": 1, "perpetual": 1, "loser": 1, "\u2019": 1, "t": 1, "continuous": 1, "shitshow": 1}}, {"title": "Cesar Chavez\u2019s Family Criticizes R.F.K. Jr. for His Chavez Day Event", "description": "", "comment": "This article may be behind a paywall. You can add 2-4 paragraphs as a quote in a comment. *Do not post the text for the entire article.*\n\n*I am a bot, and this action was performed automatically. Please [contact the moderators of this subreddit](/message/compose/?to=/r/democrats) if you have any questions or concerns.*", "title_sentiment": {"neg": 0.194, "neu": 0.806, "pos": 0.0, "compound": -0.34}, "description_sentiment": {"neg": 0.0, "neu": 0.0, "pos": 0.0, "compound": 0.0}, "comment_sentiment": {"neg": 0.0, "neu": 0.952, "pos": 0.048, "compound": 0.3182}, "title_keywords": {"Cesar": 1, "Chavez": 2, "\u2019": 1, "Family": 1, "Criticizes": 1, "R.F.K": 1, "Jr.": 1, "Day": 1, "Event": 1}, "description_keywords": {}, "comment_keywords": {"article": 2, "paywall": 1, "2-4": 1, "paragraphs": 1, "quote": 1, "comment": 1, "Do": 1, "text": 1, "entire": 1, "*": 3, "bot": 1, "action": 1, "Please": 1, "[": 1, "moderators": 1, "subreddit": 1, "]": 1, "/message/compose/": 1, "to=/r/democrats": 1, "questions": 1, "concerns": 1}}, {"title": "Cesar Chavez\u2019s Family Criticizes R.F.K. Jr. for His Chavez Day Event", "description": "", "comment": "Non-paywall:  [https://archive.is/X0W6g](https://archive.is/X0W6g)\n\n&gt;A campaign event on Saturday intended to galvanize support among Latino voters and organized labor behind Robert F. Kennedy Jr.\u2019s presidential bid instead drew condemnation from the family of the labor organizer Cesar Chavez, who accused Mr. Kennedy of exploiting the Chavez name for political gain.", "title_sentiment": {"neg": 0.194, "neu": 0.806, "pos": 0.0, "compound": -0.34}, "description_sentiment": {"neg": 0.0, "neu": 0.0, "pos": 0.0, "compound": 0.0}, "comment_sentiment": {"neg": 0.153, "neu": 0.741, "pos": 0.105, "compound": -0.4215}, "title_keywords": {"Cesar": 1, "Chavez": 2, "\u2019": 1, "Family": 1, "Criticizes": 1, "R.F.K": 1, "Jr.": 1, "Day": 1, "Event": 1}, "description_keywords": {}, "comment_keywords": {"Non-paywall": 1, "[": 1, "https": 2, "//archive.is/X0W6g": 2, "]": 1, "gt": 1, "A": 1, "campaign": 1, "event": 1, "Saturday": 1, "support": 1, "Latino": 1, "voters": 1, "labor": 2, "Robert": 1, "F.": 1, "Kennedy": 2, "Jr.": 1, "\u2019": 1, "s": 1, "presidential": 1, "bid": 1, "condemnation": 1, "family": 1, "organizer": 1, "Cesar": 1, "Chavez": 2, "Mr.": 1, "name": 1, "political": 1, "gain": 1}}, {"title": "WATCH: Trump and GOP attack Biden for recognizing Transgender Day of Visibility on Easter Sunday", "description": "", "comment": "Tackling all the pressing issues which  so need attention. Let's attack Biden for  a day that was created 15 years ago which he had nothing to do with. \n\nNext week on April 7th, they will be attacking Biden for Metric System Day falling on the same day as National beer day.", "title_sentiment": {"neg": 0.181, "neu": 0.819, "pos": 0.0, "compound": -0.4767}, "description_sentiment": {"neg": 0.0, "neu": 0.0, "pos": 0.0, "compound": 0.0}, "comment_sentiment": {"neg": 0.138, "neu": 0.826, "pos": 0.036, "compound": -0.6908}, "title_keywords": {"WATCH": 1, "Trump": 1, "GOP": 1, "Biden": 1, "Transgender": 1, "Day": 1, "Visibility": 1, "Easter": 1, "Sunday": 1}, "description_keywords": {}, "comment_keywords": {"pressing": 1, "issues": 1, "need": 1, "attention": 1, "Let": 1, "attack": 1, "Biden": 2, "day": 3, "years": 1, "nothing": 1, "Next": 1, "week": 1, "April": 1, "Metric": 1, "System": 1, "Day": 1, "same": 1, "National": 1, "beer": 1}}, {"title": "WATCH: Trump and GOP attack Biden for recognizing Transgender Day of Visibility on Easter Sunday", "description": "", "comment": "Next year, Easter is on 420. Woke has won! Burn one for Jesus.", "title_sentiment": {"neg": 0.181, "neu": 0.819, "pos": 0.0, "compound": -0.4767}, "description_sentiment": {"neg": 0.0, "neu": 0.0, "pos": 0.0, "compound": 0.0}, "comment_sentiment": {"neg": 0.0, "neu": 0.75, "pos": 0.25, "compound": 0.6114}, "title_keywords": {"WATCH": 1, "Trump": 1, "GOP": 1, "Biden": 1, "Transgender": 1, "Day": 1, "Visibility": 1, "Easter": 1, "Sunday": 1}, "description_keywords": {}, "comment_keywords": {"Next": 1, "year": 1, "Easter": 1, "Woke": 1, "Burn": 1, "Jesus": 1}}, {"title": "WATCH: Trump and GOP attack Biden for recognizing Transgender Day of Visibility on Easter Sunday", "description": "", "comment": "International Transgender Day of Visibility\u00a0is **always March 31**.\u00a0 \u00a0\n\n**Biden issued the same proclamation in 2021, 2022, and 2023**.\u00a0It just happens that Easter falls on this preexisting annual day of awareness in 2024.", "title_sentiment": {"neg": 0.181, "neu": 0.819, "pos": 0.0, "compound": -0.4767}, "description_sentiment": {"neg": 0.0, "neu": 0.0, "pos": 0.0, "compound": 0.0}, "comment_sentiment": {"neg": 0.0, "neu": 1.0, "pos": 0.0, "compound": 0.0}, "title_keywords": {"WATCH": 1, "Trump": 1, "GOP": 1, "Biden": 1, "Transgender": 1, "Day": 1, "Visibility": 1, "Easter": 1, "Sunday": 1}, "description_keywords": {}, "comment_keywords": {"International": 1, "Transgender": 1, "Day": 1, "Visibility": 1, "*": 7, "March": 1, "Biden": 1, "same": 1, "proclamation": 1, "Easter": 1, "annual": 1, "day": 1, "awareness": 1}}, {"title": "Donald Trump did not paid off slain officer's mortgage.", "description": "Apparent source of claim that Trump paid off slain officer's mortgage walks back statement.\n\nRight-wing news outlets and MAGA influencers were quick to jump on rumors that Donald Trump had paid off the mortgage of fallen New York police officer Jonathan Diller, but it appears that's simply not true.\n\nDiller's mortgage was paid off, but it was by an organization called Tunnel to Towers Foundation.\nHas absolutely nothing to do with Donald Trump.\n", "comment": "Rump didn't even pay for the McDonald's for police that accompanied him there on the way back to his plane with the golden toilets.\u00a0", "title_sentiment": {"neg": 0.0, "neu": 1.0, "pos": 0.0, "compound": 0.0}, "description_sentiment": {"neg": 0.063, "neu": 0.937, "pos": 0.0, "compound": -0.5787}, "comment_sentiment": {"neg": 0.0, "neu": 0.947, "pos": 0.053, "compound": 0.0762}, "title_keywords": {"Donald": 1, "Trump": 1, "slain": 1, "officer": 1, "mortgage": 1}, "description_keywords": {"Apparent": 1, "source": 1, "claim": 1, "Trump": 3, "slain": 1, "officer": 2, "mortgage": 3, "statement": 1, "Right-wing": 1, "news": 1, "outlets": 1, "MAGA": 1, "influencers": 1, "quick": 1, "rumors": 1, "Donald": 2, "New": 1, "York": 1, "police": 1, "Jonathan": 1, "Diller": 2, "true": 1, "organization": 1, "Tunnel": 1, "Towers": 1, "Foundation": 1, "Has": 1, "nothing": 1}, "comment_keywords": {"Rump": 1, "McDonald": 1, "police": 1, "way": 1, "plane": 1, "golden": 1, "toilets": 1}}, {"title": "Donald Trump did not paid off slain officer's mortgage.", "description": "Apparent source of claim that Trump paid off slain officer's mortgage walks back statement.\n\nRight-wing news outlets and MAGA influencers were quick to jump on rumors that Donald Trump had paid off the mortgage of fallen New York police officer Jonathan Diller, but it appears that's simply not true.\n\nDiller's mortgage was paid off, but it was by an organization called Tunnel to Towers Foundation.\nHas absolutely nothing to do with Donald Trump.\n", "comment": "Donald Trump did not paid off anything ever.", "title_sentiment": {"neg": 0.0, "neu": 1.0, "pos": 0.0, "compound": 0.0}, "description_sentiment": {"neg": 0.063, "neu": 0.937, "pos": 0.0, "compound": -0.5787}, "comment_sentiment": {"neg": 0.0, "neu": 1.0, "pos": 0.0, "compound": 0.0}, "title_keywords": {"Donald": 1, "Trump": 1, "slain": 1, "officer": 1, "mortgage": 1}, "description_keywords": {"Apparent": 1, "source": 1, "claim": 1, "Trump": 3, "slain": 1, "officer": 2, "mortgage": 3, "statement": 1, "Right-wing": 1, "news": 1, "outlets": 1, "MAGA": 1, "influencers": 1, "quick": 1, "rumors": 1, "Donald": 2, "New": 1, "York": 1, "police": 1, "Jonathan": 1, "Diller": 2, "true": 1, "organization": 1, "Tunnel": 1, "Towers": 1, "Foundation": 1, "Has": 1, "nothing": 1}, "comment_keywords": {"Donald": 1, "Trump": 1, "anything": 1}}, {"title": "Donald Trump did not paid off slain officer's mortgage.", "description": "Apparent source of claim that Trump paid off slain officer's mortgage walks back statement.\n\nRight-wing news outlets and MAGA influencers were quick to jump on rumors that Donald Trump had paid off the mortgage of fallen New York police officer Jonathan Diller, but it appears that's simply not true.\n\nDiller's mortgage was paid off, but it was by an organization called Tunnel to Towers Foundation.\nHas absolutely nothing to do with Donald Trump.\n", "comment": "I'll bet the group are a bunch of morons that support him", "title_sentiment": {"neg": 0.0, "neu": 1.0, "pos": 0.0, "compound": 0.0}, "description_sentiment": {"neg": 0.063, "neu": 0.937, "pos": 0.0, "compound": -0.5787}, "comment_sentiment": {"neg": 0.164, "neu": 0.643, "pos": 0.193, "compound": 0.1027}, "title_keywords": {"Donald": 1, "Trump": 1, "slain": 1, "officer": 1, "mortgage": 1}, "description_keywords": {"Apparent": 1, "source": 1, "claim": 1, "Trump": 3, "slain": 1, "officer": 2, "mortgage": 3, "statement": 1, "Right-wing": 1, "news": 1, "outlets": 1, "MAGA": 1, "influencers": 1, "quick": 1, "rumors": 1, "Donald": 2, "New": 1, "York": 1, "police": 1, "Jonathan": 1, "Diller": 2, "true": 1, "organization": 1, "Tunnel": 1, "Towers": 1, "Foundation": 1, "Has": 1, "nothing": 1}, "comment_keywords": {"group": 1, "bunch": 1, "morons": 1}}, {"title": "Donald Trump did not paid off slain officer's mortgage.", "description": "Apparent source of claim that Trump paid off slain officer's mortgage walks back statement.\n\nRight-wing news outlets and MAGA influencers were quick to jump on rumors that Donald Trump had paid off the mortgage of fallen New York police officer Jonathan Diller, but it appears that's simply not true.\n\nDiller's mortgage was paid off, but it was by an organization called Tunnel to Towers Foundation.\nHas absolutely nothing to do with Donald Trump.\n", "comment": "Yeah I didn't buy that and neither did Drumph", "title_sentiment": {"neg": 0.0, "neu": 1.0, "pos": 0.0, "compound": 0.0}, "description_sentiment": {"neg": 0.063, "neu": 0.937, "pos": 0.0, "compound": -0.5787}, "comment_sentiment": {"neg": 0.0, "neu": 0.761, "pos": 0.239, "compound": 0.296}, "title_keywords": {"Donald": 1, "Trump": 1, "slain": 1, "officer": 1, "mortgage": 1}, "description_keywords": {"Apparent": 1, "source": 1, "claim": 1, "Trump": 3, "slain": 1, "officer": 2, "mortgage": 3, "statement": 1, "Right-wing": 1, "news": 1, "outlets": 1, "MAGA": 1, "influencers": 1, "quick": 1, "rumors": 1, "Donald": 2, "New": 1, "York": 1, "police": 1, "Jonathan": 1, "Diller": 2, "true": 1, "organization": 1, "Tunnel": 1, "Towers": 1, "Foundation": 1, "Has": 1, "nothing": 1}, "comment_keywords": {"Drumph": 1}}, {"title": "Spread the word everone, so no one forgets!", "description": "", "comment": "And idiotic trade wars that that drove up costs in multiple sectors just before the supply line was hamstrung by COVID.", "title_sentiment": {"neg": 0.311, "neu": 0.689, "pos": 0.0, "compound": -0.4868}, "description_sentiment": {"neg": 0.0, "neu": 0.0, "pos": 0.0, "compound": 0.0}, "comment_sentiment": {"neg": 0.275, "neu": 0.725, "pos": 0.0, "compound": -0.802}, "title_keywords": {"word": 1, "everone": 1, "one": 1}, "description_keywords": {}, "comment_keywords": {"idiotic": 1, "trade": 1, "wars": 1, "costs": 1, "multiple": 1, "sectors": 1, "supply": 1, "line": 1, "hamstrung": 1, "COVID": 1}}, {"title": "Spread the word everone, so no one forgets!", "description": "", "comment": "It\u2019s not \u201cinflation\u201d it\u2019s called corporate greed. The only things inflating are the billionaires wallets.", "title_sentiment": {"neg": 0.311, "neu": 0.689, "pos": 0.0, "compound": -0.4868}, "description_sentiment": {"neg": 0.0, "neu": 0.0, "pos": 0.0, "compound": 0.0}, "comment_sentiment": {"neg": 0.162, "neu": 0.838, "pos": 0.0, "compound": -0.4019}, "title_keywords": {"word": 1, "everone": 1, "one": 1}, "description_keywords": {}, "comment_keywords": {"inflation": 1, "s": 1, "corporate": 1, "greed": 1, "only": 1, "things": 1, "billionaires": 1, "wallets": 1}}, {"title": "Spread the word everone, so no one forgets!", "description": "", "comment": "$880 billion in PPP \u201cloans\u201d that over 75% of which went to top income earners", "title_sentiment": {"neg": 0.311, "neu": 0.689, "pos": 0.0, "compound": -0.4868}, "description_sentiment": {"neg": 0.0, "neu": 0.0, "pos": 0.0, "compound": 0.0}, "comment_sentiment": {"neg": 0.0, "neu": 0.886, "pos": 0.114, "compound": 0.2023}, "title_keywords": {"word": 1, "everone": 1, "one": 1}, "description_keywords": {}, "comment_keywords": {"PPP": 1, "\u201c": 1, "loans": 1, "%": 1, "income": 1, "earners": 1}}]