[{"title": "Should natives have expanded rights in government? ", "description": "By this i mean should they get any special representation, voices, higher autonomy, their our autonomous counties or states etc. \n\nAn example of an autonomous county can be like a native land that isn\u2019t within any other county but is within a state. it has its own charter/constitution and leadership and can create laws and ordinances. \n\nspecial representation may be reserved seats in legislatures or resident commisioner positions in state legislatures. \n\nthoughts? ideas? i\u2019ll leave some of mine in the comments.", "comment": "[A reminder for everyone](https://www.reddit.com/r/PoliticalDiscussion/comments/4479er/rules_explanations_and_reminders/). This is a subreddit for genuine discussion:\n\n* Please keep it civil. Report rulebreaking comments for moderator review.\n* Don't post low effort comments like joke threads, memes, slogans, or links without context.\n* Help prevent this subreddit from becoming an echo chamber. Please don't downvote comments with which you disagree.\n\nViolators will be fed to the bear.\n\n---\n\n*I am a bot, and this action was performed automatically. Please [contact the moderators of this subreddit](/message/compose/?to=/r/PoliticalDiscussion) if you have any questions or concerns.*", "title_sentiment": {"neg": 0.0, "neu": 1.0, "pos": 0.0, "compound": 0.0}, "description_sentiment": {"neg": 0.015, "neu": 0.864, "pos": 0.12, "compound": 0.8343}, "comment_sentiment": {"neg": 0.094, "neu": 0.764, "pos": 0.142, "compound": 0.5547}, "title_keywords": {"natives": 1, "rights": 1, "government": 1}, "description_keywords": {"i": 2, "mean": 1, "special": 2, "representation": 2, "voices": 1, "higher": 1, "autonomy": 1, "autonomous": 2, "counties": 1, "states": 1, "example": 1, "county": 2, "native": 1, "land": 1, "\u2019": 1, "t": 1, "other": 1, "state": 2, "own": 1, "charter/constitution": 1, "leadership": 1, "laws": 1, "ordinances": 1, "seats": 1, "legislatures": 2, "resident": 1, "commisioner": 1, "positions": 1, "thoughts": 1, "ideas": 1, "ll": 1, "mine": 1, "comments": 1}, "comment_keywords": {"reminder": 1, "everyone": 1, "]": 2, "https": 1, "//www.reddit.com/r/PoliticalDiscussion/comments/4479er/rules_explanations_and_reminders/": 1, "subreddit": 3, "genuine": 1, "discussion": 1, "*": 4, "Please": 3, "civil": 1, "Report": 1, "comments": 3, "moderator": 1, "review": 1, "low": 1, "effort": 1, "joke": 1, "threads": 1, "memes": 1, "slogans": 1, "links": 1, "context": 1, "Help": 1, "echo": 1, "chamber": 1, "Violators": 1, "bear": 1, "bot": 1, "action": 1, "[": 1, "moderators": 1, "/message/compose/": 1, "to=/r/PoliticalDiscussion": 1, "questions": 1, "concerns": 1}}, {"title": "Should natives have expanded rights in government? ", "description": "By this i mean should they get any special representation, voices, higher autonomy, their our autonomous counties or states etc. \n\nAn example of an autonomous county can be like a native land that isn\u2019t within any other county but is within a state. it has its own charter/constitution and leadership and can create laws and ordinances. \n\nspecial representation may be reserved seats in legislatures or resident commisioner positions in state legislatures. \n\nthoughts? ideas? i\u2019ll leave some of mine in the comments.", "comment": "From your post and responses, you seem to be grossly misinformed on Native American rights. \n\nFirst, Native tribes are and have always been sovereign nations. US breaking treaties was vile and reprehensible, but it was the time period, it happened between bigger nations too (British Impressment post Revolutionary War was a violation of the Treat of Paris and led directly to the War of 1812). \n\nSecond, under the 14th Amendment and the Indian Voting Rights Act of 1924, Native Americans HAVE had voting rights (became universal due to some state laws in 1957). Being able to vote in State and Federal elections, including legislative elections. \n\nWhile limited, there are 5 members of the House that are Native American (3 GOP, 2 Dem).\n\nThen you gotta figure out how to GET commissioners (if you go that route) are you getting one from each nation? Per X# of nations? 1-2 per State? How do you handle bigger nations stepping on smaller ones?\n\nThen, the House has to deal with more non-voting members when what they need is more VOTING members with smaller districts (which is a whole different discussion, but would get more minority groups represented). Not more special interests groups yammering for limited attention.", "title_sentiment": {"neg": 0.0, "neu": 1.0, "pos": 0.0, "compound": 0.0}, "description_sentiment": {"neg": 0.015, "neu": 0.864, "pos": 0.12, "compound": 0.8343}, "comment_sentiment": {"neg": 0.15, "neu": 0.834, "pos": 0.016, "compound": -0.982}, "title_keywords": {"natives": 1, "rights": 1, "government": 1}, "description_keywords": {"i": 2, "mean": 1, "special": 2, "representation": 2, "voices": 1, "higher": 1, "autonomy": 1, "autonomous": 2, "counties": 1, "states": 1, "example": 1, "county": 2, "native": 1, "land": 1, "\u2019": 1, "t": 1, "other": 1, "state": 2, "own": 1, "charter/constitution": 1, "leadership": 1, "laws": 1, "ordinances": 1, "seats": 1, "legislatures": 2, "resident": 1, "commisioner": 1, "positions": 1, "thoughts": 1, "ideas": 1, "ll": 1, "mine": 1, "comments": 1}, "comment_keywords": {"post": 2, "responses": 1, "Native": 4, "American": 2, "rights": 2, "First": 1, "tribes": 1, "sovereign": 1, "nations": 4, "US": 1, "treaties": 1, "vile": 1, "reprehensible": 1, "time": 1, "period": 1, "bigger": 2, "British": 1, "Impressment": 1, "Revolutionary": 1, "War": 2, "violation": 1, "Treat": 1, "Paris": 1, "Second": 1, "Amendment": 1, "Indian": 1, "Voting": 1, "Rights": 1, "Act": 1, "Americans": 1, "HAVE": 1, "voting": 1, "due": 1, "state": 1, "laws": 1, "able": 1, "State": 2, "Federal": 1, "elections": 2, "legislative": 1, "limited": 2, "members": 3, "House": 2, "GOP": 1, "Dem": 1, "ta": 1, "figure": 1, "commissioners": 1, "route": 1, "nation": 1, "Per": 1, "X": 1, "1-2": 1, "smaller": 2, "ones": 1, "more": 2, "non-voting": 1, "VOTING": 1, "districts": 1, "whole": 1, "different": 1, "discussion": 1, "minority": 1, "groups": 2, "special": 1, "interests": 1, "attention": 1}}, {"title": "Should natives have expanded rights in government? ", "description": "By this i mean should they get any special representation, voices, higher autonomy, their our autonomous counties or states etc. \n\nAn example of an autonomous county can be like a native land that isn\u2019t within any other county but is within a state. it has its own charter/constitution and leadership and can create laws and ordinances. \n\nspecial representation may be reserved seats in legislatures or resident commisioner positions in state legislatures. \n\nthoughts? ideas? i\u2019ll leave some of mine in the comments.", "comment": "According to most of the treaties in the United States, Native American tribal nations are just that: nations.  They have ceded foreign relations to the United States, but they are not part of the states whose territory borders them, even if it surrounds them.  For instance, Highway Patrol officers do not have jurisdiction to enter tribal lands to make arrests, conduct searches, or serve warrants.  FBI agents have limited jurisdiction, in consultation with tribal authorities.  \n    \nThat said, states often blithely ignore these rules when they think they can get away with it.  For instance, there was an Attorney General in Kansas some time ago that raided stores on reservation land because they supposedly weren't collecting state sales or liquor taxes -- which they aren't obligated to do, of course.  His excuse was that they were accessible from the interstate, which had the right of way leased from the tribe, and therefore through some mental gymnastics were part of Kansas. \n   \nSo, should they have rights in the lands stolen from them and/or ceded to them?  Certainly.  Is it realistic to expect that people with vested interests will grant or respect those rights?  No.", "title_sentiment": {"neg": 0.0, "neu": 1.0, "pos": 0.0, "compound": 0.0}, "description_sentiment": {"neg": 0.015, "neu": 0.864, "pos": 0.12, "compound": 0.8343}, "comment_sentiment": {"neg": 0.077, "neu": 0.828, "pos": 0.095, "compound": 0.2406}, "title_keywords": {"natives": 1, "rights": 1, "government": 1}, "description_keywords": {"i": 2, "mean": 1, "special": 2, "representation": 2, "voices": 1, "higher": 1, "autonomy": 1, "autonomous": 2, "counties": 1, "states": 1, "example": 1, "county": 2, "native": 1, "land": 1, "\u2019": 1, "t": 1, "other": 1, "state": 2, "own": 1, "charter/constitution": 1, "leadership": 1, "laws": 1, "ordinances": 1, "seats": 1, "legislatures": 2, "resident": 1, "commisioner": 1, "positions": 1, "thoughts": 1, "ideas": 1, "ll": 1, "mine": 1, "comments": 1}, "comment_keywords": {"most": 1, "treaties": 1, "United": 2, "States": 2, "Native": 1, "American": 1, "tribal": 3, "nations": 2, "foreign": 1, "relations": 1, "part": 2, "states": 2, "territory": 1, "borders": 1, "instance": 2, "Highway": 1, "Patrol": 1, "officers": 1, "jurisdiction": 2, "lands": 2, "arrests": 1, "conduct": 1, "searches": 1, "warrants": 1, "FBI": 1, "agents": 1, "consultation": 1, "authorities": 1, "rules": 1, "Attorney": 1, "General": 1, "Kansas": 2, "time": 1, "stores": 1, "reservation": 1, "land": 1, "state": 1, "sales": 1, "liquor": 1, "taxes": 1, "course": 1, "excuse": 1, "accessible": 1, "interstate": 1, "right": 1, "way": 1, "tribe": 1, "mental": 1, "gymnastics": 1, "rights": 2, "realistic": 1, "people": 1, "vested": 1, "interests": 1}}, {"title": "Should natives have expanded rights in government? ", "description": "By this i mean should they get any special representation, voices, higher autonomy, their our autonomous counties or states etc. \n\nAn example of an autonomous county can be like a native land that isn\u2019t within any other county but is within a state. it has its own charter/constitution and leadership and can create laws and ordinances. \n\nspecial representation may be reserved seats in legislatures or resident commisioner positions in state legislatures. \n\nthoughts? ideas? i\u2019ll leave some of mine in the comments.", "comment": "I am indigenous. Outside of the procedural/statutory ambiguities and mistakes in your post, I want to focus on the fundamentals.\n\nIn my experience, Native Americans want nothing to do with the governments of municipalities and states. This is because our leverage and autonomy is greater from the tribal level. We are \"sovereign\" meaning we supercede the laws and statutes of local, county and state authorities. In general, the federal government does not want conflict with us, although the BIA takes different forms under each POTUS.\n\nAll that to say - going from a councilor position in a tribe to a county commissioner is, effectively, a serious demotion. There is far less leverage to be wielded at that level.\n\nI hope this helps.", "title_sentiment": {"neg": 0.0, "neu": 1.0, "pos": 0.0, "compound": 0.0}, "description_sentiment": {"neg": 0.015, "neu": 0.864, "pos": 0.12, "compound": 0.8343}, "comment_sentiment": {"neg": 0.03, "neu": 0.832, "pos": 0.137, "compound": 0.885}, "title_keywords": {"natives": 1, "rights": 1, "government": 1}, "description_keywords": {"i": 2, "mean": 1, "special": 2, "representation": 2, "voices": 1, "higher": 1, "autonomy": 1, "autonomous": 2, "counties": 1, "states": 1, "example": 1, "county": 2, "native": 1, "land": 1, "\u2019": 1, "t": 1, "other": 1, "state": 2, "own": 1, "charter/constitution": 1, "leadership": 1, "laws": 1, "ordinances": 1, "seats": 1, "legislatures": 2, "resident": 1, "commisioner": 1, "positions": 1, "thoughts": 1, "ideas": 1, "ll": 1, "mine": 1, "comments": 1}, "comment_keywords": {"indigenous": 1, "procedural/statutory": 1, "ambiguities": 1, "mistakes": 1, "post": 1, "fundamentals": 1, "experience": 1, "Native": 1, "Americans": 1, "nothing": 1, "governments": 1, "municipalities": 1, "states": 1, "leverage": 2, "autonomy": 1, "greater": 1, "tribal": 1, "level": 2, "sovereign": 1, "meaning": 1, "laws": 1, "statutes": 1, "local": 1, "county": 2, "state": 1, "authorities": 1, "general": 1, "federal": 1, "government": 1, "conflict": 1, "BIA": 1, "different": 1, "forms": 1, "POTUS": 1, "councilor": 1, "position": 1, "tribe": 1, "commissioner": 1, "serious": 1, "demotion": 1, "less": 1, "helps": 1}}]