[{"title": "Are the anti-Biden Left equivalent to the Never-Trump Right?", "description": "Since the attack on Israel on Oct 7th of last year by Hamas and the forceful response to that terrorism by Israel, many on the Left have protested Biden and those Democrats who support Israel as unacceptable to the point where some say they won't vote for Biden in November. Similarly, in 2016, a group of conservative Republicans didn't like Trump because he didn't uphold conservative values or principles and vowed not to vote for him then and for many, ever again. They became Never-Trumpers. Some even decided to support Biden and left the GOP.\n\nDo you see a similar phenomenon happening to those who decry Biden's support for Israel and pledge not to vote for him for president? Will they become essentially Never-Biden liberals, where a noticeable few defect and even support Trump over Biden, just as some Never-Trumpers did? How would this development upend the presidential contest? What kind of visibility would these defections receive in the media?", "comment": "[A reminder for everyone](https://www.reddit.com/r/PoliticalDiscussion/comments/4479er/rules_explanations_and_reminders/). This is a subreddit for genuine discussion:\n\n* Please keep it civil. Report rulebreaking comments for moderator review.\n* Don't post low effort comments like joke threads, memes, slogans, or links without context.\n* Help prevent this subreddit from becoming an echo chamber. Please don't downvote comments with which you disagree.\n\nViolators will be fed to the bear.\n\n---\n\n*I am a bot, and this action was performed automatically. Please [contact the moderators of this subreddit](/message/compose/?to=/r/PoliticalDiscussion) if you have any questions or concerns.*", "title_sentiment": {"neg": 0.0, "neu": 1.0, "pos": 0.0, "compound": 0.0}, "description_sentiment": {"neg": 0.126, "neu": 0.814, "pos": 0.061, "compound": -0.8917}, "comment_sentiment": {"neg": 0.094, "neu": 0.764, "pos": 0.142, "compound": 0.5547}, "title_keywords": {"anti-Biden": 1, "Left": 1, "equivalent": 1, "Never-Trump": 1, "Right": 1}, "description_keywords": {"attack": 1, "Israel": 4, "Oct": 1, "last": 1, "year": 1, "Hamas": 1, "forceful": 1, "response": 1, "terrorism": 1, "many": 2, "Left": 1, "Biden": 5, "Democrats": 1, "unacceptable": 1, "point": 1, "November": 1, "group": 1, "conservative": 2, "Republicans": 1, "Trump": 2, "uphold": 1, "values": 1, "principles": 1, "Never-Trumpers": 2, "GOP": 1, "similar": 1, "phenomenon": 1, "support": 1, "pledge": 1, "president": 1, "Will": 1, "Never-Biden": 1, "liberals": 1, "noticeable": 1, "few": 1, "defect": 1, "How": 1, "development": 1, "presidential": 1, "contest": 1, "kind": 1, "visibility": 1, "defections": 1, "media": 1}, "comment_keywords": {"reminder": 1, "everyone": 1, "]": 2, "https": 1, "//www.reddit.com/r/PoliticalDiscussion/comments/4479er/rules_explanations_and_reminders/": 1, "subreddit": 3, "genuine": 1, "discussion": 1, "*": 4, "Please": 3, "civil": 1, "Report": 1, "comments": 3, "moderator": 1, "review": 1, "low": 1, "effort": 1, "joke": 1, "threads": 1, "memes": 1, "slogans": 1, "links": 1, "context": 1, "Help": 1, "echo": 1, "chamber": 1, "Violators": 1, "bear": 1, "bot": 1, "action": 1, "[": 1, "moderators": 1, "/message/compose/": 1, "to=/r/PoliticalDiscussion": 1, "questions": 1, "concerns": 1}}, {"title": "Are the anti-Biden Left equivalent to the Never-Trump Right?", "description": "Since the attack on Israel on Oct 7th of last year by Hamas and the forceful response to that terrorism by Israel, many on the Left have protested Biden and those Democrats who support Israel as unacceptable to the point where some say they won't vote for Biden in November. Similarly, in 2016, a group of conservative Republicans didn't like Trump because he didn't uphold conservative values or principles and vowed not to vote for him then and for many, ever again. They became Never-Trumpers. Some even decided to support Biden and left the GOP.\n\nDo you see a similar phenomenon happening to those who decry Biden's support for Israel and pledge not to vote for him for president? Will they become essentially Never-Biden liberals, where a noticeable few defect and even support Trump over Biden, just as some Never-Trumpers did? How would this development upend the presidential contest? What kind of visibility would these defections receive in the media?", "comment": "I think the people who are democrats that are mad at Biden still hate Trump more. At the very best they will still vote Biden and at the very worst they won't vote at all. I don't see many of them actively voting for Trump but I am sure there will be that one person who does but they will be few and far between.", "title_sentiment": {"neg": 0.0, "neu": 1.0, "pos": 0.0, "compound": 0.0}, "description_sentiment": {"neg": 0.126, "neu": 0.814, "pos": 0.061, "compound": -0.8917}, "comment_sentiment": {"neg": 0.101, "neu": 0.794, "pos": 0.104, "compound": 0.0516}, "title_keywords": {"anti-Biden": 1, "Left": 1, "equivalent": 1, "Never-Trump": 1, "Right": 1}, "description_keywords": {"attack": 1, "Israel": 4, "Oct": 1, "last": 1, "year": 1, "Hamas": 1, "forceful": 1, "response": 1, "terrorism": 1, "many": 2, "Left": 1, "Biden": 5, "Democrats": 1, "unacceptable": 1, "point": 1, "November": 1, "group": 1, "conservative": 2, "Republicans": 1, "Trump": 2, "uphold": 1, "values": 1, "principles": 1, "Never-Trumpers": 2, "GOP": 1, "similar": 1, "phenomenon": 1, "support": 1, "pledge": 1, "president": 1, "Will": 1, "Never-Biden": 1, "liberals": 1, "noticeable": 1, "few": 1, "defect": 1, "How": 1, "development": 1, "presidential": 1, "contest": 1, "kind": 1, "visibility": 1, "defections": 1, "media": 1}, "comment_keywords": {"people": 1, "democrats": 1, "mad": 1, "Biden": 2, "Trump": 2, "best": 1, "worst": 1, "many": 1, "sure": 1, "person": 1, "few": 1}}, {"title": "Are the anti-Biden Left equivalent to the Never-Trump Right?", "description": "Since the attack on Israel on Oct 7th of last year by Hamas and the forceful response to that terrorism by Israel, many on the Left have protested Biden and those Democrats who support Israel as unacceptable to the point where some say they won't vote for Biden in November. Similarly, in 2016, a group of conservative Republicans didn't like Trump because he didn't uphold conservative values or principles and vowed not to vote for him then and for many, ever again. They became Never-Trumpers. Some even decided to support Biden and left the GOP.\n\nDo you see a similar phenomenon happening to those who decry Biden's support for Israel and pledge not to vote for him for president? Will they become essentially Never-Biden liberals, where a noticeable few defect and even support Trump over Biden, just as some Never-Trumpers did? How would this development upend the presidential contest? What kind of visibility would these defections receive in the media?", "comment": "The Never-Trump Republicans were closer to the middle than Trump's supporters. The Never-Biden Democrats are farther to the left than Biden's base.", "title_sentiment": {"neg": 0.0, "neu": 1.0, "pos": 0.0, "compound": 0.0}, "description_sentiment": {"neg": 0.126, "neu": 0.814, "pos": 0.061, "compound": -0.8917}, "comment_sentiment": {"neg": 0.0, "neu": 0.879, "pos": 0.121, "compound": 0.4404}, "title_keywords": {"anti-Biden": 1, "Left": 1, "equivalent": 1, "Never-Trump": 1, "Right": 1}, "description_keywords": {"attack": 1, "Israel": 4, "Oct": 1, "last": 1, "year": 1, "Hamas": 1, "forceful": 1, "response": 1, "terrorism": 1, "many": 2, "Left": 1, "Biden": 5, "Democrats": 1, "unacceptable": 1, "point": 1, "November": 1, "group": 1, "conservative": 2, "Republicans": 1, "Trump": 2, "uphold": 1, "values": 1, "principles": 1, "Never-Trumpers": 2, "GOP": 1, "similar": 1, "phenomenon": 1, "support": 1, "pledge": 1, "president": 1, "Will": 1, "Never-Biden": 1, "liberals": 1, "noticeable": 1, "few": 1, "defect": 1, "How": 1, "development": 1, "presidential": 1, "contest": 1, "kind": 1, "visibility": 1, "defections": 1, "media": 1}, "comment_keywords": {"Never-Trump": 1, "Republicans": 1, "closer": 1, "middle": 1, "Trump": 1, "supporters": 1, "Never-Biden": 1, "Democrats": 1, "left": 1, "Biden": 1, "base": 1}}, {"title": "Are the anti-Biden Left equivalent to the Never-Trump Right?", "description": "Since the attack on Israel on Oct 7th of last year by Hamas and the forceful response to that terrorism by Israel, many on the Left have protested Biden and those Democrats who support Israel as unacceptable to the point where some say they won't vote for Biden in November. Similarly, in 2016, a group of conservative Republicans didn't like Trump because he didn't uphold conservative values or principles and vowed not to vote for him then and for many, ever again. They became Never-Trumpers. Some even decided to support Biden and left the GOP.\n\nDo you see a similar phenomenon happening to those who decry Biden's support for Israel and pledge not to vote for him for president? Will they become essentially Never-Biden liberals, where a noticeable few defect and even support Trump over Biden, just as some Never-Trumpers did? How would this development upend the presidential contest? What kind of visibility would these defections receive in the media?", "comment": "Hell no. The layman\u2019s difference is that the Anti-Biden Left would also never vote for Trump.", "title_sentiment": {"neg": 0.0, "neu": 1.0, "pos": 0.0, "compound": 0.0}, "description_sentiment": {"neg": 0.126, "neu": 0.814, "pos": 0.061, "compound": -0.8917}, "comment_sentiment": {"neg": 0.327, "neu": 0.673, "pos": 0.0, "compound": -0.7783}, "title_keywords": {"anti-Biden": 1, "Left": 1, "equivalent": 1, "Never-Trump": 1, "Right": 1}, "description_keywords": {"attack": 1, "Israel": 4, "Oct": 1, "last": 1, "year": 1, "Hamas": 1, "forceful": 1, "response": 1, "terrorism": 1, "many": 2, "Left": 1, "Biden": 5, "Democrats": 1, "unacceptable": 1, "point": 1, "November": 1, "group": 1, "conservative": 2, "Republicans": 1, "Trump": 2, "uphold": 1, "values": 1, "principles": 1, "Never-Trumpers": 2, "GOP": 1, "similar": 1, "phenomenon": 1, "support": 1, "pledge": 1, "president": 1, "Will": 1, "Never-Biden": 1, "liberals": 1, "noticeable": 1, "few": 1, "defect": 1, "How": 1, "development": 1, "presidential": 1, "contest": 1, "kind": 1, "visibility": 1, "defections": 1, "media": 1}, "comment_keywords": {"Hell": 1, "layman": 1, "\u2019": 1, "s": 1, "difference": 1, "Anti-Biden": 1, "Left": 1, "vote": 1, "Trump": 1}}]