[{"title": "Moving forward on Israel/Palestine posts, and other moderation concerns", "description": "Hi all. Posting this on Sunday night EST so this isn't mistaken for an April Fool's Thing (sorry, GMT folks).\n\nTwo things as we enter Q2 of 2024:\n\n1) **Israel/Palestine**.   Big issues with this topic in particular, and it's a sitewide problem and one that no single sub or mod can possibly fix.  What I can do, for here at least, is make this a place that is safe and free to discuss *without hate speech* and *without violating sitewide rules*.  The latter, we have no choice in.  The former, the level of discourse required by the site is lower than the level of discourse we should be able to expect when talking about such a volatile topic.\n\nI see a few paths forward, and would love anyone's thoughts:\n\na) Maintain the moratorium - if it ain't broke, etc.\n\nb) Strict moderation of the topic - basically what we had before, as much as \"I wonder how long before this gets locked\" became a thing.\n\nc) Stricter moderation on the topic - allow the posts, but be very quick to remove anything inflammatory.\n\nd) A \"megathread\" of sorts of Israel/Palestine reads that is heavily moderated or otherwise doesn't have long back-and-forths.\n\nd) Something else I'm not thinking of.\n\nThere are no good answers here, in part because anti-semites don't care as long as they can boost their hate, anti-Arab/Muslim people don't care as long as they can boost their hate, and a lot of people who aren't outright hateful still repeat the boosted stuff believing incorrectly that it *isn't* hateful.  Like I said, bigger problem than here.\n\nThe only option not on the table is to allow the hate speech to linger.  That's not going to happen.  Anything else, though, I'm all ears.\n\n(Do not debate it here in this post.  If you have to ask if it's hate speech, it's probably hate speech.)\n\n2) **Moderation in General**: Traditionally, the rules on the sidebar have been less hard-and-fast and more \"hard suggestions.\"  The predominant approach over the years was a hands-off one.  Is that still working for people?\n\nThanks for making this place one of the more interesting places on the site.", "comment": "My vote is to maintain the moratorium on this radioactive topic.", "title_sentiment": {"neg": 0.0, "neu": 1.0, "pos": 0.0, "compound": 0.0}, "description_sentiment": {"neg": 0.132, "neu": 0.765, "pos": 0.104, "compound": -0.9282}, "comment_sentiment": {"neg": 0.0, "neu": 1.0, "pos": 0.0, "compound": 0.0}, "title_keywords": {"Israel/Palestine": 1, "posts": 1, "other": 1, "moderation": 1, "concerns": 1}, "description_keywords": {"Hi": 1, "Sunday": 1, "night": 1, "EST": 1, "April": 1, "Fool": 1, "Thing": 1, "sorry": 1, "GMT": 1, "folks": 1, "things": 1, "*": 13, "Israel/Palestine": 2, "Big": 1, "issues": 1, "topic": 4, "particular": 1, "sitewide": 2, "problem": 2, "single": 1, "sub": 1, "mod": 1, "least": 1, "place": 2, "safe": 1, "free": 1, "hate": 6, "speech": 4, "rules": 2, "latter": 1, "choice": 1, "former": 1, "level": 2, "discourse": 2, "site": 2, "lower": 1, "able": 1, "volatile": 1, "few": 1, "paths": 1, "anyone": 1, "thoughts": 1, "moratorium": 1, "b": 1, "Strict": 1, "moderation": 2, "much": 1, "long": 2, "thing": 1, "c": 1, "Stricter": 1, "posts": 1, "quick": 1, "anything": 1, "inflammatory": 1, "d": 2, "megathread": 1, "sorts": 1, "reads": 1, "back-and-forths": 1, "good": 1, "answers": 1, "part": 1, "anti-semites": 1, "anti-Arab/Muslim": 1, "people": 3, "lot": 1, "boosted": 1, "stuff": 1, "hateful": 1, "bigger": 1, "only": 1, "option": 1, "table": 1, "Anything": 1, "ears": 1, "Do": 1, "post": 1, "Moderation": 1, "General": 1, "sidebar": 1, "less": 1, "hard-and-fast": 1, "hard": 1, "suggestions": 1, "predominant": 1, "approach": 1, "years": 1, "hands-off": 1, "one": 1, "Thanks": 1, "interesting": 1, "places": 1}, "comment_keywords": {"vote": 1, "moratorium": 1, "radioactive": 1, "topic": 1}}, {"title": "Moving forward on Israel/Palestine posts, and other moderation concerns", "description": "Hi all. Posting this on Sunday night EST so this isn't mistaken for an April Fool's Thing (sorry, GMT folks).\n\nTwo things as we enter Q2 of 2024:\n\n1) **Israel/Palestine**.   Big issues with this topic in particular, and it's a sitewide problem and one that no single sub or mod can possibly fix.  What I can do, for here at least, is make this a place that is safe and free to discuss *without hate speech* and *without violating sitewide rules*.  The latter, we have no choice in.  The former, the level of discourse required by the site is lower than the level of discourse we should be able to expect when talking about such a volatile topic.\n\nI see a few paths forward, and would love anyone's thoughts:\n\na) Maintain the moratorium - if it ain't broke, etc.\n\nb) Strict moderation of the topic - basically what we had before, as much as \"I wonder how long before this gets locked\" became a thing.\n\nc) Stricter moderation on the topic - allow the posts, but be very quick to remove anything inflammatory.\n\nd) A \"megathread\" of sorts of Israel/Palestine reads that is heavily moderated or otherwise doesn't have long back-and-forths.\n\nd) Something else I'm not thinking of.\n\nThere are no good answers here, in part because anti-semites don't care as long as they can boost their hate, anti-Arab/Muslim people don't care as long as they can boost their hate, and a lot of people who aren't outright hateful still repeat the boosted stuff believing incorrectly that it *isn't* hateful.  Like I said, bigger problem than here.\n\nThe only option not on the table is to allow the hate speech to linger.  That's not going to happen.  Anything else, though, I'm all ears.\n\n(Do not debate it here in this post.  If you have to ask if it's hate speech, it's probably hate speech.)\n\n2) **Moderation in General**: Traditionally, the rules on the sidebar have been less hard-and-fast and more \"hard suggestions.\"  The predominant approach over the years was a hands-off one.  Is that still working for people?\n\nThanks for making this place one of the more interesting places on the site.", "comment": "Do you / the mod team have the resources to carefully monitor the Israel / Palestine posts? It really requires intensive moderation (something that is way above what would be reasonable for any other topic), and if you aren't able to provide that extra level of careful, post-by-post / comment-by-comment supervision on it 24/7/365 it is probably better to keep the moratorium in place. It's not exactly as if there's a shortage of places to go over this topic.", "title_sentiment": {"neg": 0.0, "neu": 1.0, "pos": 0.0, "compound": 0.0}, "description_sentiment": {"neg": 0.132, "neu": 0.765, "pos": 0.104, "compound": -0.9282}, "comment_sentiment": {"neg": 0.025, "neu": 0.899, "pos": 0.076, "compound": 0.4588}, "title_keywords": {"Israel/Palestine": 1, "posts": 1, "other": 1, "moderation": 1, "concerns": 1}, "description_keywords": {"Hi": 1, "Sunday": 1, "night": 1, "EST": 1, "April": 1, "Fool": 1, "Thing": 1, "sorry": 1, "GMT": 1, "folks": 1, "things": 1, "*": 13, "Israel/Palestine": 2, "Big": 1, "issues": 1, "topic": 4, "particular": 1, "sitewide": 2, "problem": 2, "single": 1, "sub": 1, "mod": 1, "least": 1, "place": 2, "safe": 1, "free": 1, "hate": 6, "speech": 4, "rules": 2, "latter": 1, "choice": 1, "former": 1, "level": 2, "discourse": 2, "site": 2, "lower": 1, "able": 1, "volatile": 1, "few": 1, "paths": 1, "anyone": 1, "thoughts": 1, "moratorium": 1, "b": 1, "Strict": 1, "moderation": 2, "much": 1, "long": 2, "thing": 1, "c": 1, "Stricter": 1, "posts": 1, "quick": 1, "anything": 1, "inflammatory": 1, "d": 2, "megathread": 1, "sorts": 1, "reads": 1, "back-and-forths": 1, "good": 1, "answers": 1, "part": 1, "anti-semites": 1, "anti-Arab/Muslim": 1, "people": 3, "lot": 1, "boosted": 1, "stuff": 1, "hateful": 1, "bigger": 1, "only": 1, "option": 1, "table": 1, "Anything": 1, "ears": 1, "Do": 1, "post": 1, "Moderation": 1, "General": 1, "sidebar": 1, "less": 1, "hard-and-fast": 1, "hard": 1, "suggestions": 1, "predominant": 1, "approach": 1, "years": 1, "hands-off": 1, "one": 1, "Thanks": 1, "interesting": 1, "places": 1}, "comment_keywords": {"mod": 1, "team": 1, "resources": 1, "Israel": 1, "/": 2, "Palestine": 1, "posts": 1, "intensive": 1, "moderation": 1, "something": 1, "way": 1, "reasonable": 1, "other": 1, "topic": 2, "able": 1, "extra": 1, "level": 1, "careful": 1, "post-by-post": 1, "comment-by-comment": 1, "supervision": 1, "moratorium": 1, "place": 1, "shortage": 1, "places": 1}}, {"title": "Moving forward on Israel/Palestine posts, and other moderation concerns", "description": "Hi all. Posting this on Sunday night EST so this isn't mistaken for an April Fool's Thing (sorry, GMT folks).\n\nTwo things as we enter Q2 of 2024:\n\n1) **Israel/Palestine**.   Big issues with this topic in particular, and it's a sitewide problem and one that no single sub or mod can possibly fix.  What I can do, for here at least, is make this a place that is safe and free to discuss *without hate speech* and *without violating sitewide rules*.  The latter, we have no choice in.  The former, the level of discourse required by the site is lower than the level of discourse we should be able to expect when talking about such a volatile topic.\n\nI see a few paths forward, and would love anyone's thoughts:\n\na) Maintain the moratorium - if it ain't broke, etc.\n\nb) Strict moderation of the topic - basically what we had before, as much as \"I wonder how long before this gets locked\" became a thing.\n\nc) Stricter moderation on the topic - allow the posts, but be very quick to remove anything inflammatory.\n\nd) A \"megathread\" of sorts of Israel/Palestine reads that is heavily moderated or otherwise doesn't have long back-and-forths.\n\nd) Something else I'm not thinking of.\n\nThere are no good answers here, in part because anti-semites don't care as long as they can boost their hate, anti-Arab/Muslim people don't care as long as they can boost their hate, and a lot of people who aren't outright hateful still repeat the boosted stuff believing incorrectly that it *isn't* hateful.  Like I said, bigger problem than here.\n\nThe only option not on the table is to allow the hate speech to linger.  That's not going to happen.  Anything else, though, I'm all ears.\n\n(Do not debate it here in this post.  If you have to ask if it's hate speech, it's probably hate speech.)\n\n2) **Moderation in General**: Traditionally, the rules on the sidebar have been less hard-and-fast and more \"hard suggestions.\"  The predominant approach over the years was a hands-off one.  Is that still working for people?\n\nThanks for making this place one of the more interesting places on the site.", "comment": "Maintain the moratorium.\u00a0", "title_sentiment": {"neg": 0.0, "neu": 1.0, "pos": 0.0, "compound": 0.0}, "description_sentiment": {"neg": 0.132, "neu": 0.765, "pos": 0.104, "compound": -0.9282}, "comment_sentiment": {"neg": 0.0, "neu": 1.0, "pos": 0.0, "compound": 0.0}, "title_keywords": {"Israel/Palestine": 1, "posts": 1, "other": 1, "moderation": 1, "concerns": 1}, "description_keywords": {"Hi": 1, "Sunday": 1, "night": 1, "EST": 1, "April": 1, "Fool": 1, "Thing": 1, "sorry": 1, "GMT": 1, "folks": 1, "things": 1, "*": 13, "Israel/Palestine": 2, "Big": 1, "issues": 1, "topic": 4, "particular": 1, "sitewide": 2, "problem": 2, "single": 1, "sub": 1, "mod": 1, "least": 1, "place": 2, "safe": 1, "free": 1, "hate": 6, "speech": 4, "rules": 2, "latter": 1, "choice": 1, "former": 1, "level": 2, "discourse": 2, "site": 2, "lower": 1, "able": 1, "volatile": 1, "few": 1, "paths": 1, "anyone": 1, "thoughts": 1, "moratorium": 1, "b": 1, "Strict": 1, "moderation": 2, "much": 1, "long": 2, "thing": 1, "c": 1, "Stricter": 1, "posts": 1, "quick": 1, "anything": 1, "inflammatory": 1, "d": 2, "megathread": 1, "sorts": 1, "reads": 1, "back-and-forths": 1, "good": 1, "answers": 1, "part": 1, "anti-semites": 1, "anti-Arab/Muslim": 1, "people": 3, "lot": 1, "boosted": 1, "stuff": 1, "hateful": 1, "bigger": 1, "only": 1, "option": 1, "table": 1, "Anything": 1, "ears": 1, "Do": 1, "post": 1, "Moderation": 1, "General": 1, "sidebar": 1, "less": 1, "hard-and-fast": 1, "hard": 1, "suggestions": 1, "predominant": 1, "approach": 1, "years": 1, "hands-off": 1, "one": 1, "Thanks": 1, "interesting": 1, "places": 1}, "comment_keywords": {"moratorium": 1}}, {"title": "Amateur diver 'true crime junkies' have found 11 bodies, 350 sunken cars in Florida", "description": "", "comment": "\nRemember that TrueReddit is a place to engage in **high-quality and civil discussion**. Posts must meet certain content and title requirements. Additionally, **all posts must contain a submission statement.** See the rules [here](https://old.reddit.com/r/truereddit/about/rules/) or in the sidebar for details. \n\nComments or posts that don't follow the rules may be removed without warning. [Reddit's content policy](https://www.redditinc.com/policies/content-policy) will be strictly enforced, especially regarding hate speech and calls for violence, and may result in a restriction in your participation.\n\nIf an article is paywalled, please ***do not*** request or post its contents. Use [archive.ph](https://archive.ph/) or similar and link to that in the comments.\n\n*I am a bot, and this action was performed automatically. Please [contact the moderators of this subreddit](/message/compose/?to=/r/TrueReddit) if you have any questions or concerns.*", "title_sentiment": {"neg": 0.191, "neu": 0.656, "pos": 0.153, "compound": -0.1779}, "description_sentiment": {"neg": 0.0, "neu": 0.0, "pos": 0.0, "compound": 0.0}, "comment_sentiment": {"neg": 0.076, "neu": 0.84, "pos": 0.084, "compound": -0.2599}, "title_keywords": {"Amateur": 1, "diver": 1, "crime": 1, "junkies": 1, "bodies": 1, "sunken": 1, "cars": 1, "Florida": 1}, "description_keywords": {}, "comment_keywords": {"Remember": 1, "TrueReddit": 1, "place": 1, "*": 15, "high-quality": 1, "civil": 1, "discussion": 1, "Posts": 1, "certain": 1, "content": 2, "title": 1, "requirements": 1, "posts": 2, "submission": 1, "statement": 1, "rules": 2, "]": 4, "https": 3, "//old.reddit.com/r/truereddit/about/rules/": 1, "sidebar": 1, "details": 1, "Comments": 1, "Reddit": 1, "policy": 1, "//www.redditinc.com/policies/content-policy": 1, "hate": 1, "speech": 1, "calls": 1, "violence": 1, "restriction": 1, "participation": 1, "article": 1, "request": 1, "post": 1, "contents": 1, "Use": 1, "[": 2, "archive.ph": 1, "//archive.ph/": 1, "similar": 1, "link": 1, "comments": 1, "bot": 1, "action": 1, "Please": 1, "moderators": 1, "subreddit": 1, "/message/compose/": 1, "to=/r/TrueReddit": 1, "questions": 1, "concerns": 1}}, {"title": "Amateur diver 'true crime junkies' have found 11 bodies, 350 sunken cars in Florida", "description": "", "comment": "Doing ~~God\u2019s~~ Police work. If two guy can do this why isn\u2019t it a unit of 2 police divers on the payroll to do this yearly?", "title_sentiment": {"neg": 0.191, "neu": 0.656, "pos": 0.153, "compound": -0.1779}, "description_sentiment": {"neg": 0.0, "neu": 0.0, "pos": 0.0, "compound": 0.0}, "comment_sentiment": {"neg": 0.0, "neu": 1.0, "pos": 0.0, "compound": 0.0}, "title_keywords": {"Amateur": 1, "diver": 1, "crime": 1, "junkies": 1, "bodies": 1, "sunken": 1, "cars": 1, "Florida": 1}, "description_keywords": {}, "comment_keywords": {"~~God": 1, "\u2019": 2, "s~~": 1, "Police": 1, "work": 1, "guy": 1, "isn": 1, "t": 1, "unit": 1, "police": 1, "divers": 1, "payroll": 1}}, {"title": "Amateur diver 'true crime junkies' have found 11 bodies, 350 sunken cars in Florida", "description": "", "comment": "In the last two years, the half-brother owners of Sunshine State Sonar have found more than 350 cars in canals, ponds and waterways across Florida. They have discovered remains of 11 missing people inside cars, giving answers to relatives who had spent years agonizing over the mysteries of their loved ones' disappearances.\n\nThese weekend fishermen turned amateur underwater detectives were regular true-crime junkies, but now they  dive into cold cases, searching for the disappeared. They choose the cases themselves, following threads online (INCLUDING REDDIT). Other times, law enforcement asks for their help.\n\nPretty cool story about why and how they do it.", "title_sentiment": {"neg": 0.191, "neu": 0.656, "pos": 0.153, "compound": -0.1779}, "description_sentiment": {"neg": 0.0, "neu": 0.0, "pos": 0.0, "compound": 0.0}, "comment_sentiment": {"neg": 0.054, "neu": 0.799, "pos": 0.147, "compound": 0.8945}, "title_keywords": {"Amateur": 1, "diver": 1, "crime": 1, "junkies": 1, "bodies": 1, "sunken": 1, "cars": 1, "Florida": 1}, "description_keywords": {}, "comment_keywords": {"last": 1, "years": 2, "half-brother": 1, "owners": 1, "Sunshine": 1, "State": 1, "Sonar": 1, "more": 1, "cars": 2, "canals": 1, "ponds": 1, "waterways": 1, "Florida": 1, "remains": 1, "people": 1, "answers": 1, "relatives": 1, "mysteries": 1, "loved": 1, "ones": 1, "disappearances": 1, "weekend": 1, "fishermen": 1, "amateur": 1, "underwater": 1, "detectives": 1, "regular": 1, "true-crime": 1, "junkies": 1, "cold": 1, "cases": 2, "threads": 1, "online": 1, "INCLUDING": 1, "REDDIT": 1, "Other": 1, "times": 1, "law": 1, "enforcement": 1, "asks": 1, "help": 1, "Pretty": 1, "cool": 1, "story": 1}}, {"title": "A Ghost Ship\u2019s Doomed Journey Through the Gate of Tears", "description": "", "comment": "\nRemember that TrueReddit is a place to engage in **high-quality and civil discussion**. Posts must meet certain content and title requirements. Additionally, **all posts must contain a submission statement.** See the rules [here](https://old.reddit.com/r/truereddit/about/rules/) or in the sidebar for details. \n\nComments or posts that don't follow the rules may be removed without warning. [Reddit's content policy](https://www.redditinc.com/policies/content-policy) will be strictly enforced, especially regarding hate speech and calls for violence, and may result in a restriction in your participation.\n\nIf an article is paywalled, please ***do not*** request or post its contents. Use [archive.ph](https://archive.ph/) or similar and link to that in the comments.\n\n*I am a bot, and this action was performed automatically. Please [contact the moderators of this subreddit](/message/compose/?to=/r/TrueReddit) if you have any questions or concerns.*", "title_sentiment": {"neg": 0.583, "neu": 0.417, "pos": 0.0, "compound": -0.8126}, "description_sentiment": {"neg": 0.0, "neu": 0.0, "pos": 0.0, "compound": 0.0}, "comment_sentiment": {"neg": 0.076, "neu": 0.84, "pos": 0.084, "compound": -0.2599}, "title_keywords": {"Ghost": 1, "Ship": 1, "\u2019": 1, "s": 1, "Doomed": 1, "Journey": 1, "Gate": 1, "Tears": 1}, "description_keywords": {}, "comment_keywords": {"Remember": 1, "TrueReddit": 1, "place": 1, "*": 15, "high-quality": 1, "civil": 1, "discussion": 1, "Posts": 1, "certain": 1, "content": 2, "title": 1, "requirements": 1, "posts": 2, "submission": 1, "statement": 1, "rules": 2, "]": 4, "https": 3, "//old.reddit.com/r/truereddit/about/rules/": 1, "sidebar": 1, "details": 1, "Comments": 1, "Reddit": 1, "policy": 1, "//www.redditinc.com/policies/content-policy": 1, "hate": 1, "speech": 1, "calls": 1, "violence": 1, "restriction": 1, "participation": 1, "article": 1, "request": 1, "post": 1, "contents": 1, "Use": 1, "[": 2, "archive.ph": 1, "//archive.ph/": 1, "similar": 1, "link": 1, "comments": 1, "bot": 1, "action": 1, "Please": 1, "moderators": 1, "subreddit": 1, "/message/compose/": 1, "to=/r/TrueReddit": 1, "questions": 1, "concerns": 1}}]