[{"title": "Assisted dying advocates are losing their compassion", "description": "", "comment": "\nRemember that TrueReddit is a place to engage in **high-quality and civil discussion**. Posts must meet certain content and title requirements. Additionally, **all posts must contain a submission statement.** See the rules [here](https://old.reddit.com/r/truereddit/about/rules/) or in the sidebar for details. \n\nComments or posts that don't follow the rules may be removed without warning. [Reddit's content policy](https://www.redditinc.com/policies/content-policy) will be strictly enforced, especially regarding hate speech and calls for violence, and may result in a restriction in your participation.\n\nIf an article is paywalled, please ***do not*** request or post its contents. Use [archive.ph](https://archive.ph/) or similar and link to that in the comments.\n\n*I am a bot, and this action was performed automatically. Please [contact the moderators of this subreddit](/message/compose/?to=/r/TrueReddit) if you have any questions or concerns.*", "title_sentiment": {"neg": 0.245, "neu": 0.472, "pos": 0.283, "compound": 0.1027}, "description_sentiment": {"neg": 0.0, "neu": 0.0, "pos": 0.0, "compound": 0.0}, "comment_sentiment": {"neg": 0.076, "neu": 0.84, "pos": 0.084, "compound": -0.2599}, "title_keywords": {"dying": 1, "advocates": 1, "compassion": 1}, "description_keywords": {}, "comment_keywords": {"Remember": 1, "TrueReddit": 1, "place": 1, "*": 15, "high-quality": 1, "civil": 1, "discussion": 1, "Posts": 1, "certain": 1, "content": 2, "title": 1, "requirements": 1, "posts": 2, "submission": 1, "statement": 1, "rules": 2, "]": 4, "https": 3, "//old.reddit.com/r/truereddit/about/rules/": 1, "sidebar": 1, "details": 1, "Comments": 1, "Reddit": 1, "policy": 1, "//www.redditinc.com/policies/content-policy": 1, "hate": 1, "speech": 1, "calls": 1, "violence": 1, "restriction": 1, "participation": 1, "article": 1, "request": 1, "post": 1, "contents": 1, "Use": 1, "[": 2, "archive.ph": 1, "//archive.ph/": 1, "similar": 1, "link": 1, "comments": 1, "bot": 1, "action": 1, "Please": 1, "moderators": 1, "subreddit": 1, "/message/compose/": 1, "to=/r/TrueReddit": 1, "questions": 1, "concerns": 1}}, {"title": "Assisted dying advocates are losing their compassion", "description": "", "comment": "Anyone have access to the original article, that this was written in response to? From Matthew Parris in the Times. This response piece isn\u2019t gated but that one is.", "title_sentiment": {"neg": 0.245, "neu": 0.472, "pos": 0.283, "compound": 0.1027}, "description_sentiment": {"neg": 0.0, "neu": 0.0, "pos": 0.0, "compound": 0.0}, "comment_sentiment": {"neg": 0.0, "neu": 0.944, "pos": 0.056, "compound": 0.1655}, "title_keywords": {"dying": 1, "advocates": 1, "compassion": 1}, "description_keywords": {}, "comment_keywords": {"Anyone": 1, "access": 1, "original": 1, "article": 1, "response": 2, "Matthew": 1, "Parris": 1, "Times": 1, "piece": 1, "isn": 1, "\u2019": 1, "t": 1}}, {"title": "Assisted dying advocates are losing their compassion", "description": "", "comment": "Submission statement: Over the last few years many disability advocates and social historians have claimed that there is an ongoing shift in the language used by society to talk about the disabled as assisted dying has grown in legitimacy. It seems, that in the same way that the public of the 1920s were told by the press of the day to embrace euthanasia as a way of dealing with the tens of thousands of people burdened with post-Spanish flu viral sequelae like epilepsy, parkinsons and encephalitis, the public of the 2020s are messaged by the press of today that assisted dying is good, the disabled are faking it and long covid doesn't real.\n\nThis article examines a recent instance of this pro-eugenics astroturfing showing up in the biggest non-tabloid UK newpaper, The Times.", "title_sentiment": {"neg": 0.245, "neu": 0.472, "pos": 0.283, "compound": 0.1027}, "description_sentiment": {"neg": 0.0, "neu": 0.0, "pos": 0.0, "compound": 0.0}, "comment_sentiment": {"neg": 0.058, "neu": 0.888, "pos": 0.055, "compound": -0.1027}, "title_keywords": {"dying": 1, "advocates": 1, "compassion": 1}, "description_keywords": {}, "comment_keywords": {"Submission": 1, "statement": 1, "last": 1, "few": 1, "years": 1, "many": 1, "disability": 1, "advocates": 1, "social": 1, "historians": 1, "ongoing": 1, "shift": 1, "language": 1, "society": 1, "disabled": 2, "assisted": 1, "dying": 2, "legitimacy": 1, "same": 1, "way": 2, "public": 2, "press": 2, "day": 1, "euthanasia": 1, "tens": 1, "thousands": 1, "people": 1, "post-Spanish": 1, "flu": 1, "viral": 1, "sequelae": 1, "epilepsy": 1, "parkinsons": 1, "encephalitis": 1, "today": 1, "good": 1, "covid": 1, "real": 1, "article": 1, "recent": 1, "instance": 1, "pro-eugenics": 1, "astroturfing": 1, "biggest": 1, "non-tabloid": 1, "UK": 1, "newpaper": 1, "Times": 1}}, {"title": "The quiet disappearance of the safe deposit box", "description": "", "comment": "\nRemember that TrueReddit is a place to engage in **high-quality and civil discussion**. Posts must meet certain content and title requirements. Additionally, **all posts must contain a submission statement.** See the rules [here](https://old.reddit.com/r/truereddit/about/rules/) or in the sidebar for details. \n\nComments or posts that don't follow the rules may be removed without warning. [Reddit's content policy](https://www.redditinc.com/policies/content-policy) will be strictly enforced, especially regarding hate speech and calls for violence, and may result in a restriction in your participation.\n\nIf an article is paywalled, please ***do not*** request or post its contents. Use [archive.ph](https://archive.ph/) or similar and link to that in the comments.\n\n*I am a bot, and this action was performed automatically. Please [contact the moderators of this subreddit](/message/compose/?to=/r/TrueReddit) if you have any questions or concerns.*", "title_sentiment": {"neg": 0.0, "neu": 0.707, "pos": 0.293, "compound": 0.4404}, "description_sentiment": {"neg": 0.0, "neu": 0.0, "pos": 0.0, "compound": 0.0}, "comment_sentiment": {"neg": 0.076, "neu": 0.84, "pos": 0.084, "compound": -0.2599}, "title_keywords": {"quiet": 1, "disappearance": 1, "safe": 1, "deposit": 1, "box": 1}, "description_keywords": {}, "comment_keywords": {"Remember": 1, "TrueReddit": 1, "place": 1, "*": 15, "high-quality": 1, "civil": 1, "discussion": 1, "Posts": 1, "certain": 1, "content": 2, "title": 1, "requirements": 1, "posts": 2, "submission": 1, "statement": 1, "rules": 2, "]": 4, "https": 3, "//old.reddit.com/r/truereddit/about/rules/": 1, "sidebar": 1, "details": 1, "Comments": 1, "Reddit": 1, "policy": 1, "//www.redditinc.com/policies/content-policy": 1, "hate": 1, "speech": 1, "calls": 1, "violence": 1, "restriction": 1, "participation": 1, "article": 1, "request": 1, "post": 1, "contents": 1, "Use": 1, "[": 2, "archive.ph": 1, "//archive.ph/": 1, "similar": 1, "link": 1, "comments": 1, "bot": 1, "action": 1, "Please": 1, "moderators": 1, "subreddit": 1, "/message/compose/": 1, "to=/r/TrueReddit": 1, "questions": 1, "concerns": 1}}, {"title": "The quiet disappearance of the safe deposit box", "description": "", "comment": "Submission Statement: While not as topical as many stories posted to the sub, I found this piece drew me in. It started when a friend ranted about not being able to find a safe-deposit box. The reason for my friend's distress seems to be long-term economic trends.", "title_sentiment": {"neg": 0.0, "neu": 0.707, "pos": 0.293, "compound": 0.4404}, "description_sentiment": {"neg": 0.0, "neu": 0.0, "pos": 0.0, "compound": 0.0}, "comment_sentiment": {"neg": 0.07, "neu": 0.864, "pos": 0.066, "compound": -0.0516}, "title_keywords": {"quiet": 1, "disappearance": 1, "safe": 1, "deposit": 1, "box": 1}, "description_keywords": {}, "comment_keywords": {"Submission": 1, "Statement": 1, "topical": 1, "many": 1, "stories": 1, "sub": 1, "piece": 1, "friend": 2, "able": 1, "safe-deposit": 1, "box": 1, "reason": 1, "distress": 1, "long-term": 1, "economic": 1, "trends": 1}}, {"title": "The quiet disappearance of the safe deposit box", "description": "", "comment": "I have one across the state. I tried last year to get it transferred, but the guy at Chase was like, \"We can close this, but you probably won't find another branch that will have one for you,\" and sure enough, I guess I'll be keeping that one then.", "title_sentiment": {"neg": 0.0, "neu": 0.707, "pos": 0.293, "compound": 0.4404}, "description_sentiment": {"neg": 0.0, "neu": 0.0, "pos": 0.0, "compound": 0.0}, "comment_sentiment": {"neg": 0.0, "neu": 0.876, "pos": 0.124, "compound": 0.7351}, "title_keywords": {"quiet": 1, "disappearance": 1, "safe": 1, "deposit": 1, "box": 1}, "description_keywords": {}, "comment_keywords": {"state": 1, "last": 1, "year": 1, "transferred": 1, "guy": 1, "Chase": 1, "branch": 1, "sure": 1}}, {"title": "The quiet disappearance of the safe deposit box", "description": "", "comment": "For those that haven't dealt with boxes from an operations perspective they are horrible. They aren't worth the headache for the $60-$100 a year we charge the customers. Too much room for error and too many regulations. The risk is huge. If we could charge $300 to $500 per year it would totally be worth it but no one wants to pay that much.", "title_sentiment": {"neg": 0.0, "neu": 0.707, "pos": 0.293, "compound": 0.4404}, "description_sentiment": {"neg": 0.0, "neu": 0.0, "pos": 0.0, "compound": 0.0}, "comment_sentiment": {"neg": 0.183, "neu": 0.793, "pos": 0.024, "compound": -0.7944}, "title_keywords": {"quiet": 1, "disappearance": 1, "safe": 1, "deposit": 1, "box": 1}, "description_keywords": {}, "comment_keywords": {"boxes": 1, "operations": 1, "horrible": 1, "headache": 1, "60-": 1, "year": 2, "customers": 1, "much": 1, "room": 1, "error": 1, "many": 1, "regulations": 1, "risk": 1, "huge": 1, "one": 1}}]