[{"title": "Dark Money, GOP Turning New Hampshire into Florida, Texas of the North", "description": "", "comment": "Dark Money = Foreign Adversary Money!", "title_sentiment": {"neg": 0.0, "neu": 1.0, "pos": 0.0, "compound": 0.0}, "description_sentiment": {"neg": 0.0, "neu": 0.0, "pos": 0.0, "compound": 0.0}, "comment_sentiment": {"neg": 0.343, "neu": 0.657, "pos": 0.0, "compound": -0.2714}, "title_keywords": {"Dark": 1, "Money": 1, "GOP": 1, "Turning": 1, "New": 1, "Hampshire": 1, "Florida": 1, "Texas": 1, "North": 1}, "description_keywords": {}, "comment_keywords": {"Dark": 1, "Money": 2, "=": 1, "Foreign": 1, "Adversary": 1}}, {"title": "The climate-denying, Trump loving religious states are getting destroyed by climate change.", "description": "", "comment": "Let\u2019s not ignore the plethora of other problems those states also have. Check out the infant and maternal mortality rate.", "title_sentiment": {"neg": 0.187, "neu": 0.585, "pos": 0.228, "compound": 0.1779}, "description_sentiment": {"neg": 0.0, "neu": 0.0, "pos": 0.0, "compound": 0.0}, "comment_sentiment": {"neg": 0.118, "neu": 0.789, "pos": 0.093, "compound": -0.1506}, "title_keywords": {"climate-denying": 1, "Trump": 1, "religious": 1, "states": 1, "climate": 1, "change": 1}, "description_keywords": {}, "comment_keywords": {"\u2019": 1, "plethora": 1, "other": 1, "problems": 1, "states": 1, "infant": 1, "maternal": 1, "mortality": 1, "rate": 1}}, {"title": "The climate-denying, Trump loving religious states are getting destroyed by climate change.", "description": "", "comment": "It\u2019s actually surprising even in the south that number is as high as it is. I feel like they\u2019re a solid 20-30 years behind the rest of the country.", "title_sentiment": {"neg": 0.187, "neu": 0.585, "pos": 0.228, "compound": 0.1779}, "description_sentiment": {"neg": 0.0, "neu": 0.0, "pos": 0.0, "compound": 0.0}, "comment_sentiment": {"neg": 0.0, "neu": 0.754, "pos": 0.246, "compound": 0.6705}, "title_keywords": {"climate-denying": 1, "Trump": 1, "religious": 1, "states": 1, "climate": 1, "change": 1}, "description_keywords": {}, "comment_keywords": {"s": 1, "surprising": 1, "south": 1, "number": 1, "high": 1, "solid": 1, "years": 1, "rest": 1, "country": 1}}, {"title": "The climate-denying, Trump loving religious states are getting destroyed by climate change.", "description": "", "comment": "Correction: we're all being harmed by climate change.", "title_sentiment": {"neg": 0.187, "neu": 0.585, "pos": 0.228, "compound": 0.1779}, "description_sentiment": {"neg": 0.0, "neu": 0.0, "pos": 0.0, "compound": 0.0}, "comment_sentiment": {"neg": 0.307, "neu": 0.693, "pos": 0.0, "compound": -0.4767}, "title_keywords": {"climate-denying": 1, "Trump": 1, "religious": 1, "states": 1, "climate": 1, "change": 1}, "description_keywords": {}, "comment_keywords": {"Correction": 1, "climate": 1, "change": 1}}, {"title": "The climate-denying, Trump loving religious states are getting destroyed by climate change.", "description": "", "comment": "This is why I don't want to move any further South than DC.", "title_sentiment": {"neg": 0.187, "neu": 0.585, "pos": 0.228, "compound": 0.1779}, "description_sentiment": {"neg": 0.0, "neu": 0.0, "pos": 0.0, "compound": 0.0}, "comment_sentiment": {"neg": 0.1, "neu": 0.9, "pos": 0.0, "compound": -0.0572}, "title_keywords": {"climate-denying": 1, "Trump": 1, "religious": 1, "states": 1, "climate": 1, "change": 1}, "description_keywords": {}, "comment_keywords": {"further": 1, "South": 1, "DC": 1}}, {"title": "Texas \"G. O. Pee\" rule: 6 major airlines mandate women age 10-50 must now take airport pregnancy tests to board flights after anti-abortion vigilantes file suits", "description": "", "comment": "I friggin hate satire like this, even on April Fools, since this is the kind of thing that might really happen.", "title_sentiment": {"neg": 0.0, "neu": 1.0, "pos": 0.0, "compound": 0.0}, "description_sentiment": {"neg": 0.0, "neu": 0.0, "pos": 0.0, "compound": 0.0}, "comment_sentiment": {"neg": 0.267, "neu": 0.631, "pos": 0.103, "compound": -0.6629}, "title_keywords": {"Texas": 1, "G.": 1, "O.": 1, "Pee": 1, "rule": 1, "major": 1, "airlines": 1, "women": 1, "age": 1, "10-50": 1, "airport": 1, "pregnancy": 1, "tests": 1, "board": 1, "flights": 1, "anti-abortion": 1, "vigilantes": 1, "suits": 1}, "description_keywords": {}, "comment_keywords": {"hate": 1, "satire": 1, "April": 1, "Fools": 1, "kind": 1, "thing": 1}}, {"title": "Texas \"G. O. Pee\" rule: 6 major airlines mandate women age 10-50 must now take airport pregnancy tests to board flights after anti-abortion vigilantes file suits", "description": "", "comment": "Check the date, folks.\u00a0", "title_sentiment": {"neg": 0.0, "neu": 1.0, "pos": 0.0, "compound": 0.0}, "description_sentiment": {"neg": 0.0, "neu": 0.0, "pos": 0.0, "compound": 0.0}, "comment_sentiment": {"neg": 0.0, "neu": 1.0, "pos": 0.0, "compound": 0.0}, "title_keywords": {"Texas": 1, "G.": 1, "O.": 1, "Pee": 1, "rule": 1, "major": 1, "airlines": 1, "women": 1, "age": 1, "10-50": 1, "airport": 1, "pregnancy": 1, "tests": 1, "board": 1, "flights": 1, "anti-abortion": 1, "vigilantes": 1, "suits": 1}, "description_keywords": {}, "comment_keywords": {"date": 1, "folks": 1}}, {"title": "Texas \"G. O. Pee\" rule: 6 major airlines mandate women age 10-50 must now take airport pregnancy tests to board flights after anti-abortion vigilantes file suits", "description": "", "comment": "Don\u2019t. Give. Them. Ideas.", "title_sentiment": {"neg": 0.0, "neu": 1.0, "pos": 0.0, "compound": 0.0}, "description_sentiment": {"neg": 0.0, "neu": 0.0, "pos": 0.0, "compound": 0.0}, "comment_sentiment": {"neg": 0.0, "neu": 1.0, "pos": 0.0, "compound": 0.0}, "title_keywords": {"Texas": 1, "G.": 1, "O.": 1, "Pee": 1, "rule": 1, "major": 1, "airlines": 1, "women": 1, "age": 1, "10-50": 1, "airport": 1, "pregnancy": 1, "tests": 1, "board": 1, "flights": 1, "anti-abortion": 1, "vigilantes": 1, "suits": 1}, "description_keywords": {}, "comment_keywords": {"Don": 1, "\u2019": 1, "t": 1, "Them": 1, "Ideas": 1}}, {"title": "Is climate change actually caused by humans?", "description": "[deleted]", "comment": "The global temperature rose a total of 4 to 7 degrees Celsius over about 5,000 years.\n\nBut since the invention of the industrial age (1850), the Earth's temperature has risen 1.1 degrees. Three times the rate than any other time in history.", "title_sentiment": {"neg": 0.0, "neu": 1.0, "pos": 0.0, "compound": 0.0}, "description_sentiment": {"neg": 0.0, "neu": 1.0, "pos": 0.0, "compound": 0.0}, "comment_sentiment": {"neg": 0.0, "neu": 1.0, "pos": 0.0, "compound": 0.0}, "title_keywords": {"Is": 1, "climate": 1, "change": 1, "humans": 1}, "description_keywords": {"]": 1}, "comment_keywords": {"global": 1, "temperature": 2, "total": 1, "degrees": 2, "Celsius": 1, "years": 1, "invention": 1, "industrial": 1, "age": 1, "Earth": 1, "times": 1, "rate": 1, "other": 1, "time": 1, "history": 1}}, {"title": "Is climate change actually caused by humans?", "description": "[deleted]", "comment": "The short answer is that weather it is or not we foolish short sighted human being that we are will be arguing about it until we are WELL past the point of no return which I think we are at already.  \n\nThe big oil companies had their own think tanks study this problem back in the 70s and when they universally got the answer that YES \n\nA. Climate Change is real \n\nB.  If human beings aren't the cause of it we certainly aren't doing anything to stop it.  \n\nAll of those oil companies dismantled the labs and fired the scientists.  \n\nThere is no real DEBATE about this in the scientific community and anyone who says there is was probably paid by an oil lobbyist.", "title_sentiment": {"neg": 0.0, "neu": 1.0, "pos": 0.0, "compound": 0.0}, "description_sentiment": {"neg": 0.0, "neu": 1.0, "pos": 0.0, "compound": 0.0}, "comment_sentiment": {"neg": 0.117, "neu": 0.808, "pos": 0.075, "compound": -0.7045}, "title_keywords": {"Is": 1, "climate": 1, "change": 1, "humans": 1}, "description_keywords": {"]": 1}, "comment_keywords": {"short": 2, "answer": 2, "weather": 1, "human": 2, "point": 1, "return": 1, "big": 1, "oil": 3, "companies": 2, "own": 1, "think": 1, "tanks": 1, "problem": 1, "70s": 1, "Climate": 1, "Change": 1, "real": 2, "B": 1, "beings": 1, "cause": 1, "anything": 1, "labs": 1, "scientists": 1, "DEBATE": 1, "scientific": 1, "community": 1, "anyone": 1, "lobbyist": 1}}, {"title": "Is climate change actually caused by humans?", "description": "[deleted]", "comment": "There are many many sources of information explaining that. Simply speaking, yes, the evidence is irrefutable that the speed at which the climate is changing is due to humanity. Here are two links to begin with. \n\nhttps://science.nasa.gov/climate-change/causes/\n\nhttps://www.edf.org/climate/9-ways-we-know-humans-triggered-climate-change", "title_sentiment": {"neg": 0.0, "neu": 1.0, "pos": 0.0, "compound": 0.0}, "description_sentiment": {"neg": 0.0, "neu": 1.0, "pos": 0.0, "compound": 0.0}, "comment_sentiment": {"neg": 0.0, "neu": 0.932, "pos": 0.068, "compound": 0.4019}, "title_keywords": {"Is": 1, "climate": 1, "change": 1, "humans": 1}, "description_keywords": {"]": 1}, "comment_keywords": {"many": 2, "sources": 1, "information": 1, "Simply": 1, "evidence": 1, "irrefutable": 1, "speed": 1, "climate": 1, "due": 1, "humanity": 1, "links": 1, "https": 2, "//science.nasa.gov/climate-change/causes/": 1, "//www.edf.org/climate/9-ways-we-know-humans-triggered-climate-change": 1}}, {"title": "Is climate change actually caused by humans?", "description": "[deleted]", "comment": "Yes there is tons of evidence that humans burning fossil fuels is directly to blame for it. \n\nhttps://science.nasa.gov/climate-change/evidence/", "title_sentiment": {"neg": 0.0, "neu": 1.0, "pos": 0.0, "compound": 0.0}, "description_sentiment": {"neg": 0.0, "neu": 1.0, "pos": 0.0, "compound": 0.0}, "comment_sentiment": {"neg": 0.114, "neu": 0.758, "pos": 0.128, "compound": 0.0772}, "title_keywords": {"Is": 1, "climate": 1, "change": 1, "humans": 1}, "description_keywords": {"]": 1}, "comment_keywords": {"tons": 1, "evidence": 1, "humans": 1, "fossil": 1, "fuels": 1, "https": 1, "//science.nasa.gov/climate-change/evidence/": 1}}, {"title": "Fractures in the Grand Alliance between Black and Jewish Americans", "description": "[deleted]", "comment": "Such a shame, two peoples who have a lot in common and most definitely should be friends not foes.\n\nIf the KKK and Nazis had their way, both groups would be in danger.  Natural allies.", "title_sentiment": {"neg": 0.0, "neu": 0.75, "pos": 0.25, "compound": 0.4588}, "description_sentiment": {"neg": 0.0, "neu": 1.0, "pos": 0.0, "compound": 0.0}, "comment_sentiment": {"neg": 0.146, "neu": 0.606, "pos": 0.248, "compound": 0.5534}, "title_keywords": {"Fractures": 1, "Grand": 1, "Alliance": 1, "Black": 1, "Jewish": 1, "Americans": 1}, "description_keywords": {"]": 1}, "comment_keywords": {"Such": 1, "shame": 1, "peoples": 1, "lot": 1, "common": 1, "most": 1, "friends": 1, "foes": 1, "KKK": 1, "Nazis": 1, "way": 1, "groups": 1, "danger": 1, "Natural": 1, "allies": 1}}, {"title": "Trump Meets Reality", "description": "I will have my satisfaction.", "comment": "I have my doubts\n\nThe courts have done everything to appease trump. It's utterly ridiculous the amount of special treatment he gets\n\nGets a discount on his bond and the NY appellate court gives no reason, is able to violate a gag order on a daily basis with no consequences. I have no confidence in this justice system and i won't be surprised if they go out of their way to lessen trump's punishment if found guilty.", "title_sentiment": {"neg": 0.0, "neu": 1.0, "pos": 0.0, "compound": 0.0}, "description_sentiment": {"neg": 0.0, "neu": 0.508, "pos": 0.492, "compound": 0.4404}, "comment_sentiment": {"neg": 0.266, "neu": 0.611, "pos": 0.123, "compound": -0.8849}, "title_keywords": {"Trump": 1, "Meets": 1, "Reality": 1}, "description_keywords": {"satisfaction": 1}, "comment_keywords": {"doubts": 1, "courts": 1, "everything": 1, "trump": 2, "ridiculous": 1, "amount": 1, "special": 1, "treatment": 1, "discount": 1, "bond": 1, "NY": 1, "appellate": 1, "court": 1, "reason": 1, "able": 1, "gag": 1, "order": 1, "daily": 1, "basis": 1, "consequences": 1, "confidence": 1, "justice": 1, "system": 1, "i": 1, "way": 1, "punishment": 1, "guilty": 1}}, {"title": "Trump Meets Reality", "description": "I will have my satisfaction.", "comment": "Make it snappy.\nShit is played out now.", "title_sentiment": {"neg": 0.0, "neu": 1.0, "pos": 0.0, "compound": 0.0}, "description_sentiment": {"neg": 0.0, "neu": 0.508, "pos": 0.492, "compound": 0.4404}, "comment_sentiment": {"neg": 0.3, "neu": 0.5, "pos": 0.2, "compound": -0.296}, "title_keywords": {"Trump": 1, "Meets": 1, "Reality": 1}, "description_keywords": {"satisfaction": 1}, "comment_keywords": {"snappy": 1, "Shit": 1}}, {"title": "Trump Meets Reality", "description": "I will have my satisfaction.", "comment": "Several years too late, but OK.", "title_sentiment": {"neg": 0.0, "neu": 1.0, "pos": 0.0, "compound": 0.0}, "description_sentiment": {"neg": 0.0, "neu": 0.508, "pos": 0.492, "compound": 0.4404}, "comment_sentiment": {"neg": 0.0, "neu": 0.562, "pos": 0.438, "compound": 0.5993}, "title_keywords": {"Trump": 1, "Meets": 1, "Reality": 1}, "description_keywords": {"satisfaction": 1}, "comment_keywords": {"Several": 1, "years": 1, "OK": 1}}, {"title": "Trump Meets Reality", "description": "I will have my satisfaction.", "comment": "The harsh reality is, we will have to make sure he can never be near the oval ever again.", "title_sentiment": {"neg": 0.0, "neu": 1.0, "pos": 0.0, "compound": 0.0}, "description_sentiment": {"neg": 0.0, "neu": 0.508, "pos": 0.492, "compound": 0.4404}, "comment_sentiment": {"neg": 0.131, "neu": 0.766, "pos": 0.104, "compound": -0.1531}, "title_keywords": {"Trump": 1, "Meets": 1, "Reality": 1}, "description_keywords": {"satisfaction": 1}, "comment_keywords": {"harsh": 1, "reality": 1, "sure": 1, "oval": 1}}, {"title": "Trump asks hush-money judge to let him keep attacking judge's daughter", "description": "", "comment": "He ***has*** to be arrested and if MAGA starts a civil war, it's better to have that civil war **now** while Biden is still president.", "title_sentiment": {"neg": 0.231, "neu": 0.769, "pos": 0.0, "compound": -0.4588}, "description_sentiment": {"neg": 0.0, "neu": 0.0, "pos": 0.0, "compound": 0.0}, "comment_sentiment": {"neg": 0.322, "neu": 0.592, "pos": 0.086, "compound": -0.8402}, "title_keywords": {"Trump": 1, "hush-money": 1, "judge": 2, "daughter": 1}, "description_keywords": {}, "comment_keywords": {"*": 7, "MAGA": 1, "civil": 2, "war": 2, "better": 1, "Biden": 1, "president": 1}}, {"title": "Trump asks hush-money judge to let him keep attacking judge's daughter", "description": "", "comment": "He's just SUCH A DICK", "title_sentiment": {"neg": 0.231, "neu": 0.769, "pos": 0.0, "compound": -0.4588}, "description_sentiment": {"neg": 0.0, "neu": 0.0, "pos": 0.0, "compound": 0.0}, "comment_sentiment": {"neg": 0.573, "neu": 0.427, "pos": 0.0, "compound": -0.6166}, "title_keywords": {"Trump": 1, "hush-money": 1, "judge": 2, "daughter": 1}, "description_keywords": {}, "comment_keywords": {"SUCH": 1, "A": 1, "DICK": 1}}, {"title": "Trump asks hush-money judge to let him keep attacking judge's daughter", "description": "", "comment": "He's going to keep doing this shit until he gets stepped on hard, that being said I've been thinking of a way for this to change. My idea is to have a reporter ask President Biden about the situation and having him come down hard on the orange clown about him attacking the daughter of a judge. It could boost Biden's chances even more for re-election and drive trumpy crazy.", "title_sentiment": {"neg": 0.231, "neu": 0.769, "pos": 0.0, "compound": -0.4588}, "description_sentiment": {"neg": 0.0, "neu": 0.0, "pos": 0.0, "compound": 0.0}, "comment_sentiment": {"neg": 0.162, "neu": 0.78, "pos": 0.058, "compound": -0.7876}, "title_keywords": {"Trump": 1, "hush-money": 1, "judge": 2, "daughter": 1}, "description_keywords": {}, "comment_keywords": {"shit": 1, "hard": 1, "way": 1, "idea": 1, "reporter": 1, "ask": 1, "President": 1, "Biden": 2, "situation": 1, "orange": 1, "clown": 1, "daughter": 1, "judge": 1, "chances": 1, "re-election": 1, "drive": 1, "trumpy": 1, "crazy": 1}}, {"title": "Trump asks hush-money judge to let him keep attacking judge's daughter", "description": "", "comment": "From the article:\n&gt;The judge's daughter \"has just posted a picture of me behind bars, her obvious goal,\" the GOP frontrunner complained, referencing a social media account that court officials soon said was a hoax.\n\nTo all readers, please re-post, on all available social media, the same image that is referred to here. If the image appears \"everywhere\", the fact that Ms. Merchan MIGHT have posted it will be meaningless.  Fuck trump and all who ever supported him.", "title_sentiment": {"neg": 0.231, "neu": 0.769, "pos": 0.0, "compound": -0.4588}, "description_sentiment": {"neg": 0.0, "neu": 0.0, "pos": 0.0, "compound": 0.0}, "comment_sentiment": {"neg": 0.132, "neu": 0.814, "pos": 0.054, "compound": -0.765}, "title_keywords": {"Trump": 1, "hush-money": 1, "judge": 2, "daughter": 1}, "description_keywords": {}, "comment_keywords": {"article": 1, "gt": 1, "judge": 1, "daughter": 1, "picture": 1, "bars": 1, "obvious": 1, "goal": 1, "GOP": 1, "frontrunner": 1, "social": 2, "media": 2, "court": 1, "officials": 1, "hoax": 1, "readers": 1, "re-post": 1, "available": 1, "same": 1, "image": 2, "fact": 1, "Ms.": 1, "Merchan": 1, "MIGHT": 1, "Fuck": 1, "trump": 1}}, {"title": "What trump\u2019s son posted about Biden on Easter vs what Biden actually said on Easter", "description": "", "comment": "In 2018 Easter was on April Fool's day.  I didn't hear a vast outcry from Republicans then.", "title_sentiment": {"neg": 0.0, "neu": 1.0, "pos": 0.0, "compound": 0.0}, "description_sentiment": {"neg": 0.0, "neu": 0.0, "pos": 0.0, "compound": 0.0}, "comment_sentiment": {"neg": 0.0, "neu": 0.838, "pos": 0.162, "compound": 0.4023}, "title_keywords": {"trump": 1, "\u2019": 1, "s": 1, "son": 1, "Biden": 2, "Easter": 2}, "description_keywords": {}, "comment_keywords": {"Easter": 1, "April": 1, "Fool": 1, "day": 1, "vast": 1, "outcry": 1, "Republicans": 1}}, {"title": "What trump\u2019s son posted about Biden on Easter vs what Biden actually said on Easter", "description": "", "comment": "Any bets on which one went to church today?", "title_sentiment": {"neg": 0.0, "neu": 1.0, "pos": 0.0, "compound": 0.0}, "description_sentiment": {"neg": 0.0, "neu": 0.0, "pos": 0.0, "compound": 0.0}, "comment_sentiment": {"neg": 0.0, "neu": 1.0, "pos": 0.0, "compound": 0.0}, "title_keywords": {"trump": 1, "\u2019": 1, "s": 1, "son": 1, "Biden": 2, "Easter": 2}, "description_keywords": {}, "comment_keywords": {"bets": 1, "today": 1}}, {"title": "Trump paid Kim Jong Un $2,000,000 after Kim slowly tortured Otto Warmbier to death.", "description": "", "comment": "Remember. Trump doesn\u2019t just love Putin!\n\nHe loves plenty of dictators. And doesn\u2019t seem to get along with any democratically elected leaders.\n\nMust be a coincidence!", "title_sentiment": {"neg": 0.385, "neu": 0.615, "pos": 0.0, "compound": -0.8176}, "description_sentiment": {"neg": 0.0, "neu": 0.0, "pos": 0.0, "compound": 0.0}, "comment_sentiment": {"neg": 0.0, "neu": 0.731, "pos": 0.269, "compound": 0.8585}, "title_keywords": {"Trump": 1, "Kim": 2, "Jong": 1, "Un": 1, "Otto": 1, "Warmbier": 1, "death": 1}, "description_keywords": {}, "comment_keywords": {"Remember": 1, "Trump": 1, "doesn": 2, "\u2019": 2, "t": 2, "Putin": 1, "plenty": 1, "dictators": 1, "leaders": 1, "Must": 1, "coincidence": 1}}, {"title": "Trump paid Kim Jong Un $2,000,000 after Kim slowly tortured Otto Warmbier to death.", "description": "", "comment": "\u2018America First!\u2019 right? \n\nTrump also minted the [\u2018North Korea Summit\u2019 peace coin,](https://www.theguardian.com/us-news/2018/may/22/donald-trump-north-korea-coin-kim-jong-un-nuclear-talks) hailing himself and Kim Jong Un as great statesmen.\n\nWhat a total fucking fraud.", "title_sentiment": {"neg": 0.385, "neu": 0.615, "pos": 0.0, "compound": -0.8176}, "description_sentiment": {"neg": 0.0, "neu": 0.0, "pos": 0.0, "compound": 0.0}, "comment_sentiment": {"neg": 0.12, "neu": 0.647, "pos": 0.232, "compound": 0.5857}, "title_keywords": {"Trump": 1, "Kim": 2, "Jong": 1, "Un": 1, "Otto": 1, "Warmbier": 1, "death": 1}, "description_keywords": {}, "comment_keywords": {"\u2018": 2, "America": 1, "First": 1, "\u2019": 2, "Trump": 1, "[": 1, "North": 1, "Korea": 1, "Summit": 1, "peace": 1, "coin": 1, "]": 1, "https": 1, "//www.theguardian.com/us-news/2018/may/22/donald-trump-north-korea-coin-kim-jong-un-nuclear-talks": 1, "Kim": 1, "Jong": 1, "Un": 1, "great": 1, "statesmen": 1, "total": 1, "fucking": 1, "fraud": 1}}, {"title": "Trump paid Kim Jong Un $2,000,000 after Kim slowly tortured Otto Warmbier to death.", "description": "", "comment": "Sheer evil mixed with narcissistic ego and galling stupidity.", "title_sentiment": {"neg": 0.385, "neu": 0.615, "pos": 0.0, "compound": -0.8176}, "description_sentiment": {"neg": 0.0, "neu": 0.0, "pos": 0.0, "compound": 0.0}, "comment_sentiment": {"neg": 0.51, "neu": 0.49, "pos": 0.0, "compound": -0.8074}, "title_keywords": {"Trump": 1, "Kim": 2, "Jong": 1, "Un": 1, "Otto": 1, "Warmbier": 1, "death": 1}, "description_keywords": {}, "comment_keywords": {"Sheer": 1, "mixed": 1, "narcissistic": 1, "ego": 1, "stupidity": 1}}, {"title": "Trump paid Kim Jong Un $2,000,000 after Kim slowly tortured Otto Warmbier to death.", "description": "", "comment": "Please God, take them both out. Soon.", "title_sentiment": {"neg": 0.385, "neu": 0.615, "pos": 0.0, "compound": -0.8176}, "description_sentiment": {"neg": 0.0, "neu": 0.0, "pos": 0.0, "compound": 0.0}, "comment_sentiment": {"neg": 0.0, "neu": 0.532, "pos": 0.468, "compound": 0.5267}, "title_keywords": {"Trump": 1, "Kim": 2, "Jong": 1, "Un": 1, "Otto": 1, "Warmbier": 1, "death": 1}, "description_keywords": {}, "comment_keywords": {"Please": 1, "God": 1, "Soon": 1}}, {"title": "Trump paid Kim Jong Un $2,000,000 after Kim slowly tortured Otto Warmbier to death.", "description": "", "comment": "Then they sent him back basically dead. He died upon his return having been basically beaten to death. Trump is a perpetual loser and I don\u2019t want to join his continuous shitshow.", "title_sentiment": {"neg": 0.385, "neu": 0.615, "pos": 0.0, "compound": -0.8176}, "description_sentiment": {"neg": 0.0, "neu": 0.0, "pos": 0.0, "compound": 0.0}, "comment_sentiment": {"neg": 0.404, "neu": 0.517, "pos": 0.079, "compound": -0.9477}, "title_keywords": {"Trump": 1, "Kim": 2, "Jong": 1, "Un": 1, "Otto": 1, "Warmbier": 1, "death": 1}, "description_keywords": {}, "comment_keywords": {"dead": 1, "return": 1, "death": 1, "Trump": 1, "perpetual": 1, "loser": 1, "\u2019": 1, "t": 1, "continuous": 1, "shitshow": 1}}, {"title": "Federal court reinstates lines for South Carolina congressional district despite racial gerrymander ruling", "description": "", "comment": "Because the south\u2026", "title_sentiment": {"neg": 0.0, "neu": 1.0, "pos": 0.0, "compound": 0.0}, "description_sentiment": {"neg": 0.0, "neu": 0.0, "pos": 0.0, "compound": 0.0}, "comment_sentiment": {"neg": 0.0, "neu": 1.0, "pos": 0.0, "compound": 0.0}, "title_keywords": {"Federal": 1, "court": 1, "lines": 1, "South": 1, "Carolina": 1, "congressional": 1, "district": 1, "racial": 1, "gerrymander": 1, "ruling": 1}, "description_keywords": {}, "comment_keywords": {"south\u2026": 1}}, {"title": "Federal court reinstates lines for South Carolina congressional district despite racial gerrymander ruling", "description": "", "comment": "Delay delay delay . . . whoops, now we've run out of time to implement this!", "title_sentiment": {"neg": 0.0, "neu": 1.0, "pos": 0.0, "compound": 0.0}, "description_sentiment": {"neg": 0.0, "neu": 0.0, "pos": 0.0, "compound": 0.0}, "comment_sentiment": {"neg": 0.418, "neu": 0.582, "pos": 0.0, "compound": -0.7345}, "title_keywords": {"Federal": 1, "court": 1, "lines": 1, "South": 1, "Carolina": 1, "congressional": 1, "district": 1, "racial": 1, "gerrymander": 1, "ruling": 1}, "description_keywords": {}, "comment_keywords": {"Delay": 1, "delay": 2, "whoops": 1, "time": 1}}, {"title": "Federal court reinstates lines for South Carolina congressional district despite racial gerrymander ruling", "description": "", "comment": "Every excuse to slow remedies to racial inequalities  is the reason the South has grown. It's not the great weather, lower taxes (poor infrastructure), underperforming schools, lower rated heath facilities; it's privilege afforded to higher income transplants in the caste system of old that is so enjoyable.", "title_sentiment": {"neg": 0.0, "neu": 1.0, "pos": 0.0, "compound": 0.0}, "description_sentiment": {"neg": 0.0, "neu": 0.0, "pos": 0.0, "compound": 0.0}, "comment_sentiment": {"neg": 0.137, "neu": 0.729, "pos": 0.134, "compound": -0.0394}, "title_keywords": {"Federal": 1, "court": 1, "lines": 1, "South": 1, "Carolina": 1, "congressional": 1, "district": 1, "racial": 1, "gerrymander": 1, "ruling": 1}, "description_keywords": {}, "comment_keywords": {"excuse": 1, "remedies": 1, "racial": 1, "inequalities": 1, "reason": 1, "South": 1, "great": 1, "weather": 1, "lower": 2, "taxes": 1, "poor": 1, "infrastructure": 1, "underperforming": 1, "schools": 1, "heath": 1, "facilities": 1, "privilege": 1, "higher": 1, "income": 1, "transplants": 1, "caste": 1, "system": 1, "old": 1, "enjoyable": 1}}, {"title": "\u201cToday, we show millions of transgender and nonbinary Americans that we see them, they belong, and they should be treated with dignity and respect.\u201d \u2013 President Biden", "description": "", "comment": "Hell ya. That's my president", "title_sentiment": {"neg": 0.0, "neu": 0.903, "pos": 0.097, "compound": 0.4019}, "description_sentiment": {"neg": 0.0, "neu": 0.0, "pos": 0.0, "compound": 0.0}, "comment_sentiment": {"neg": 0.535, "neu": 0.465, "pos": 0.0, "compound": -0.6808}, "title_keywords": {"\u201c": 1, "Today": 1, "millions": 1, "transgender": 1, "nonbinary": 1, "Americans": 1, "dignity": 1, "respect.": 1, "\u201d": 1, "\u2013": 1, "President": 1, "Biden": 1}, "description_keywords": {}, "comment_keywords": {"Hell": 1, "president": 1}}, {"title": "\u201cToday, we show millions of transgender and nonbinary Americans that we see them, they belong, and they should be treated with dignity and respect.\u201d \u2013 President Biden", "description": "", "comment": "Heck, yes, all people do have value, regardless of a birth difference.", "title_sentiment": {"neg": 0.0, "neu": 0.903, "pos": 0.097, "compound": 0.4019}, "description_sentiment": {"neg": 0.0, "neu": 0.0, "pos": 0.0, "compound": 0.0}, "comment_sentiment": {"neg": 0.0, "neu": 0.638, "pos": 0.362, "compound": 0.6249}, "title_keywords": {"\u201c": 1, "Today": 1, "millions": 1, "transgender": 1, "nonbinary": 1, "Americans": 1, "dignity": 1, "respect.": 1, "\u201d": 1, "\u2013": 1, "President": 1, "Biden": 1}, "description_keywords": {}, "comment_keywords": {"Heck": 1, "people": 1, "value": 1, "birth": 1, "difference": 1}}, {"title": "\u201cToday, we show millions of transgender and nonbinary Americans that we see them, they belong, and they should be treated with dignity and respect.\u201d \u2013 President Biden", "description": "", "comment": "Makes me so happy he\u2019s our president", "title_sentiment": {"neg": 0.0, "neu": 0.903, "pos": 0.097, "compound": 0.4019}, "description_sentiment": {"neg": 0.0, "neu": 0.0, "pos": 0.0, "compound": 0.0}, "comment_sentiment": {"neg": 0.0, "neu": 0.559, "pos": 0.441, "compound": 0.6948}, "title_keywords": {"\u201c": 1, "Today": 1, "millions": 1, "transgender": 1, "nonbinary": 1, "Americans": 1, "dignity": 1, "respect.": 1, "\u201d": 1, "\u2013": 1, "President": 1, "Biden": 1}, "description_keywords": {}, "comment_keywords": {"Makes": 1, "happy": 1, "s": 1, "president": 1}}, {"title": "\u201cToday, we show millions of transgender and nonbinary Americans that we see them, they belong, and they should be treated with dignity and respect.\u201d \u2013 President Biden", "description": "", "comment": "Why can't these so called \"Freedom Loving\", \"Small Government\", \"Don't Tread On Me\" **hippo-crits** just \"Live and Let Live\"? \n\nThere just friggin bullies!", "title_sentiment": {"neg": 0.0, "neu": 0.903, "pos": 0.097, "compound": 0.4019}, "description_sentiment": {"neg": 0.0, "neu": 0.0, "pos": 0.0, "compound": 0.0}, "comment_sentiment": {"neg": 0.0, "neu": 0.822, "pos": 0.178, "compound": 0.6975}, "title_keywords": {"\u201c": 1, "Today": 1, "millions": 1, "transgender": 1, "nonbinary": 1, "Americans": 1, "dignity": 1, "respect.": 1, "\u201d": 1, "\u2013": 1, "President": 1, "Biden": 1}, "description_keywords": {}, "comment_keywords": {"Freedom": 1, "Loving": 1, "Small": 1, "Government": 1, "Me": 1, "*": 3, "hippo-crits": 1, "Live": 2, "bullies": 1}}, {"title": "Cesar Chavez\u2019s Family Criticizes R.F.K. Jr. for His Chavez Day Event", "description": "", "comment": "This article may be behind a paywall. You can add 2-4 paragraphs as a quote in a comment. *Do not post the text for the entire article.*\n\n*I am a bot, and this action was performed automatically. Please [contact the moderators of this subreddit](/message/compose/?to=/r/democrats) if you have any questions or concerns.*", "title_sentiment": {"neg": 0.194, "neu": 0.806, "pos": 0.0, "compound": -0.34}, "description_sentiment": {"neg": 0.0, "neu": 0.0, "pos": 0.0, "compound": 0.0}, "comment_sentiment": {"neg": 0.0, "neu": 0.952, "pos": 0.048, "compound": 0.3182}, "title_keywords": {"Cesar": 1, "Chavez": 2, "\u2019": 1, "Family": 1, "Criticizes": 1, "R.F.K": 1, "Jr.": 1, "Day": 1, "Event": 1}, "description_keywords": {}, "comment_keywords": {"article": 2, "paywall": 1, "2-4": 1, "paragraphs": 1, "quote": 1, "comment": 1, "Do": 1, "text": 1, "entire": 1, "*": 3, "bot": 1, "action": 1, "Please": 1, "[": 1, "moderators": 1, "subreddit": 1, "]": 1, "/message/compose/": 1, "to=/r/democrats": 1, "questions": 1, "concerns": 1}}, {"title": "Cesar Chavez\u2019s Family Criticizes R.F.K. Jr. for His Chavez Day Event", "description": "", "comment": "Non-paywall:  [https://archive.is/X0W6g](https://archive.is/X0W6g)\n\n&gt;A campaign event on Saturday intended to galvanize support among Latino voters and organized labor behind Robert F. Kennedy Jr.\u2019s presidential bid instead drew condemnation from the family of the labor organizer Cesar Chavez, who accused Mr. Kennedy of exploiting the Chavez name for political gain.", "title_sentiment": {"neg": 0.194, "neu": 0.806, "pos": 0.0, "compound": -0.34}, "description_sentiment": {"neg": 0.0, "neu": 0.0, "pos": 0.0, "compound": 0.0}, "comment_sentiment": {"neg": 0.153, "neu": 0.741, "pos": 0.105, "compound": -0.4215}, "title_keywords": {"Cesar": 1, "Chavez": 2, "\u2019": 1, "Family": 1, "Criticizes": 1, "R.F.K": 1, "Jr.": 1, "Day": 1, "Event": 1}, "description_keywords": {}, "comment_keywords": {"Non-paywall": 1, "[": 1, "https": 2, "//archive.is/X0W6g": 2, "]": 1, "gt": 1, "A": 1, "campaign": 1, "event": 1, "Saturday": 1, "support": 1, "Latino": 1, "voters": 1, "labor": 2, "Robert": 1, "F.": 1, "Kennedy": 2, "Jr.": 1, "\u2019": 1, "s": 1, "presidential": 1, "bid": 1, "condemnation": 1, "family": 1, "organizer": 1, "Cesar": 1, "Chavez": 2, "Mr.": 1, "name": 1, "political": 1, "gain": 1}}, {"title": "WATCH: Trump and GOP attack Biden for recognizing Transgender Day of Visibility on Easter Sunday", "description": "", "comment": "Tackling all the pressing issues which  so need attention. Let's attack Biden for  a day that was created 15 years ago which he had nothing to do with. \n\nNext week on April 7th, they will be attacking Biden for Metric System Day falling on the same day as National beer day.", "title_sentiment": {"neg": 0.181, "neu": 0.819, "pos": 0.0, "compound": -0.4767}, "description_sentiment": {"neg": 0.0, "neu": 0.0, "pos": 0.0, "compound": 0.0}, "comment_sentiment": {"neg": 0.138, "neu": 0.826, "pos": 0.036, "compound": -0.6908}, "title_keywords": {"WATCH": 1, "Trump": 1, "GOP": 1, "Biden": 1, "Transgender": 1, "Day": 1, "Visibility": 1, "Easter": 1, "Sunday": 1}, "description_keywords": {}, "comment_keywords": {"pressing": 1, "issues": 1, "need": 1, "attention": 1, "Let": 1, "attack": 1, "Biden": 2, "day": 3, "years": 1, "nothing": 1, "Next": 1, "week": 1, "April": 1, "Metric": 1, "System": 1, "Day": 1, "same": 1, "National": 1, "beer": 1}}, {"title": "WATCH: Trump and GOP attack Biden for recognizing Transgender Day of Visibility on Easter Sunday", "description": "", "comment": "Next year, Easter is on 420. Woke has won! Burn one for Jesus.", "title_sentiment": {"neg": 0.181, "neu": 0.819, "pos": 0.0, "compound": -0.4767}, "description_sentiment": {"neg": 0.0, "neu": 0.0, "pos": 0.0, "compound": 0.0}, "comment_sentiment": {"neg": 0.0, "neu": 0.75, "pos": 0.25, "compound": 0.6114}, "title_keywords": {"WATCH": 1, "Trump": 1, "GOP": 1, "Biden": 1, "Transgender": 1, "Day": 1, "Visibility": 1, "Easter": 1, "Sunday": 1}, "description_keywords": {}, "comment_keywords": {"Next": 1, "year": 1, "Easter": 1, "Woke": 1, "Burn": 1, "Jesus": 1}}, {"title": "WATCH: Trump and GOP attack Biden for recognizing Transgender Day of Visibility on Easter Sunday", "description": "", "comment": "International Transgender Day of Visibility\u00a0is **always March 31**.\u00a0 \u00a0\n\n**Biden issued the same proclamation in 2021, 2022, and 2023**.\u00a0It just happens that Easter falls on this preexisting annual day of awareness in 2024.", "title_sentiment": {"neg": 0.181, "neu": 0.819, "pos": 0.0, "compound": -0.4767}, "description_sentiment": {"neg": 0.0, "neu": 0.0, "pos": 0.0, "compound": 0.0}, "comment_sentiment": {"neg": 0.0, "neu": 1.0, "pos": 0.0, "compound": 0.0}, "title_keywords": {"WATCH": 1, "Trump": 1, "GOP": 1, "Biden": 1, "Transgender": 1, "Day": 1, "Visibility": 1, "Easter": 1, "Sunday": 1}, "description_keywords": {}, "comment_keywords": {"International": 1, "Transgender": 1, "Day": 1, "Visibility": 1, "*": 7, "March": 1, "Biden": 1, "same": 1, "proclamation": 1, "Easter": 1, "annual": 1, "day": 1, "awareness": 1}}, {"title": "Cognitive Dissonance", "description": "", "comment": "What would be wrong with Obama being a devout Muslim, anyway? It\u2019s a religion. He can be any he wants and be a good man/leader. Trump faking being Christian is about his hypocrisy", "title_sentiment": {"neg": 0.0, "neu": 1.0, "pos": 0.0, "compound": 0.0}, "description_sentiment": {"neg": 0.0, "neu": 0.0, "pos": 0.0, "compound": 0.0}, "comment_sentiment": {"neg": 0.165, "neu": 0.754, "pos": 0.081, "compound": -0.4588}, "title_keywords": {"Cognitive": 1, "Dissonance": 1}, "description_keywords": {}, "comment_keywords": {"wrong": 1, "Obama": 1, "devout": 1, "Muslim": 1, "religion": 1, "good": 1, "man/leader": 1, "Trump": 1, "Christian": 1, "hypocrisy": 1}}, {"title": "Cognitive Dissonance", "description": "", "comment": "Who the heck is that family supposed to be?  I would say there would be no way he would rent a family for an appropriate look at a photo op but we all know he would.", "title_sentiment": {"neg": 0.0, "neu": 1.0, "pos": 0.0, "compound": 0.0}, "description_sentiment": {"neg": 0.0, "neu": 0.0, "pos": 0.0, "compound": 0.0}, "comment_sentiment": {"neg": 0.048, "neu": 0.952, "pos": 0.0, "compound": -0.1531}, "title_keywords": {"Cognitive": 1, "Dissonance": 1}, "description_keywords": {}, "comment_keywords": {"heck": 1, "family": 2, "way": 1, "appropriate": 1, "look": 1, "photo": 1, "op": 1}}, {"title": "Cognitive Dissonance", "description": "", "comment": "I mean this picture is partially accurate. He's with a woman that's not his current wife...again.", "title_sentiment": {"neg": 0.0, "neu": 1.0, "pos": 0.0, "compound": 0.0}, "description_sentiment": {"neg": 0.0, "neu": 0.0, "pos": 0.0, "compound": 0.0}, "comment_sentiment": {"neg": 0.0, "neu": 1.0, "pos": 0.0, "compound": 0.0}, "title_keywords": {"Cognitive": 1, "Dissonance": 1}, "description_keywords": {}, "comment_keywords": {"picture": 1, "accurate": 1, "woman": 1, "current": 1, "wife": 1}}, {"title": "Cognitive Dissonance", "description": "", "comment": "Trump hasn't been that thin since he was 10 years old.", "title_sentiment": {"neg": 0.0, "neu": 1.0, "pos": 0.0, "compound": 0.0}, "description_sentiment": {"neg": 0.0, "neu": 0.0, "pos": 0.0, "compound": 0.0}, "comment_sentiment": {"neg": 0.0, "neu": 1.0, "pos": 0.0, "compound": 0.0}, "title_keywords": {"Cognitive": 1, "Dissonance": 1}, "description_keywords": {}, "comment_keywords": {"Trump": 1, "thin": 1, "years": 1, "old": 1}}, {"title": "Donald Trump did not paid off slain officer's mortgage.", "description": "Apparent source of claim that Trump paid off slain officer's mortgage walks back statement.\n\nRight-wing news outlets and MAGA influencers were quick to jump on rumors that Donald Trump had paid off the mortgage of fallen New York police officer Jonathan Diller, but it appears that's simply not true.\n\nDiller's mortgage was paid off, but it was by an organization called Tunnel to Towers Foundation.\nHas absolutely nothing to do with Donald Trump.\n", "comment": "Rump didn't even pay for the McDonald's for police that accompanied him there on the way back to his plane with the golden toilets.\u00a0", "title_sentiment": {"neg": 0.0, "neu": 1.0, "pos": 0.0, "compound": 0.0}, "description_sentiment": {"neg": 0.063, "neu": 0.937, "pos": 0.0, "compound": -0.5787}, "comment_sentiment": {"neg": 0.0, "neu": 0.947, "pos": 0.053, "compound": 0.0762}, "title_keywords": {"Donald": 1, "Trump": 1, "slain": 1, "officer": 1, "mortgage": 1}, "description_keywords": {"Apparent": 1, "source": 1, "claim": 1, "Trump": 3, "slain": 1, "officer": 2, "mortgage": 3, "statement": 1, "Right-wing": 1, "news": 1, "outlets": 1, "MAGA": 1, "influencers": 1, "quick": 1, "rumors": 1, "Donald": 2, "New": 1, "York": 1, "police": 1, "Jonathan": 1, "Diller": 2, "true": 1, "organization": 1, "Tunnel": 1, "Towers": 1, "Foundation": 1, "Has": 1, "nothing": 1}, "comment_keywords": {"Rump": 1, "McDonald": 1, "police": 1, "way": 1, "plane": 1, "golden": 1, "toilets": 1}}, {"title": "Donald Trump did not paid off slain officer's mortgage.", "description": "Apparent source of claim that Trump paid off slain officer's mortgage walks back statement.\n\nRight-wing news outlets and MAGA influencers were quick to jump on rumors that Donald Trump had paid off the mortgage of fallen New York police officer Jonathan Diller, but it appears that's simply not true.\n\nDiller's mortgage was paid off, but it was by an organization called Tunnel to Towers Foundation.\nHas absolutely nothing to do with Donald Trump.\n", "comment": "Donald Trump did not paid off anything ever.", "title_sentiment": {"neg": 0.0, "neu": 1.0, "pos": 0.0, "compound": 0.0}, "description_sentiment": {"neg": 0.063, "neu": 0.937, "pos": 0.0, "compound": -0.5787}, "comment_sentiment": {"neg": 0.0, "neu": 1.0, "pos": 0.0, "compound": 0.0}, "title_keywords": {"Donald": 1, "Trump": 1, "slain": 1, "officer": 1, "mortgage": 1}, "description_keywords": {"Apparent": 1, "source": 1, "claim": 1, "Trump": 3, "slain": 1, "officer": 2, "mortgage": 3, "statement": 1, "Right-wing": 1, "news": 1, "outlets": 1, "MAGA": 1, "influencers": 1, "quick": 1, "rumors": 1, "Donald": 2, "New": 1, "York": 1, "police": 1, "Jonathan": 1, "Diller": 2, "true": 1, "organization": 1, "Tunnel": 1, "Towers": 1, "Foundation": 1, "Has": 1, "nothing": 1}, "comment_keywords": {"Donald": 1, "Trump": 1, "anything": 1}}, {"title": "Donald Trump did not paid off slain officer's mortgage.", "description": "Apparent source of claim that Trump paid off slain officer's mortgage walks back statement.\n\nRight-wing news outlets and MAGA influencers were quick to jump on rumors that Donald Trump had paid off the mortgage of fallen New York police officer Jonathan Diller, but it appears that's simply not true.\n\nDiller's mortgage was paid off, but it was by an organization called Tunnel to Towers Foundation.\nHas absolutely nothing to do with Donald Trump.\n", "comment": "I'll bet the group are a bunch of morons that support him", "title_sentiment": {"neg": 0.0, "neu": 1.0, "pos": 0.0, "compound": 0.0}, "description_sentiment": {"neg": 0.063, "neu": 0.937, "pos": 0.0, "compound": -0.5787}, "comment_sentiment": {"neg": 0.164, "neu": 0.643, "pos": 0.193, "compound": 0.1027}, "title_keywords": {"Donald": 1, "Trump": 1, "slain": 1, "officer": 1, "mortgage": 1}, "description_keywords": {"Apparent": 1, "source": 1, "claim": 1, "Trump": 3, "slain": 1, "officer": 2, "mortgage": 3, "statement": 1, "Right-wing": 1, "news": 1, "outlets": 1, "MAGA": 1, "influencers": 1, "quick": 1, "rumors": 1, "Donald": 2, "New": 1, "York": 1, "police": 1, "Jonathan": 1, "Diller": 2, "true": 1, "organization": 1, "Tunnel": 1, "Towers": 1, "Foundation": 1, "Has": 1, "nothing": 1}, "comment_keywords": {"group": 1, "bunch": 1, "morons": 1}}, {"title": "Donald Trump did not paid off slain officer's mortgage.", "description": "Apparent source of claim that Trump paid off slain officer's mortgage walks back statement.\n\nRight-wing news outlets and MAGA influencers were quick to jump on rumors that Donald Trump had paid off the mortgage of fallen New York police officer Jonathan Diller, but it appears that's simply not true.\n\nDiller's mortgage was paid off, but it was by an organization called Tunnel to Towers Foundation.\nHas absolutely nothing to do with Donald Trump.\n", "comment": "Yeah I didn't buy that and neither did Drumph", "title_sentiment": {"neg": 0.0, "neu": 1.0, "pos": 0.0, "compound": 0.0}, "description_sentiment": {"neg": 0.063, "neu": 0.937, "pos": 0.0, "compound": -0.5787}, "comment_sentiment": {"neg": 0.0, "neu": 0.761, "pos": 0.239, "compound": 0.296}, "title_keywords": {"Donald": 1, "Trump": 1, "slain": 1, "officer": 1, "mortgage": 1}, "description_keywords": {"Apparent": 1, "source": 1, "claim": 1, "Trump": 3, "slain": 1, "officer": 2, "mortgage": 3, "statement": 1, "Right-wing": 1, "news": 1, "outlets": 1, "MAGA": 1, "influencers": 1, "quick": 1, "rumors": 1, "Donald": 2, "New": 1, "York": 1, "police": 1, "Jonathan": 1, "Diller": 2, "true": 1, "organization": 1, "Tunnel": 1, "Towers": 1, "Foundation": 1, "Has": 1, "nothing": 1}, "comment_keywords": {"Drumph": 1}}, {"title": "Republican admits impeachment probe hasn't found any crime by Joe Biden", "description": "", "comment": "How much money has been spent on this already??", "title_sentiment": {"neg": 0.0, "neu": 0.641, "pos": 0.359, "compound": 0.6187}, "description_sentiment": {"neg": 0.0, "neu": 0.0, "pos": 0.0, "compound": 0.0}, "comment_sentiment": {"neg": 0.0, "neu": 1.0, "pos": 0.0, "compound": 0.0}, "title_keywords": {"Republican": 1, "admits": 1, "impeachment": 1, "probe": 1, "crime": 1, "Joe": 1, "Biden": 1}, "description_keywords": {}, "comment_keywords": {"much": 1, "money": 1}}, {"title": "Republican admits impeachment probe hasn't found any crime by Joe Biden", "description": "", "comment": "\u201cLittle girl admits she didn\u2019t find any pixies in the garden\u201d.    \n    \nYeah no shit.", "title_sentiment": {"neg": 0.0, "neu": 0.641, "pos": 0.359, "compound": 0.6187}, "description_sentiment": {"neg": 0.0, "neu": 0.0, "pos": 0.0, "compound": 0.0}, "comment_sentiment": {"neg": 0.287, "neu": 0.495, "pos": 0.218, "compound": -0.34}, "title_keywords": {"Republican": 1, "admits": 1, "impeachment": 1, "probe": 1, "crime": 1, "Joe": 1, "Biden": 1}, "description_keywords": {}, "comment_keywords": {"\u201c": 1, "Little": 1, "girl": 1, "\u2019": 1, "t": 1, "pixies": 1, "garden": 1, "\u201d": 1, "shit": 1}}, {"title": "Republican admits impeachment probe hasn't found any crime by Joe Biden", "description": "", "comment": "Duh.  Anyone with half a brain knew this was a waste of time and tax payer money and was based on a complete lie.\nVote blue and end this pathetic rapist and his backwards party", "title_sentiment": {"neg": 0.0, "neu": 0.641, "pos": 0.359, "compound": 0.6187}, "description_sentiment": {"neg": 0.0, "neu": 0.0, "pos": 0.0, "compound": 0.0}, "comment_sentiment": {"neg": 0.282, "neu": 0.655, "pos": 0.063, "compound": -0.8853}, "title_keywords": {"Republican": 1, "admits": 1, "impeachment": 1, "probe": 1, "crime": 1, "Joe": 1, "Biden": 1}, "description_keywords": {}, "comment_keywords": {"Duh": 1, "Anyone": 1, "brain": 1, "waste": 1, "time": 1, "tax": 1, "payer": 1, "money": 1, "complete": 1, "lie": 1, "Vote": 1, "blue": 1, "pathetic": 1, "rapist": 1, "backwards": 1, "party": 1}}, {"title": "Republican admits impeachment probe hasn't found any crime by Joe Biden", "description": "", "comment": "They tried to \u201cmanifest\u201d their feelings and nothing happened.", "title_sentiment": {"neg": 0.0, "neu": 0.641, "pos": 0.359, "compound": 0.6187}, "description_sentiment": {"neg": 0.0, "neu": 0.0, "pos": 0.0, "compound": 0.0}, "comment_sentiment": {"neg": 0.0, "neu": 1.0, "pos": 0.0, "compound": 0.0}, "title_keywords": {"Republican": 1, "admits": 1, "impeachment": 1, "probe": 1, "crime": 1, "Joe": 1, "Biden": 1}, "description_keywords": {}, "comment_keywords": {"manifest": 1, "feelings": 1, "nothing": 1}}, {"title": "Republican admits impeachment probe hasn't found any crime by Joe Biden", "description": "", "comment": "\"Republican admits GOP does NOTHING except waste time and money with frivolous bullshit.\"\n\nFixed it for you.", "title_sentiment": {"neg": 0.0, "neu": 0.641, "pos": 0.359, "compound": 0.6187}, "description_sentiment": {"neg": 0.0, "neu": 0.0, "pos": 0.0, "compound": 0.0}, "comment_sentiment": {"neg": 0.0, "neu": 0.768, "pos": 0.232, "compound": 0.5472}, "title_keywords": {"Republican": 1, "admits": 1, "impeachment": 1, "probe": 1, "crime": 1, "Joe": 1, "Biden": 1}, "description_keywords": {}, "comment_keywords": {"Republican": 1, "admits": 1, "GOP": 1, "NOTHING": 1, "waste": 1, "time": 1, "money": 1, "frivolous": 1, "bullshit": 1}}, {"title": "\u2018Bullies\u2019: Biden effigy showcases a Johnson County Republican Party shaped by Trump era", "description": "", "comment": "Depicting Biden bound and gagged in the back of a truck combined with what is posted in this article can only lead to one conclusion.  They are prepping the horde for that \"blood bath\" tRump is calling for.", "title_sentiment": {"neg": 0.0, "neu": 0.803, "pos": 0.197, "compound": 0.4019}, "description_sentiment": {"neg": 0.0, "neu": 0.0, "pos": 0.0, "compound": 0.0}, "comment_sentiment": {"neg": 0.06, "neu": 0.94, "pos": 0.0, "compound": -0.3182}, "title_keywords": {"\u2018": 1, "Bullies": 1, "Biden": 1, "Johnson": 1, "County": 1, "Republican": 1, "Party": 1, "Trump": 1, "era": 1}, "description_keywords": {}, "comment_keywords": {"Biden": 1, "bound": 1, "back": 1, "truck": 1, "article": 1, "conclusion": 1, "horde": 1, "blood": 1, "bath": 1, "tRump": 1}}, {"title": "\u2018Bullies\u2019: Biden effigy showcases a Johnson County Republican Party shaped by Trump era", "description": "", "comment": "How about we steal  the golden false god statue of Trump ( Google it) they all kneel in front of and all piss on it .", "title_sentiment": {"neg": 0.0, "neu": 0.803, "pos": 0.197, "compound": 0.4019}, "description_sentiment": {"neg": 0.0, "neu": 0.0, "pos": 0.0, "compound": 0.0}, "comment_sentiment": {"neg": 0.203, "neu": 0.724, "pos": 0.072, "compound": -0.5859}, "title_keywords": {"\u2018": 1, "Bullies": 1, "Biden": 1, "Johnson": 1, "County": 1, "Republican": 1, "Party": 1, "Trump": 1, "era": 1}, "description_keywords": {}, "comment_keywords": {"golden": 1, "false": 1, "god": 1, "statue": 1, "Trump": 1, "Google": 1, "front": 1}}, {"title": "\u2018Bullies\u2019: Biden effigy showcases a Johnson County Republican Party shaped by Trump era", "description": "", "comment": "Someone needs to come up with one of trump in his depends...", "title_sentiment": {"neg": 0.0, "neu": 0.803, "pos": 0.197, "compound": 0.4019}, "description_sentiment": {"neg": 0.0, "neu": 0.0, "pos": 0.0, "compound": 0.0}, "comment_sentiment": {"neg": 0.0, "neu": 1.0, "pos": 0.0, "compound": 0.0}, "title_keywords": {"\u2018": 1, "Bullies": 1, "Biden": 1, "Johnson": 1, "County": 1, "Republican": 1, "Party": 1, "Trump": 1, "era": 1}, "description_keywords": {}, "comment_keywords": {"Someone": 1, "trump": 1, "depends": 1}}, {"title": "\u2018Bullies\u2019: Biden effigy showcases a Johnson County Republican Party shaped by Trump era", "description": "", "comment": "&gt; Party chairwoman Maria Holiday, declaring that as Republicans \u201cwe are better than this.\u201d\n\nI think she just has to admit that this is exactly who they are: Petty, vindictive, and violent.", "title_sentiment": {"neg": 0.0, "neu": 0.803, "pos": 0.197, "compound": 0.4019}, "description_sentiment": {"neg": 0.0, "neu": 0.0, "pos": 0.0, "compound": 0.0}, "comment_sentiment": {"neg": 0.14, "neu": 0.613, "pos": 0.248, "compound": 0.5267}, "title_keywords": {"\u2018": 1, "Bullies": 1, "Biden": 1, "Johnson": 1, "County": 1, "Republican": 1, "Party": 1, "Trump": 1, "era": 1}, "description_keywords": {}, "comment_keywords": {"gt": 1, "Party": 1, "chairwoman": 1, "Maria": 1, "Holiday": 1, "Republicans": 1, "better": 1, "this.": 1, "\u201d": 1, "Petty": 1, "vindictive": 1, "violent": 1}}, {"title": "Congressional Dems Flirt With Heading Off Supreme Court On Mifepristone", "description": "", "comment": "Excerpts:\n\n\n\nA Grim State of Affairs\n\nIt\u2019s a grim moment for election workers across the country. \n\n\n\nBut, in Maricopa County, Arizona specifically, ground zero for 2020 election misinformation and election worker violence, it\u2019s especially dark. In preparation for November, officials in the state\u2019s largest county have renovated the voting infrastructure in response to extensive violence and threats to workers. The county\u2019s tabulation center, said Maricopa County supervisor Bill Gates, now resembles \u201can encampment\u201d with permanent fencing, barricades, badge requirements to even enter the parking lot of the facility, and metal detectors for entrance into the building. \n\n\n\nThe measures are critical in order to avoid another what Gates describes as a \u201cLollapalooza for the Alt-right.\u201d\n\n\n\nCongressional Democrats Flirt With Heading Off Supreme Court On Mifepristone\n\nJustices Clarence Thomas and Samuel Alito laid the groundwork to a future challenge to abortion drug mifepristone, couched in Tuesday\u2019s arguments over the Food and Drug Administration\u2019s handling of the drug. \n\n\n\nThat original case was clearly dead in the water, its legal standing too dubious for even most of the bench\u2019s right wing to swallow. So Alito and Thomas started signaling to anti-abortion litigants that if they wanted to bring another case \u2014 challenging the legality of mailing mifepristone under the Comstock Act, a 19th century anti-vice law \u2014 they\u2019d be amenable.", "title_sentiment": {"neg": 0.0, "neu": 0.714, "pos": 0.286, "compound": 0.5574}, "description_sentiment": {"neg": 0.0, "neu": 0.0, "pos": 0.0, "compound": 0.0}, "comment_sentiment": {"neg": 0.165, "neu": 0.769, "pos": 0.066, "compound": -0.9811}, "title_keywords": {"Congressional": 1, "Dems": 1, "Flirt": 1, "Heading": 1, "Off": 1, "Supreme": 1, "Court": 1, "Mifepristone": 1}, "description_keywords": {}, "comment_keywords": {"Excerpts": 1, "Grim": 1, "State": 1, "Affairs": 1, "\u2019": 6, "grim": 1, "moment": 1, "election": 3, "workers": 2, "country": 1, "Maricopa": 2, "County": 2, "Arizona": 1, "ground": 1, "misinformation": 1, "worker": 1, "violence": 2, "s": 3, "dark": 1, "preparation": 1, "November": 1, "officials": 1, "state": 1, "largest": 1, "county": 2, "voting": 1, "infrastructure": 1, "response": 1, "extensive": 1, "threats": 1, "tabulation": 1, "center": 1, "supervisor": 1, "Bill": 1, "Gates": 1, "encampment": 1, "\u201d": 2, "permanent": 1, "fencing": 1, "barricades": 1, "badge": 1, "requirements": 1, "parking": 1, "lot": 1, "facility": 1, "metal": 1, "detectors": 1, "entrance": 1, "building": 1, "measures": 1, "critical": 1, "order": 1, "\u201c": 1, "Lollapalooza": 1, "Alt-right.": 1, "Congressional": 1, "Democrats": 1, "Flirt": 1, "Heading": 1, "Off": 1, "Supreme": 1, "Court": 1, "Mifepristone": 1, "Justices": 1, "Clarence": 1, "Thomas": 2, "Samuel": 1, "Alito": 2, "groundwork": 1, "future": 1, "challenge": 1, "abortion": 1, "drug": 2, "mifepristone": 2, "Tuesday": 1, "arguments": 1, "Food": 1, "Drug": 1, "Administration": 1, "handling": 1, "original": 1, "case": 2, "dead": 1, "water": 1, "legal": 1, "standing": 1, "dubious": 1, "most": 1, "bench": 1, "So": 1, "anti-abortion": 1, "litigants": 1, "legality": 1, "Comstock": 1, "Act": 1, "19th": 1, "century": 1, "anti-vice": 1, "law": 1, "\u2014": 1, "amenable": 1}}, {"title": "It must be defeated. Happy Easter", "description": "", "comment": "and selling bibles", "title_sentiment": {"neg": 0.287, "neu": 0.37, "pos": 0.343, "compound": 0.1531}, "description_sentiment": {"neg": 0.0, "neu": 0.0, "pos": 0.0, "compound": 0.0}, "comment_sentiment": {"neg": 0.0, "neu": 1.0, "pos": 0.0, "compound": 0.0}, "title_keywords": {"Happy": 1, "Easter": 1}, "description_keywords": {}, "comment_keywords": {"selling": 1, "bibles": 1}}, {"title": "It must be defeated. Happy Easter", "description": "", "comment": "Why does he look like Alec Baldwin?", "title_sentiment": {"neg": 0.287, "neu": 0.37, "pos": 0.343, "compound": 0.1531}, "description_sentiment": {"neg": 0.0, "neu": 0.0, "pos": 0.0, "compound": 0.0}, "comment_sentiment": {"neg": 0.0, "neu": 0.706, "pos": 0.294, "compound": 0.3612}, "title_keywords": {"Happy": 1, "Easter": 1}, "description_keywords": {}, "comment_keywords": {"Alec": 1, "Baldwin": 1}}, {"title": "It must be defeated. Happy Easter", "description": "", "comment": "Hitler also said he cared about Germany and was gonna return it to its former glory.  Fascists will always wrap their rhetoric in the flag of patriotism.", "title_sentiment": {"neg": 0.287, "neu": 0.37, "pos": 0.343, "compound": 0.1531}, "description_sentiment": {"neg": 0.0, "neu": 0.0, "pos": 0.0, "compound": 0.0}, "comment_sentiment": {"neg": 0.056, "neu": 0.748, "pos": 0.196, "compound": 0.6705}, "title_keywords": {"Happy": 1, "Easter": 1}, "description_keywords": {}, "comment_keywords": {"Hitler": 1, "Germany": 1, "former": 1, "glory": 1, "Fascists": 1, "rhetoric": 1, "flag": 1, "patriotism": 1}}, {"title": "It must be defeated. Happy Easter", "description": "", "comment": "So the Lord died for my sins , he must have put in overtime for this one", "title_sentiment": {"neg": 0.287, "neu": 0.37, "pos": 0.343, "compound": 0.1531}, "description_sentiment": {"neg": 0.0, "neu": 0.0, "pos": 0.0, "compound": 0.0}, "comment_sentiment": {"neg": 0.329, "neu": 0.671, "pos": 0.0, "compound": -0.7823}, "title_keywords": {"Happy": 1, "Easter": 1}, "description_keywords": {}, "comment_keywords": {"Lord": 1, "sins": 1, "overtime": 1}}, {"title": "It must be defeated. Happy Easter", "description": "", "comment": "It will be defeated, vote blue!", "title_sentiment": {"neg": 0.287, "neu": 0.37, "pos": 0.343, "compound": 0.1531}, "description_sentiment": {"neg": 0.0, "neu": 0.0, "pos": 0.0, "compound": 0.0}, "comment_sentiment": {"neg": 0.404, "neu": 0.596, "pos": 0.0, "compound": -0.5255}, "title_keywords": {"Happy": 1, "Easter": 1}, "description_keywords": {}, "comment_keywords": {"blue": 1}}, {"title": "Spread the word everone, so no one forgets!", "description": "", "comment": "And idiotic trade wars that that drove up costs in multiple sectors just before the supply line was hamstrung by COVID.", "title_sentiment": {"neg": 0.311, "neu": 0.689, "pos": 0.0, "compound": -0.4868}, "description_sentiment": {"neg": 0.0, "neu": 0.0, "pos": 0.0, "compound": 0.0}, "comment_sentiment": {"neg": 0.275, "neu": 0.725, "pos": 0.0, "compound": -0.802}, "title_keywords": {"word": 1, "everone": 1, "one": 1}, "description_keywords": {}, "comment_keywords": {"idiotic": 1, "trade": 1, "wars": 1, "costs": 1, "multiple": 1, "sectors": 1, "supply": 1, "line": 1, "hamstrung": 1, "COVID": 1}}, {"title": "Spread the word everone, so no one forgets!", "description": "", "comment": "It\u2019s not \u201cinflation\u201d it\u2019s called corporate greed. The only things inflating are the billionaires wallets.", "title_sentiment": {"neg": 0.311, "neu": 0.689, "pos": 0.0, "compound": -0.4868}, "description_sentiment": {"neg": 0.0, "neu": 0.0, "pos": 0.0, "compound": 0.0}, "comment_sentiment": {"neg": 0.162, "neu": 0.838, "pos": 0.0, "compound": -0.4019}, "title_keywords": {"word": 1, "everone": 1, "one": 1}, "description_keywords": {}, "comment_keywords": {"inflation": 1, "s": 1, "corporate": 1, "greed": 1, "only": 1, "things": 1, "billionaires": 1, "wallets": 1}}, {"title": "Spread the word everone, so no one forgets!", "description": "", "comment": "$880 billion in PPP \u201cloans\u201d that over 75% of which went to top income earners", "title_sentiment": {"neg": 0.311, "neu": 0.689, "pos": 0.0, "compound": -0.4868}, "description_sentiment": {"neg": 0.0, "neu": 0.0, "pos": 0.0, "compound": 0.0}, "comment_sentiment": {"neg": 0.0, "neu": 0.886, "pos": 0.114, "compound": 0.2023}, "title_keywords": {"word": 1, "everone": 1, "one": 1}, "description_keywords": {}, "comment_keywords": {"PPP": 1, "\u201c": 1, "loans": 1, "%": 1, "income": 1, "earners": 1}}, {"title": "Chinese Accounts Posing as Trump Fans Ahead of Election", "description": "", "comment": "Not hard to do.  Trump fans do not have a good grasp of English and do not understand much about the US.  A relatively educated person from any country could easily pose as a Trump fan online.  And that's just a sorry fact about a significant portion of our population. :-)", "title_sentiment": {"neg": 0.0, "neu": 1.0, "pos": 0.0, "compound": 0.0}, "description_sentiment": {"neg": 0.0, "neu": 0.0, "pos": 0.0, "compound": 0.0}, "comment_sentiment": {"neg": 0.07, "neu": 0.739, "pos": 0.191, "compound": 0.6586}, "title_keywords": {"Chinese": 1, "Accounts": 1, "Trump": 1, "Fans": 1, "Ahead": 1, "Election": 1}, "description_keywords": {}, "comment_keywords": {"fans": 1, "good": 1, "grasp": 1, "English": 1, "US": 1, "A": 1, "person": 1, "country": 1, "Trump": 1, "fan": 1, "online": 1, "sorry": 1, "fact": 1, "significant": 1, "portion": 1, "population": 1}}, {"title": "Chinese Accounts Posing as Trump Fans Ahead of Election", "description": "", "comment": "Wow it's almost like Russia and China want Trump as president. Why oh why would they want that?!?! /s", "title_sentiment": {"neg": 0.0, "neu": 1.0, "pos": 0.0, "compound": 0.0}, "description_sentiment": {"neg": 0.0, "neu": 0.0, "pos": 0.0, "compound": 0.0}, "comment_sentiment": {"neg": 0.0, "neu": 0.611, "pos": 0.389, "compound": 0.8201}, "title_keywords": {"Chinese": 1, "Accounts": 1, "Trump": 1, "Fans": 1, "Ahead": 1, "Election": 1}, "description_keywords": {}, "comment_keywords": {"like": 1, "Russia": 1, "China": 1, "Trump": 1, "president": 1, "oh": 1, "/s": 1}}, {"title": "Chinese Accounts Posing as Trump Fans Ahead of Election", "description": "", "comment": "Our enemies are relentless, and they've found massive cracks to exploit. The free world and its supporters must hold strong!", "title_sentiment": {"neg": 0.0, "neu": 1.0, "pos": 0.0, "compound": 0.0}, "description_sentiment": {"neg": 0.0, "neu": 0.0, "pos": 0.0, "compound": 0.0}, "comment_sentiment": {"neg": 0.155, "neu": 0.473, "pos": 0.371, "compound": 0.75}, "title_keywords": {"Chinese": 1, "Accounts": 1, "Trump": 1, "Fans": 1, "Ahead": 1, "Election": 1}, "description_keywords": {}, "comment_keywords": {"enemies": 1, "relentless": 1, "massive": 1, "cracks": 1, "free": 1, "world": 1, "supporters": 1, "strong": 1}}, {"title": "Chinese Accounts Posing as Trump Fans Ahead of Election", "description": "", "comment": "Trump + Fascist Dictatorships = \u2764\ufe0f", "title_sentiment": {"neg": 0.0, "neu": 1.0, "pos": 0.0, "compound": 0.0}, "description_sentiment": {"neg": 0.0, "neu": 0.0, "pos": 0.0, "compound": 0.0}, "comment_sentiment": {"neg": 0.545, "neu": 0.455, "pos": 0.0, "compound": -0.5574}, "title_keywords": {"Chinese": 1, "Accounts": 1, "Trump": 1, "Fans": 1, "Ahead": 1, "Election": 1}, "description_keywords": {}, "comment_keywords": {"Trump": 1, "+": 1, "Fascist": 1, "Dictatorships": 1, "=": 1, "\u2764\ufe0f": 1}}, {"title": "Chinese Accounts Posing as Trump Fans Ahead of Election", "description": "", "comment": "Easy way to combat it. Just post Tiananmen Square Massacre (or similar phrases) in Mandarin, or other related code numbers for the event. The Chinese government people go away VERY quickly. \n\n\u516d\u56db\u5c60\u6bba - June 4th Massacre\n\n8964 - the date of 1989/6/4\n\n\u516d\u56db\u93ae\u58d3 - June 4th Crackdown\n\nVIIV - Roman numerals for 6 and 4, the month and day\n\n\u6c11\u4e3b\u6c99\u9f99 - Democracy Salon, a student group", "title_sentiment": {"neg": 0.0, "neu": 1.0, "pos": 0.0, "compound": 0.0}, "description_sentiment": {"neg": 0.0, "neu": 0.0, "pos": 0.0, "compound": 0.0}, "comment_sentiment": {"neg": 0.039, "neu": 0.915, "pos": 0.047, "compound": 0.128}, "title_keywords": {"Chinese": 1, "Accounts": 1, "Trump": 1, "Fans": 1, "Ahead": 1, "Election": 1}, "description_keywords": {}, "comment_keywords": {"Easy": 1, "way": 1, "Just": 1, "post": 1, "Tiananmen": 1, "Square": 1, "Massacre": 2, "similar": 1, "phrases": 1, "Mandarin": 1, "other": 1, "related": 1, "code": 1, "numbers": 1, "event": 1, "Chinese": 1, "government": 1, "people": 1, "June": 2, "date": 1, "Crackdown": 1, "VIIV": 1, "Roman": 1, "numerals": 1, "month": 1, "day": 1, "\u6c11\u4e3b\u6c99\u9f99": 1, "Democracy": 1, "Salon": 1, "student": 1, "group": 1}}]